,bis_id,name,team,pos,g,xval,owner,rank
0,10155,Mike Trout,LAA,OF,153,1.2712699999999995,Beast Mode,1.0
5,9847,Andrew McCutchen,PIT,OF,151,0.8019099999999995,Jersey Fu's,2.0
3,2036,Clayton Kershaw,LAN,SP,31,0.9825400000000002,Daddy W,3.0
4,4949,Giancarlo Stanton,MIA,OF,149,0.9476099999999992,King Of Chardonnay,4.0
1,1744,Miguel Cabrera,DET,1B/3B,151,1.1264699999999999,Jersey Fu's,5.0
9,9218,Paul Goldschmidt,ARI,1B,148,0.565729999999999,Stiinta Craiova,6.0
2,15676,Jose Abreu,CHA,1B,149,1.1166399999999999,King Of Chardonnay,7.0
13,4881,Carlos Gomez,MIL,OF,151,0.5083199999999999,Team Auto,8.0
6,1887,Jose Bautista,TOR,1B/OF,146,0.7161899999999997,Daddy W,9.0
16,4772,Felix Hernandez,SEA,SP,31,0.4204600000000005,The Alliance,10.0
8,2151,Edwin Encarnacion,TOR,1B,148,0.6108999999999996,You're Out,11.0
12,5417,Jose Altuve,HOU,2B,151,0.5314099999999997,,12.0
20,6368,Adam Jones,BAL,OF,151,0.35457999999999945,Stoolies,13.0
11,3473,Anthony Rizzo,CHN,1B,151,0.5527500000000005,Stiinta Craiova,14.0
7,3531,Troy Tulowitzki,COL,SS,137,0.6278499999999996,Daddy W,15.0
17,10603,Chris Sale,CHA,SP,29,0.4175,The Gladiators,16.0
26,12861,Anthony Rendon,WAS,2B/3B,151,0.2893799999999995,The Alliance,17.0
32,3269,Robinson Cano,SEA,2B,151,0.24946000000000002,,18.0
10,3137,Max Scherzer,WAS,SP,31,0.5603400000000007,King Of Chardonnay,19.0
27,5038,Josh Donaldson,TOR,3B,151,0.2890500000000005,Team Auto,20.0
14,14225,Yasiel Puig,LAN,OF,146,0.47920000000000007,Beast Mode,21.0
42,4106,Michael Brantley,CLE,OF,151,0.1548699999999994,Dugo's Way,22.0
43,3184,David Price,DET,SP,31,0.14570000000000016,You're Out,23.0
25,5524,Madison Bumgarner,SF,SP,31,0.2915000000000012,Jersey Fu's,24.0
23,10131,Stephen Strasburg,WAS,SP,31,0.3111600000000001,,25.0
67,6885,Ian Desmond,WAS,SS,151,-0.039850000000000385,D's Ballers,26.0
15,639,Adrian Beltre,TEX,3B,149,0.4735399999999994,,27.0
53,9166,Buster Posey,SF,C/1B,140,0.06993999999999989,D's Ballers,28.0
29,4727,Jacoby Ellsbury,NYA,OF,146,0.2749800000000002,Rain On 'Em,29.0
21,8001,Hanley Ramirez,BOS,SS,140,0.34623999999999944,Stiinta Craiova,30.0
41,2429,Corey Kluber,CLE,SP,31,0.1609999999999998,Dugo's Way,31.0
22,3410,Ryan Braun,MIL,OF,145,0.3322999999999996,The Gladiators,32.0
35,11579,Bryce Harper,WAS,OF,140,0.22942999999999936,Slow Rollers,33.0
73,6893,Johnny Cueto,CIN,SP,31,-0.06289999999999973,,34.0
36,5361,Freddie Freeman,ATL,1B,151,0.19776999999999978,You're Out,35.0
70,5222,Justin Upton,SD,OF,151,-0.056640000000000246,,36.0
49,13074,Yu Darvish,TEX,SP,29,0.10394000000000037,Slow Rollers,37.0
107,2233,Adam Wainwright,STL,SP,29,-0.22657999999999978,,38.0
66,4930,Jon Lester,CHN,SP,31,-0.02875999999999901,,39.0
65,785,Todd Frazier,CIN,1B/3B,151,-0.028240000000000265,,40.0
38,1908,Adrian Gonzalez,LAN,1B,151,0.18194,Slow Rollers,41.0
45,1943,Zack Greinke,LAN,SP,31,0.13080000000000047,,42.0
37,1736,Jose Reyes,TOR,SS,145,0.1942400000000002,Stoolies,43.0
30,1177,Albert Pujols,LAA,1B,148,0.27178000000000013,Rain On 'Em,44.0
34,393,Victor Martinez,DET,1B,132,0.23622999999999994,,45.0
33,10762,Corey Dickerson,COL,OF,140,0.23877999999999977,,46.0
79,5631,Matt Kemp,SD,OF,141,-0.10640000000000005,,47.0
55,12856,George Springer,HOU,OF,143,0.049020000000000064,,48.0
28,10233,Aroldis Chapman,CIN,RP,57,0.28623999999999983,,49.0
54,10199,Billy Hamilton,CIN,OF,146,0.054669999999999774,Beast Mode,50.0
89,4505,Jordan Zimmermann,WAS,SP,31,-0.1574199999999999,,51.0
40,6655,Craig Kimbrel,ATL,RP,65,0.1754,,52.0
102,4972,Cole Hamels,PHI,SP,31,-0.20185999999999948,,53.0
19,7287,Carlos Gonzalez,COL,OF,132,0.36308000000000007,,54.0
64,8252,Hunter Pence,SF,OF,151,-0.020140000000000047,D's Ballers,55.0
85,8203,Dee Gordon,MIA,2B,151,-0.14037999999999995,,56.0
59,9368,Evan Longoria,TB,3B,151,0.02762999999999982,,57.0
58,6195,Ian Kinsler,DET,2B,149,0.03217999999999943,The Gladiators,58.0
57,9777,Nolan Arenado,COL,3B,144,0.03529999999999944,,59.0
60,2434,Nelson Cruz,SEA,OF,146,0.014510000000000023,Rain On 'Em,60.0
63,7196,Greg Holland,KC,RP,57,-0.014780000000000015,,61.0
123,9810,Brian Dozier,MIN,2B,151,-0.2741600000000002,,62.0
31,9241,Starling Marte,PIT,OF,149,0.2625099999999998,,63.0
206,3254,Jeff Samardzija,CHA,SP,31,-0.5196799999999997,,64.0
39,4613,Prince Fielder,TEX,1B,143,0.1807499999999993,The Alliance,65.0
46,11713,Matt Harvey,NYN,SP,28,0.12096000000000062,Dugo's Way,66.0
126,7870,Jonathan Lucroy,MIL,C/1B,134,-0.27537000000000056,,67.0
74,9785,Kyle Seager,SEA,3B,151,-0.06543999999999972,,68.0
18,745,David Ortiz,BOS,1B,144,0.4163999999999999,Stoolies,69.0
50,4314,Joey Votto,CIN,1B,148,0.10302999999999951,Team Auto,70.0
226,6797,Julio Teheran,ATL,SP,31,-0.5765800000000001,,71.0
56,13110,Yoenis Cespedes,DET,OF,140,0.04104999999999981,,72.0
81,3096,Kenley Jansen,LAN,RP,49,-0.11203999999999992,,73.0
91,2396,Carlos Santana,CLE,C/1B/3B,146,-0.15856999999999988,,74.0
215,5666,Devin Mesoraco,CIN,C,126,-0.5364200000000001,,75.0
159,6562,Alex Cobb,TB,SP,29,-0.4017599999999997,,76.0
44,4940,Jason Heyward,STL,OF,149,0.14157999999999982,,77.0
47,1873,Matt Holliday,STL,OF,149,0.1109300000000002,,78.0
114,9776,Jason Kipnis,CLE,2B,149,-0.25005999999999995,,79.0
61,7859,Charlie Blackmon,COL,OF,140,0.0044400000000002215,,80.0
278,12768,Sonny Gray,OAK,SP,31,-0.6966600000000003,,81.0
152,4153,Jake Arrieta,CHN,SP,29,-0.37987999999999955,,82.0
99,8241,David Robertson,CHA,RP,65,-0.18787999999999982,,83.0
72,11477,Christian Yelich,MIA,OF,151,-0.06279000000000012,,84.0
110,7059,James Shields,SD,SP,31,-0.24168000000000034,,85.0
95,15764,Masahiro Tanaka,NYA,SP,28,-0.1784799999999993,,86.0
167,13125,Gerrit Cole,PIT,SP,29,-0.42703999999999964,,87.0
137,13048,Hisashi Iwakuma,SEA,SP,29,-0.31179999999999963,,88.0
239,10954,Jacob deGrom,NYN,SP,29,-0.6228599999999997,,89.0
97,6216,Dellin Betances,NYA,RP,65,-0.1833800000000001,,90.0
168,13781,Alex Wood,ATL,SP,29,-0.4366199999999998,,91.0
71,3787,David Wright,NYN,3B,149,-0.062110000000000776,,92.0
132,10745,Trevor Rosenthal,STL,RP,57,-0.3045,,93.0
101,11003,Evan Gattis,HOU,C,138,-0.19396000000000013,,94.0
125,4264,Mark Melancon,PIT,RP,65,-0.2751000000000001,,95.0
222,7872,Tyson Ross,SD,SP,29,-0.5618599999999998,,96.0
98,9892,Jay Bruce,CIN,OF,149,-0.1875199999999997,,97.0
52,8370,Dustin Pedroia,BOS,2B,148,0.08358999999999961,,98.0
76,5209,Alex Gordon,KC,OF,151,-0.06951000000000018,,99.0
116,6184,J.D. Martinez,DET,OF,126,-0.2540600000000004,,100.0
151,6632,Carlos Carrasco,CLE,SP,28,-0.37941999999999987,,101.0
86,8202,Josh Harrison,PIT,2B/SS/3B/OF,140,-0.1444099999999997,,102.0
232,9627,Yan Gomes,CLE,C,128,-0.5908300000000004,,103.0
190,7304,Salvador Perez,KC,C,134,-0.4933400000000001,,104.0
134,5133,Alexei Ramirez,CHA,SS,151,-0.3055900000000005,,105.0
68,11200,Kole Calhoun,LAA,OF,144,-0.047130000000000116,,106.0
62,14221,Jorge Soler,CHN,OF,146,-0.004910000000000192,,107.0
185,8258,Huston Street,LAA,RP,57,-0.47512,,108.0
192,7448,Gio Gonzalez,WAS,SP,29,-0.49529999999999985,,109.0
124,8090,Matt Carpenter,STL,3B,151,-0.27490999999999977,,110.0
147,13611,Mookie Betts,BOS,2B/OF,114,-0.36700999999999984,,111.0
120,12183,Cody Allen,CLE,RP,65,-0.2658800000000002,,112.0
84,6876,Mark Trumbo,ARI,1B/OF,143,-0.1342700000000001,,113.0
83,4220,Ryan Zimmerman,WAS,1B/3B/OF,143,-0.11575000000000002,,114.0
119,6483,Steve Cishek,MIA,RP,65,-0.2651399999999997,,115.0
207,2520,Lance Lynn,STL,SP,31,-0.5202399999999994,,116.0
24,5409,Pablo Sandoval,BOS,3B,151,0.3003999999999998,,117.0
108,9911,Chris Carter,HOU,1B/OF,140,-0.23995000000000033,,118.0
75,9227,Koji Uehara,BOS,RP,62,-0.06900000000000006,,119.0
255,7007,Yadier Molina,STL,C,124,-0.6501000000000003,,120.0
158,3240,Zach Britton,BAL,RP,65,-0.40096,,121.0
104,8709,Elvis Andrus,TEX,SS,151,-0.20432000000000006,,122.0
139,4579,Starlin Castro,CHN,SS,146,-0.3233600000000003,,123.0
161,12532,Kolten Wong,STL,2B,146,-0.4135200000000001,,124.0
69,9272,Chris Davis,BAL,1B/3B,138,-0.05277999999999983,,125.0
131,1636,Cliff Lee,PHI,SP,28,-0.29819999999999935,,126.0
100,14444,Hyun-Jin Ryu,LAN,SP,29,-0.18827999999999978,,127.0
90,17016,Rusney Castillo,BOS,OF,140,-0.15806999999999993,,128.0
96,4712,Ben Revere,PHI,OF,149,-0.18240000000000056,,129.0
204,7450,Phil Hughes,MIN,SP,31,-0.5171399999999997,,130.0
166,4810,Brian McCann,NYA,C/1B,126,-0.42635000000000023,,131.0
130,10324,Marcell Ozuna,MIA,OF,144,-0.29263000000000017,,132.0
164,494,Fernando Rodney,SEA,RP,57,-0.42290000000000005,,133.0
193,6983,Drew Storen,WAS,RP,65,-0.4953800000000001,,134.0
94,11493,Manny Machado,BAL,3B,139,-0.1778299999999995,,135.0
332,8700,Justin Verlander,DET,SP,31,-0.7742799999999994,,136.0
88,7539,Neil Walker,PIT,2B,144,-0.1565100000000006,,137.0
171,10322,Danny Santana,MIN,SS/OF,144,-0.4476800000000003,,138.0
136,1904,Adam LaRoche,CHA,1B,138,-0.3109500000000005,,139.0
194,5975,Jonathan Papelbon,PHI,RP,57,-0.49788,,140.0
129,8041,Glen Perkins,MIN,RP,57,-0.2923600000000003,,141.0
135,4316,Daniel Murphy,NYN,2B/3B,149,-0.30628000000000055,,142.0
128,7435,Ben Zobrist,OAK,2B/SS/OF,144,-0.2893999999999999,,143.0
195,9784,Garrett Richards,LAA,SP,27,-0.4993400000000001,,144.0
179,2502,Lucas Duda,NYN,1B,144,-0.46774000000000004,,145.0
424,4235,Jered Weaver,LAA,SP,31,-0.86772,,146.0
189,630111,Yasmany Tomas,ARI,OF,132,-0.4917100000000001,,147.0
247,10310,Zack Wheeler,NYN,SP,31,-0.6389799999999997,,148.0
51,4022,Melky Cabrera,CHA,OF,148,0.0963699999999994,,149.0
191,971,Jimmy Rollins,LAN,SS,146,-0.49353999999999987,,150.0
175,1327,Jayson Werth,WAS,OF,104,-0.45459000000000027,,151.0
180,14078,Michael Wacha,STL,SP,28,-0.46858,,152.0
283,11855,Yordano Ventura,KC,SP,29,-0.7037800000000001,,153.0
105,9927,Brett Gardner,NYA,OF,146,-0.2222900000000001,,154.0
210,3284,Anibal Sanchez,DET,SP,28,-0.5233400000000006,,155.0
649,4298,Matt Wieters,BAL,C,97,-1.0214100000000002,,156.0
254,9425,Doug Fister,WAS,SP,29,-0.6483800000000002,,157.0
142,12907,Gregory Polanco,PIT,OF,140,-0.33572000000000046,,158.0
178,13431,Marcus Stroman,TOR,SP,29,-0.46498000000000084,,159.0
334,8782,Andrew Cashner,SD,SP,29,-0.7757399999999999,,160.0
106,9393,Matt Adams,STL,1B,138,-0.2264200000000003,,161.0
213,6986,Ian Kennedy,SD,SP,31,-0.5337999999999992,,162.0
157,4229,Howie Kendrick,LAN,2B,149,-0.3967200000000002,,163.0
154,8002,Wilin Rosario,COL,C,113,-0.38875000000000015,,164.0
500,3815,Mat Latos,MIA,SP,28,-0.9266799999999995,,165.0
92,15429,Kris Bryant,CHN,3B,117,-0.16252,,166.0
82,3174,Shin-Soo Choo,TEX,OF,143,-0.11210000000000031,,167.0
163,2090,Alex Rios,KC,OF,140,-0.4222100000000002,,168.0
221,12979,Javier Baez,CHN,2B/SS,128,-0.5607700000000002,,169.0
127,4467,Brandon Moss,CLE,1B/OF,128,-0.2874599999999998,,170.0
227,5372,Michael Pineda,NYA,SP,28,-0.5828599999999993,,171.0
111,11846,Leonys Martin,TEX,OF,146,-0.2419500000000001,,172.0
304,6345,Chris Archer,TB,SP,31,-0.7438199999999995,,173.0
117,1437,Joaquin Benoit,SD,RP,57,-0.2603200000000001,,174.0
87,8347,Denard Span,WAS,OF,146,-0.15127000000000024,,175.0
188,2391,Hector Rondon,CHN,RP,57,-0.4899800000000001,,176.0
274,4776,Matt Shoemaker,LAA,SP,29,-0.6902399999999995,,177.0
115,7754,Mike Fiers,MIL,SP,28,-0.2508199999999994,,178.0
78,3516,Eric Hosmer,KC,1B,144,-0.08213000000000048,,179.0
156,11530,Jose Fernandez,MIA,SP,14,-0.39607999999999954,,180.0
261,11423,Jose Quintana,CHA,SP,31,-0.6650399999999996,,181.0
145,12161,Xander Bogaerts,BOS,SS/3B,146,-0.35575000000000023,,182.0
133,1581,Sean Doolittle,OAK,RP,46,-0.30479999999999985,,183.0
200,5933,Jean Segura,MIL,SS,140,-0.5092400000000004,,184.0
233,6310,Alcides Escobar,KC,SS,151,-0.59242,,185.0
183,8362,Homer Bailey,CIN,SP,29,-0.4723799999999996,,186.0
253,7531,Collin McHugh,HOU,SP,29,-0.6480200000000003,,187.0
291,2873,Santiago Casilla,SF,RP,57,-0.7225400000000002,,188.0
169,10586,Addison Reed,ARI,RP,57,-0.43877999999999995,,189.0
103,10264,Brandon Belt,SF,1B,143,-0.20423000000000036,,190.0
48,1737,Justin Morneau,COL,1B,138,0.10739999999999972,,191.0
150,11760,Drew Smyly,TB,SP,31,-0.37902000000000013,,192.0
214,4897,Scott Kazmir,OAK,SP,29,-0.535239999999999,,193.0
266,18,Neftali Feliz,TEX,RP,57,-0.67662,,194.0
341,7739,Travis d'Arnaud,NYN,C,118,-0.7876800000000002,,195.0
165,10047,Wil Myers,SD,OF,143,-0.4246700000000003,,196.0
264,11899,Joc Pederson,LAN,OF,128,-0.67469,,197.0
205,1433,Wilson Ramos,WAS,C,124,-0.5186800000000003,,198.0
217,9256,A.J. Pollock,ARI,OF,137,-0.5424300000000004,,199.0
302,4616,Russell Martin,TOR,C,120,-0.7408500000000002,,200.0
182,3201,Francisco Liriano,PIT,SP,29,-0.47031999999999985,,201.0
209,1738,Jhonny Peralta,STL,SS,146,-0.52302,,202.0
540,3364,Miguel Montero,CHN,C,120,-0.9480000000000002,,203.0
428,8753,Tanner Roark,WAS,SP,36,-0.8704200000000004,,204.0
327,9434,Dallas Keuchel,HOU,SP,31,-0.7678799999999992,,205.0
257,1122,Joe Nathan,DET,RP,57,-0.6569800000000001,,206.0
112,9957,Steve Pearce,BAL,1B/OF,126,-0.24573000000000023,,207.0
216,1679,Chase Utley,PHI,2B,144,-0.5397500000000004,,208.0
113,9112,Khris Davis,MIL,OF,140,-0.24967000000000006,,209.0
187,9077,Lorenzo Cain,KC,OF,138,-0.4880000000000002,,210.0
121,7550,Jake McGee,TB,RP,53,-0.27374,,211.0
162,4082,Erick Aybar,LAA,SS,149,-0.4177500000000003,,212.0
212,1534,Michael Cuddyer,NYN,1B/OF,136,-0.5317500000000002,,213.0
80,5760,Avisail Garcia,CHA,OF,148,-0.10796000000000028,,214.0
143,1002,Aramis Ramirez,MIL,3B,141,-0.34469000000000016,,215.0
238,4090,Luke Gregerson,HOU,RP,65,-0.6174399999999999,,216.0
284,6397,Jake Odorizzi,TB,SP,29,-0.7087199999999996,,217.0
153,6785,Andrew Miller,NYA,RP,65,-0.3807800000000001,,218.0
219,8476,Jenrry Mejia,NYN,RP,57,-0.5503200000000001,,219.0
118,5867,Danny Salazar,CLE,SP,29,-0.2640599999999991,,220.0
711,5279,Chris Tillman,BAL,SP,31,-1.0753999999999995,,221.0
410,11368,Yasmani Grandal,LAN,C/1B,120,-0.8564000000000003,,222.0
313,5640,Tyler Clippard,OAK,RP,65,-0.75394,,223.0
138,4662,Brandon McCarthy,LAN,SP,28,-0.3185399999999996,,224.0
388,1875,Josh Hamilton,LAA,OF,103,-0.84249,,225.0
244,4732,Matt Cain,SF,SP,27,-0.6336999999999995,,226.0
357,13265,Mike Zunino,SEA,C,128,-0.8025600000000002,,227.0
270,950,Marlon Byrd,CIN,OF,138,-0.6835100000000001,,228.0
146,11205,Adam Eaton,CHA,OF,143,-0.3647,,229.0
422,11828,James Paxton,SEA,SP,28,-0.8656799999999998,,230.0
710,6867,Derek Norris,SD,C,121,-1.0732700000000002,,231.0
351,2717,Rick Porcello,BOS,SP,31,-0.80118,,232.0
245,3312,Martin Prado,MIA,2B/3B/OF,144,-0.6355599999999999,,233.0
181,2495,Pedro Alvarez,PIT,1B/3B,128,-0.4690200000000002,,234.0
199,9848,Austin Jackson,SEA,OF,144,-0.5077300000000005,,235.0
252,4962,Asdrubal Cabrera,TB,2B/SS,146,-0.6436700000000004,,237.0
176,1857,Joe Mauer,MIN,1B,141,-0.4553700000000005,,238.0
403,4141,Derek Holland,TEX,SP,31,-0.8522600000000002,,239.0
155,1507,John Lackey,STL,SP,29,-0.3936999999999993,,240.0
93,5667,Steven Souza,TB,OF,140,-0.17258000000000018,,241.0
739,3200,Ervin Santana,MIN,SP,31,-1.1344400000000001,,242.0
490,1245,R.A. Dickey,TOR,SP,31,-0.9203399999999995,,243.0
472,10197,Shelby Miller,ATL,SP,29,-0.90706,,244.0
387,10021,Mike Minor,ATL,SP,28,-0.8411999999999997,,245.0
197,7441,Wade Davis,KC,RP,65,-0.50188,,246.0
246,4747,Curtis Granderson,NYN,OF,143,-0.6366000000000003,,247.0
201,4720,Chase Headley,NYA,1B/3B,138,-0.5095700000000003,,248.0
780,11490,Aaron Sanchez,TOR,SP,19,-1.25328,,249.0
400,14107,Kevin Gausman,BAL,SP,29,-0.8506400000000003,,250.0
692,3708,Rajai Davis,DET,OF,87,-1.04992,,251.0
77,10306,Oswaldo Arcia,MIN,OF,144,-0.07117000000000062,,252.0
144,731,Torii Hunter,MIN,OF,138,-0.3528199999999999,,253.0
196,12910,Ken Giles,PHI,RP,57,-0.49966,,254.0
279,10732,Drew Hutchison,TOR,SP,29,-0.6973999999999998,,255.0
665,7738,Wily Peralta,MIL,SP,29,-1.0305600000000001,,256.0
648,628356,Jung Ho Kang,PIT,SS,106,-1.0212000000000003,,257.0
498,5669,Henderson Alvarez,MIA,SP,28,-0.925,,258.0
344,4759,Jonathan Broxton,MIL,RP,57,-0.7927600000000001,,259.0
208,1201,Carl Crawford,LAN,OF,117,-0.5210100000000002,,260.0
177,10133,Brad Boxberger,TB,RP,57,-0.4571799999999999,,261.0
299,791,Brandon Phillips,CIN,2B,137,-0.73794,,262.0
173,12282,Rougned Odor,TEX,2B,147,-0.45085,,263.0
426,3542,Danny Duffy,KC,SP,26,-0.86968,,264.0
203,2660,Brett Cecil,TOR,RP,65,-0.5164999999999998,,265.0
441,512,A.J. Burnett,PIT,SP,31,-0.8811599999999997,,267.0
228,9817,Sergio Romo,SF,RP,65,-0.5860800000000002,,268.0
363,11682,Carlos Martinez,STL,SP,28,-0.8091600000000001,,269.0
418,11836,Taijuan Walker,SEA,SP,16,-0.86262,,270.0
198,3035,Michael Morse,MIA,1B/OF,132,-0.5071300000000001,,271.0
259,3797,J.J. Hardy,BAL,SS,146,-0.6616400000000002,,272.0
141,7399,Billy Butler,OAK,1B,146,-0.33309000000000033,,273.0
773,7312,Josh Collmenter,ARI,SP,29,-1.2308400000000004,,274.0
296,10816,Jedd Gyorko,SD,2B,136,-0.7317500000000001,,275.0
122,3057,Mike Napoli,BOS,1B,138,-0.2739400000000001,,276.0
140,4020,Yusmeiro Petit,SF,SP,28,-0.32884000000000013,,277.0
830,3179,Dioner Navarro,TOR,C,74,-1.45871,,278.0
149,5247,Brett Lawrie,OAK,2B/3B,136,-0.37287000000000026,,279.0
148,12101,Kennys Vargas,MIN,1B,134,-0.37097000000000024,,280.0
109,1572,Coco Crisp,OAK,OF,137,-0.24035000000000029,,281.0
743,739,Kyle Lohse,MIL,SP,31,-1.1428199999999995,,282.0
184,589,Carlos Beltran,NYA,OF,125,-0.47417,,283.0
174,11737,Nick Castellanos,DET,3B,147,-0.45301000000000013,,284.0
604,10711,Arismendy Alcantara,CHN,2B/OF,114,-0.9812700000000001,,285.0
211,12533,Marcus Semien,OAK,2B/3B,140,-0.5296700000000001,,286.0
307,10339,Scooter Gennett,MIL,2B,128,-0.7480300000000002,,287.0
668,8722,Jason Castro,HOU,C,128,-1.03268,,288.0
349,10847,Andrelton Simmons,ATL,SS,151,-0.7982300000000002,,289.0
979,13176,Blake Swihart,BOS,C,42,-1.80635,,290.0
558,12797,Dalton Pompey,TOR,OF,114,-0.9584600000000001,,291.0
186,1965,Desmond Jennings,TB,OF,140,-0.48306000000000004,,292.0
919,14161,Byron Buxton,MIN,OF,29,-1.7337099999999999,,293.0
746,8259,Kurt Suzuki,MIN,C,121,-1.1469700000000003,,294.0
293,5448,Jesse Chavez,OAK,SP,32,-0.72532,,296.0
867,2155,Alfredo Simon,DET,SP,29,-1.5945799999999997,,297.0
429,11426,Drew Pomeranz,OAK,SP,24,-0.8714000000000002,,298.0
241,1609,Omar Infante,KC,2B,137,-0.6243200000000004,,299.0
621,8779,Wade Miley,BOS,SP,31,-0.992019999999999,,300.0
285,13071,Wei-Yin Chen,BAL,SP,31,-0.71364,,302.0
563,10547,Jimmy Nelson,MIL,SP,24,-0.9604999999999997,,303.0
614,6012,Didi Gregorius,NYA,2B/SS,140,-0.9880199999999999,,304.0
411,7355,Casey Janssen,WAS,RP,57,-0.8582599999999999,,305.0
249,3132,Tony Watson,PIT,RP,65,-0.6400800000000002,,306.0
744,5557,Jarrod Saltalamacchia,MIA,C,120,-1.1431600000000002,,307.0
854,9345,Brock Holt,BOS,1B/2B/SS/3B/OF,64,-1.5565600000000002,,308.0
250,5930,Nick Markakis,ATL,OF,140,-0.6407400000000003,,309.0
707,11936,Joe Panik,SF,2B,140,-1.0708799999999998,,310.0
837,5986,Mike Aviles,CLE,2B/SS/3B/OF,81,-1.48673,,311.0
421,12049,Kyle Hendricks,CHN,SP,24,-0.8643999999999998,,312.0
890,6589,Sean Rodriguez,PIT,1B/2B/3B/OF,64,-1.65786,,313.0
712,5343,Brandon Crawford,SF,SS,151,-1.0771900000000003,,314.0
323,10030,Chris Owings,ARI,2B/SS,143,-0.7596400000000001,,315.0
248,4892,Mike Moustakas,KC,3B,140,-0.64008,,316.0
460,5000,Stephen Vogt,OAK,C/1B/OF,121,-0.89812,,317.0
753,12703,Trevor Bauer,CLE,SP,31,-1.16146,,318.0
260,7462,Trevor Plouffe,MIN,3B,138,-0.66202,,319.0
280,10099,Dustin Ackley,SEA,OF,140,-0.6982800000000002,,320.0
372,3281,Joe Smith,LAA,RP,65,-0.8197000000000001,,321.0
237,9981,Michael Saunders,TOR,OF,125,-0.6135800000000002,,322.0
401,5227,Jon Jay,STL,OF,128,-0.8513100000000002,,323.0
642,11167,Josh Rutledge,LAA,2B/SS/3B,128,-1.01445,,324.0
470,2154,Ryan Howard,PHI,1B,125,-0.9032000000000002,,325.0
225,1051,Jake Peavy,SF,SP,28,-0.5747399999999994,,326.0
775,5887,John Jaso,TB,C,97,-1.2361,,327.0
772,4054,Emilio Bonifacio,CHA,2B/3B/OF,95,-1.2255200000000002,,328.0
172,3892,Josh Reddick,OAK,OF,141,-0.45004,,329.0
714,12179,Maikel Franco,PHI,1B/3B,104,-1.0782000000000003,,330.0
220,4062,Dexter Fowler,CHN,OF,137,-0.5514400000000002,,331.0
566,4969,Luis Valbuena,HOU,2B/3B,120,-0.9620000000000002,,332.0
756,4866,Jarrod Dyson,KC,OF,87,-1.1711900000000002,,333.0
849,5235,Justin Turner,LAN,2B/SS/3B,72,-1.5345300000000002,,334.0
223,8027,Adam Lind,MIL,1B,125,-0.5641399999999999,,335.0
262,6033,Kelvin Herrera,KC,RP,65,-0.66646,,336.0
587,3340,Matt Garza,MIL,SP,28,-0.9756199999999995,,337.0
745,9132,Nathan Eovaldi,NYA,SP,29,-1.1465799999999997,,338.0
356,729,LaTroy Hawkins,COL,RP,57,-0.8020399999999999,,339.0
321,1191,Chris Johnson,ATL,3B,140,-0.75898,,340.0
282,9549,David Freese,LAA,3B,138,-0.70112,,341.0
701,3580,C.J. Wilson,LAA,SP,29,-1.0635399999999995,,342.0
330,4682,Pat Neshek,HOU,RP,57,-0.7718400000000002,,343.0
315,13510,Jose Ramirez,CLE,2B/SS,129,-0.7552400000000006,,344.0
229,12555,Tony Cingrani,CIN,SP,26,-0.5873199999999996,,345.0
484,921,Tim Hudson,SF,SP,28,-0.9150399999999999,,346.0
346,10130,Mike Leake,CIN,SP,31,-0.7946799999999994,,347.0
503,5861,Jason Motte,CHN,RP,41,-0.9284399999999999,,348.0
805,3990,Edinson Volquez,KC,SP,29,-1.36148,,349.0
799,8173,Yovani Gallardo,TEX,SP,31,-1.3443999999999998,,350.0
382,5705,Tim Lincecum,SF,SP,29,-0.8344199999999999,,351.0
786,9761,Joe Kelly,BOS,SP,32,-1.2669800000000004,,352.0
538,3543,Clay Buchholz,BOS,SP,29,-0.9472600000000002,,353.0
531,6086,Casey McGehee,SF,3B,140,-0.9447400000000004,,354.0
905,3917,Dayan Viciedo,FA,OF,42,-1.7042599999999999,,355.0
762,5015,Melvin Upton,ATL,OF,106,-1.1969699999999999,,356.0
224,6104,Aaron Hill,ARI,2B/3B,144,-0.5721799999999997,,357.0
596,11265,Jonathan Schoop,BAL,2B/3B,129,-0.9785599999999999,,358.0
240,4538,Jason Hammel,CHN,SP,29,-0.6229000000000005,,359.0
549,6547,Jordy Mercer,PIT,SS,128,-0.9539600000000004,,360.0
269,3321,Darren O'Day,BAL,RP,65,-0.6825199999999998,,361.0
160,2918,Angel Pagan,SF,OF,140,-0.4034600000000004,,362.0
263,1281,Mark Teixeira,NYA,1B,126,-0.6674400000000003,,363.0
368,6941,Joakim Soria,DET,RP,57,-0.81604,,364.0
294,404,CC Sabathia,NYA,SP,28,-0.7277799999999999,,365.0
774,225,Mark Buehrle,TOR,SP,31,-1.2341399999999993,,366.0
432,15010,Corey Knebel,TEX,RP,24,-0.8727800000000001,,367.0
234,8610,Kendrys Morales,KC,1B,128,-0.5978800000000002,,368.0
267,3371,Alejandro De Aza,BAL,OF,121,-0.6796100000000003,,369.0
306,9323,Patrick Corbin,ARI,SP,11,-0.7475400000000002,,370.0
734,10756,Shane Greene,DET,SP,32,-1.1262999999999999,,371.0
170,7571,Lonnie Chisenhall,CLE,1B/3B,140,-0.4426700000000001,,372.0
335,4418,Jed Lowrie,HOU,SS,138,-0.7775800000000002,,373.0
709,13287,Jesse Hahn,OAK,SP,24,-1.0727,,374.0
347,11762,Noah Syndergaard,NYN,SP,11,-0.7952599999999999,,375.0
760,9134,Tyler Flowers,CHA,C,120,-1.19074,,376.0
314,9893,Colby Rasmus,HOU,OF,125,-0.7551400000000001,,377.0
809,1274,Alex Rodriguez,NYA,3B,87,-1.38204,,378.0
791,3142,Robinson Chirinos,TEX,C,97,-1.28965,,379.0
844,12409,Ryan Rua,TEX,1B/OF,74,-1.5080900000000002,,380.0
789,9328,Drew Stubbs,COL,OF,74,-1.2758099999999999,,381.0
218,3154,Domonic Brown,PHI,OF,140,-0.5431600000000001,,382.0
447,375,Bartolo Colon,NYN,SP,29,-0.8882400000000001,,383.0
556,10441,Jon Singleton,HOU,1B,121,-0.9568700000000001,,384.0
392,12360,Kevin Quackenbush,SD,RP,57,-0.84572,,385.0
843,12916,Francisco Lindor,CLE,SS,62,-1.50724,,386.0
308,1677,Shane Victorino,BOS,OF,106,-0.74895,,387.0
251,13075,Nori Aoki,SF,OF,132,-0.6421000000000001,,388.0
202,4556,James Loney,TB,1B,151,-0.51552,,389.0
737,3433,Allen Craig,BOS,1B/OF,87,-1.1305,,390.0
365,9492,Bud Norris,BAL,SP,28,-0.8112999999999999,,391.0
519,8044,Jason Vargas,KC,SP,31,-0.9390799999999997,,392.0
243,6387,Michael Bourn,CLE,OF,141,-0.6285700000000003,,393.0
448,15423,Andrew Heaney,LAA,SP,16,-0.8884599999999998,,394.0
616,5384,Juan Lagares,NYN,OF,138,-0.9882800000000003,,395.0
352,9926,Bobby Parnell,NYN,RP,29,-0.8012,,396.0
845,13593,Jose Peraza,ATL,SS,62,-1.51667,,397.0
380,13475,Daniel Norris,TOR,SP,29,-0.8321999999999998,,400.0
644,5827,Wilmer Flores,NYN,2B/SS,115,-1.0167700000000002,,401.0
431,2170,Chad Qualls,HOU,RP,49,-0.8725399999999999,,402.0
814,5275,Francisco Cervelli,PIT,C/1B,105,-1.3917800000000002,,403.0
802,10028,Christian Bethancourt,ATL,C,107,-1.35954,,405.0
723,2616,Zack Cozart,CIN,SS,146,-1.09085,,406.0
256,2136,David Peralta,ARI,OF,128,-0.6566400000000001,,407.0
792,12546,C.J. Cron,LAA,1B,88,-1.2897200000000002,,408.0
713,2579,Carlos Ruiz,PHI,C,118,-1.0776200000000002,,409.0
761,5097,Anthony Gose,DET,OF,97,-1.1930800000000001,,410.0
823,1451,Aaron Harang,PHI,SP,29,-1.43286,,411.0
355,8223,Brett Anderson,LAN,SP,17,-0.8020399999999998,,412.0
764,1259,Colby Lewis,TEX,SP,23,-1.1989799999999995,,413.0
377,7331,Seth Smith,SEA,OF,128,-0.82826,,414.0
286,6475,Kevin Jepsen,TB,RP,65,-0.7155200000000002,,415.0
803,2072,Jeremy Guthrie,KC,SP,31,-1.3607799999999997,,416.0
319,9009,Conor Gillaspie,CHA,3B,140,-0.7574700000000005,,417.0
751,8267,Chris Iannetta,LAA,C,121,-1.15841,,418.0
703,7476,Alex Avila,DET,C,120,-1.0661800000000001,,419.0
1031,13288,Peter O'Brien,ARI,DH,21,-1.8682299999999998,,420.0
275,2830,Travis Snider,BAL,OF,113,-0.6917900000000001,,421.0
231,9205,Logan Morrison,SEA,1B/OF,130,-0.5885900000000002,,422.0
765,4922,Ender Inciarte,ARI,OF,97,-1.2074100000000003,,423.0
798,10304,Jarred Cosart,MIA,SP,28,-1.3252199999999992,,424.0
817,3648,Rene Rivera,TB,C,97,-1.4130099999999999,,425.0
800,5352,Yangervis Solarte,SD,2B/SS/3B/OF,97,-1.3483699999999998,,426.0
437,12775,Brad Miller,SEA,2B/SS,121,-0.8773899999999997,,427.0
807,6265,Andre Ethier,LAN,OF,81,-1.36775,,428.0
242,9874,DJ LeMahieu,COL,2B/3B,146,-0.6284700000000003,,429.0
272,2530,Yonder Alonso,SD,1B,130,-0.6883600000000003,,430.0
680,12917,Dylan Bundy,BAL,SP,7,-1.03692,,431.0
322,11038,Kevin Kiermaier,TB,OF,134,-0.75902,,432.0
911,13809,Micah Johnson,CHA,2B,42,-1.71319,,433.0
848,9883,Jordan Schafer,MIN,OF,64,-1.5344799999999998,,434.0
312,7677,Neil Ramirez,CHN,RP,57,-0.7525799999999999,,435.0
673,11339,Jake Marisnick,HOU,OF,114,-1.0351600000000003,,437.0
738,6570,Tom Koehler,MIA,SP,23,-1.1319999999999997,,438.0
869,9767,James Jones,SEA,OF,64,-1.6014399999999998,,439.0
853,12164,Miguel Sano,MIN,3B,43,-1.5531799999999998,,440.0
771,13329,Jake Lamb,ARI,3B,97,-1.2206100000000002,,441.0
359,3353,Matt Joyce,LAA,OF,128,-0.8054000000000003,,442.0
482,1890,Matt Moore,TB,SP,15,-0.91412,,443.0
870,7619,Mark Reynolds,STL,1B/3B,64,-1.6024599999999998,,444.0
763,9774,Christian Vazquez,BOS,C,107,-1.1969800000000004,,445.0
635,4599,Nick Swisher,CLE,1B/OF,118,-1.0021300000000002,,446.0
415,5114,Jeurys Familia,NYN,RP,57,-0.8615599999999999,,447.0
742,2038,Justin Masterson,BOS,SP,28,-1.1411,,448.0
449,11997,Cody Asche,PHI,3B,126,-0.88899,,449.0
836,6806,Josmil Pinto,MIN,C,74,-1.4846,,450.0
829,9628,Michael McKenry,COL,C,64,-1.45784,,451.0
297,3271,Jordan Walden,STL,RP,57,-0.7327400000000002,,452.0
361,15467,Marco Gonzales,STL,SP,32,-0.80772,,453.0
407,12673,Roenis Elias,SEA,SP,28,-0.8542600000000002,,454.0
290,1757,Dan Haren,MIA,SP,29,-0.7222599999999992,,455.0
345,7410,J.A. Happ,SEA,SP,32,-0.7943,,456.0
609,9794,Rex Brothers,COL,RP,65,-0.98516,,457.0
561,9121,T.J. House,CLE,SP,23,-0.9598399999999999,,458.0
593,8851,Brandon Beachy,LAN,RP,6,-0.9777199999999999,,459.0
459,6435,Vance Worley,PIT,SP,24,-0.8979399999999995,,460.0
747,10459,Adeiny Hechavarria,MIA,SS,144,-1.1473400000000002,,461.0
317,8433,Ike Davis,OAK,1B,128,-0.7552899999999996,,462.0
444,4371,Jeremy Hellickson,ARI,SP,29,-0.88714,,463.0
375,10166,Nick Franklin,TB,2B/SS,140,-0.82456,,465.0
522,8350,A.J. Ramos,MIA,RP,65,-0.9399400000000002,,466.0
696,12918,Archie Bradley,ARI,SP,5,-1.05312,,467.0
333,2714,Garrett Jones,NYA,1B/OF,114,-0.7754700000000001,,468.0
852,3256,Welington Castillo,CHN,C,73,-1.54967,,469.0
230,8501,Danny Farquhar,SEA,RP,65,-0.5876000000000001,,470.0
288,8048,Will Smith,MIL,RP,44,-0.7187399999999999,,471.0
755,9063,Alexi Amarista,SD,2B/SS/3B/OF,140,-1.1695200000000001,,472.0
465,16208,Brandon Finnegan,KC,RP,24,-0.9013599999999999,,473.0
727,9054,Justin Smoak,TOR,1B,97,-1.106,,474.0
303,9948,Mike Dunn,MIA,RP,65,-0.7422,,476.0
783,3376,Nick Hundley,COL,C,88,-1.2599500000000001,,477.0
862,4365,Scott Van Slyke,LAN,1B/OF,64,-1.57867,,478.0
758,4251,Stephen Drew,NYA,2B/SS,120,-1.18127,,479.0
655,10231,Jose Iglesias,DET,SS,126,-1.0236800000000001,,480.0
681,6878,Chris Coghlan,CHN,OF,113,-1.03705,,481.0
822,11489,Michael Taylor,WAS,OF,81,-1.42706,,482.0
607,15675,Miguel Gonzalez,PHI,RP,21,-0.98504,,483.0
608,7024,Miguel Gonzalez,BAL,SP,28,-1.2366599999999999,,483.0
445,454,Juan Uribe,LAN,3B,130,-0.8873899999999999,,484.0
462,8245,J.P. Howell,LAN,RP,65,-0.8993,,485.0
310,3086,Mitch Moreland,TEX,1B,125,-0.7519800000000003,,486.0
547,8110,Bryan Shaw,CLE,RP,65,-0.95272,,487.0
305,1247,Adam Ottavino,COL,RP,65,-0.74526,,488.0
504,7293,Brad Ziegler,ARI,RP,65,-0.92852,,489.0
301,4070,Pedro Strop,CHN,RP,65,-0.7390399999999999,,490.0
475,15033,Kyle Crockett,CLE,RP,49,-0.9095,,491.0
736,11424,Anthony Ranaudo,TEX,SP,23,-1.1299000000000001,,493.0
687,7396,Dillon Gee,NYN,SP,26,-1.04386,,494.0
389,6324,Al Alburquerque,DET,RP,65,-0.8429199999999999,,495.0
287,6895,Chase Anderson,ARI,SP,23,-0.7168400000000004,,496.0
891,10698,Mike Olt,CHN,1B/3B,64,-1.66346,,497.0
316,8844,Antonio Bastardo,PIT,RP,65,-0.75526,,499.0
689,16017,Odrisamer Despaigne,SD,SP,24,-1.0460999999999994,,500.0
391,1918,Matt Thornton,WAS,RP,49,-0.8441000000000001,,501.0
381,13046,Tsuyoshi Wada,CHN,SP,21,-0.83436,,502.0
369,3220,Jean Machi,SF,RP,65,-0.8161,,503.0
851,746,A.J. Pierzynski,ATL,C,87,-1.54792,,504.0
265,521,Jason Grilli,ATL,RP,57,-0.6752,,505.0
811,7002,Will Middlebrooks,SD,3B,95,-1.3859800000000002,,506.0
425,9975,Tom Wilhelmsen,SEA,RP,57,-0.8690199999999998,,507.0
653,4191,Yunel Escobar,WAS,SS,120,-1.0231100000000002,,508.0
776,8553,Gerardo Parra,MIL,OF,88,-1.23626,,509.0
815,3123,Gregor Blanco,SF,OF,88,-1.3937599999999999,,510.0
340,9029,Adam Warren,NYA,RP,65,-0.7869600000000001,,512.0
813,10123,Kyle Gibson,MIN,SP,29,-1.3892599999999995,,514.0
492,3970,Edward Mujica,BOS,RP,57,-0.9224000000000001,,515.0
937,10071,Jonathan Villar,HOU,SS,42,-1.76443,,516.0
258,5003,Jake Diekman,PHI,RP,65,-0.66032,,517.0
904,13132,Andrew Susac,SF,C,64,-1.70289,,519.0
963,14335,Dilson Herrera,NYN,2B,39,-1.79114,,520.0
690,4903,Matt Dominguez,HOU,3B,121,-1.04746,,521.0
619,10811,Mike Foltynewicz,ATL,SP,5,-0.99122,,522.0
479,9417,Kris Medlen,KC,SP,10,-0.9119200000000001,,523.0
591,13050,Anthony DeSclafani,CIN,SP,24,-0.9765399999999995,,524.0
339,9346,Brandon Morrow,SD,SP,26,-0.7834999999999999,,525.0
276,1118,Marco Estrada,TOR,SP,36,-0.6919199999999998,,526.0
936,9308,Josh Phegley,OAK,C,42,-1.76385,,527.0
394,3840,Zach Duke,CHA,RP,65,-0.8459000000000001,,528.0
801,211,Will Venable,SD,OF,81,-1.35376,,529.0
277,4079,Junichi Tazawa,BOS,RP,65,-0.6920800000000001,,530.0
730,12304,Chris Bassitt,OAK,SP,28,-1.1182400000000001,,531.0
877,2505,Hank Conger,HOU,C,74,-1.64694,,532.0
821,7158,Eric Young,ATL,OF,81,-1.4196199999999999,,533.0
496,4676,Charlie Morton,PIT,SP,18,-0.9240000000000003,,534.0
794,2140,Delmon Young,BAL,OF,87,-1.29705,,535.0
916,13862,Devon Travis,TOR,,29,-1.7282799999999998,,536.0
860,10243,Randal Grichuk,STL,OF,64,-1.57302,,537.0
888,5408,Jake Smolinski,TEX,OF,63,-1.65537,,538.0
486,1011,Ryan Vogelsong,SF,SP,23,-0.91524,,539.0
699,2929,Jeff Locke,PIT,SP,24,-1.0610199999999996,,540.0
636,12833,Alex Meyer,MIN,SP,12,-1.0022799999999998,,541.0
806,9571,Craig Gentry,OAK,OF,86,-1.3673000000000002,,542.0
320,13763,Dominic Leone,SEA,RP,57,-0.7580800000000003,,544.0
902,3231,Brayan Pena,CIN,C/1B,64,-1.70173,,545.0
859,8254,Sam Fuld,OAK,OF,72,-1.57114,,546.0
579,3886,Gavin Floyd,CLE,SP,24,-0.9697400000000005,,547.0
338,1157,Tommy Hunter,BAL,RP,57,-0.7810999999999999,,548.0
992,6153,Eduardo Escobar,MIN,2B/SS/3B,42,-1.82137,,549.0
825,13757,Chris Taylor,SEA,SS,88,-1.43673,,550.0
281,7836,Hunter Strickland,SF,RP,49,-0.69836,,551.0
358,12235,Seth Maness,STL,RP,65,-0.8052600000000001,,552.0
766,6035,David Murphy,CLE,OF,96,-1.20761,,553.0
395,10498,Yoervis Medina,SEA,RP,65,-0.8462800000000001,,554.0
991,2073,Jeff Baker,MIA,1B/2B,42,-1.8206799999999999,,555.0
884,1101,Ichiro Suzuki,FA,OF,64,-1.65153,,556.0
386,5766,Bruce Rondon,DET,RP,33,-0.83878,,557.0
342,3926,Casey Fien,MIN,RP,65,-0.7878000000000001,,558.0
721,10534,Jake Petricka,CHA,RP,57,-1.08838,,559.0
1040,5677,A.J. Ellis,LAN,C,41,-1.88607,,560.0
383,8855,Ryan Cook,OAK,RP,57,-0.8348599999999999,,561.0
790,9929,Darin Ruf,PHI,1B/OF,98,-1.2831700000000001,,562.0
390,5985,Randall Delgado,ARI,SP,24,-0.8439200000000001,,563.0
750,15514,Kendall Graveman,OAK,SP,37,-1.1553999999999998,,564.0
658,9080,Zach Putnam,CHA,RP,57,-1.0251000000000001,,565.0
348,3959,David Carpenter,NYA,RP,57,-0.7960400000000001,,566.0
754,9884,Travis Wood,CHN,SP,28,-1.16322,,568.0
787,3336,Alberto Callaspo,ATL,1B/2B/3B,120,-1.26737,,569.0
847,2859,Ross Detwiler,TEX,SP,26,-1.5214599999999994,,570.0
797,1137,Jerome Williams,PHI,SP,32,-1.3248000000000002,,572.0
901,4243,Jose Lobaton,WAS,C,74,-1.7001,,573.0
796,7888,Ryan Flaherty,BAL,2B/SS/3B,97,-1.3187600000000002,,574.0
831,7620,Justin Ruggiano,SEA,OF,72,-1.4699900000000001,,575.0
858,7087,Caleb Joseph,BAL,C,88,-1.5679,,576.0
832,6283,Scott Feldman,HOU,SP,28,-1.4788599999999998,,577.0
402,8137,Jaime Garcia,STL,SP,5,-0.8518600000000001,,578.0
289,10354,Robbie Erlin,SD,SP,29,-0.7202999999999999,,579.0
469,12760,Rafael Montero,NYN,SP,5,-0.9028,,581.0
850,1849,Rickie Weeks,SEA,2B,73,-1.5389499999999998,,582.0
367,9388,Josh Tomlin,CLE,SP,36,-0.8133399999999998,,583.0
728,5297,Aaron Hicks,MIN,OF,128,-1.10725,,584.0
337,7624,Carlos Torres,NYN,RP,65,-0.78092,,585.0
309,1370,Charlie Furbush,SEA,RP,65,-0.7517000000000003,,586.0
757,9756,David Hale,COL,SP,29,-1.1784599999999998,,587.0
236,2332,Joel Peralta,LAN,RP,65,-0.6111799999999998,,588.0
985,11145,Christian Colon,KC,2B/3B,42,-1.81493,,589.0
873,3190,Nate McLouth,WAS,OF,63,-1.61415,,590.0
816,3882,Chris Young,NYA,OF,81,-1.39512,,591.0
535,7385,Dan Otero,OAK,RP,65,-0.9458799999999999,,592.0
493,6109,Joe Wieland,LAN,SP,24,-0.9224399999999999,,593.0
412,6316,David Phelps,MIA,SP,32,-0.8588799999999999,,594.0
567,5842,Chad Billingsley,PHI,SP,5,-0.96222,,595.0
898,9744,Justin Bour,MIA,1B,54,-1.6797999999999997,,596.0
872,6329,John Danks,CHA,SP,28,-1.6113599999999997,,598.0
420,11132,A.J. Griffin,OAK,SP,13,-0.8642000000000002,,599.0
881,5254,Robbie Grossman,HOU,OF,64,-1.64891,,600.0
1006,4779,Rymer Liriano,SD,OF,42,-1.8374199999999998,,601.0
674,4913,Jarrod Parker,OAK,SP,13,-1.0361999999999998,,602.0
842,11376,Michael Choice,TEX,OF,74,-1.5057200000000002,,603.0
887,2578,Peter Bourjos,STL,OF,64,-1.6535799999999998,,604.0
720,3993,Allen Webster,ARI,SP,13,-1.0867,,605.0
600,14443,Kyuji Fujikawa,TEX,RP,49,-0.9797199999999997,,606.0
371,6627,Brad Brach,BAL,RP,57,-0.8169399999999997,,607.0
874,5277,Tuffy Gosewisch,ARI,C,97,-1.6284999999999998,,608.0
907,10622,Zach Walters,CLE,2B/OF,42,-1.71092,,609.0
559,4955,Justin De Fratus,PHI,RP,57,-0.9593400000000001,,610.0
575,4026,Hector Santiago,LAA,SP,32,-0.9663800000000001,,611.0
1000,12859,James McCann,DET,C,42,-1.82683,,612.0
924,5514,Jesus Montero,SEA,C,42,-1.7398799999999999,,613.0
517,2642,Scott Atchison,CLE,RP,65,-0.9384600000000001,,614.0
311,8280,Tony Sipp,HOU,RP,57,-0.75208,,615.0
810,1945,Corey Hart,PIT,OF,78,-1.38212,,617.0
865,6848,Eduardo Nunez,MIN,SS/3B/OF,64,-1.58934,,619.0
942,6274,Carlos Quentin,SD,OF,41,-1.7740799999999999,,620.0
671,10149,Aaron Crow,MIA,RP,65,-1.0334800000000004,,621.0
883,12371,Tommy La Stella,CHN,2B,64,-1.6514199999999999,,622.0
917,11854,Steven Moya,DET,OF,42,-1.7292899999999998,,623.0
882,9219,Danny Espinosa,WAS,2B/SS,74,-1.65051,,624.0
828,2636,Brandon Guyer,TB,OF,80,-1.45758,,625.0
839,4952,Ryan Hanigan,BOS,C,84,-1.49622,,627.0
336,6943,Luke Hochevar,KC,RP,46,-0.7792399999999999,,629.0
819,11602,Carlos Sanchez,CHA,2B,97,-1.4172900000000002,,630.0
592,2197,Grady Sizemore,PHI,OF,134,-0.9770500000000002,,631.0
835,1845,Jonny Gomes,ATL,OF,93,-1.4822000000000002,,632.0
903,3878,Chris Stewart,PIT,C,81,-1.7026599999999998,,633.0
271,9674,Vidal Nuno,ARI,SP,29,-0.6841200000000001,,634.0
910,10067,Tomas Telis,TEX,C,64,-1.71298,,635.0
952,8392,Daniel Descalso,COL,2B/SS/3B,42,-1.7795299999999998,,636.0
298,5178,Ernesto Frieri,TB,RP,49,-0.73396,,637.0
651,3374,Ubaldo Jimenez,BAL,SP,21,-1.0215000000000003,,639.0
846,9015,Gordon Beckham,CHA,2B/SS/3B,80,-1.5208599999999999,,640.0
543,11341,Sean Nolin,OAK,RP,28,-0.9489799999999999,,641.0
520,1994,Ivan Nova,NYA,SP,17,-0.9393599999999998,,642.0
782,12434,Kevin Pillar,TOR,OF,88,-1.25799,,643.0
474,4567,Josh Johnson,SD,SP,9,-0.90832,,644.0
328,7555,Nick Vincent,SD,RP,65,-0.76892,,646.0
899,5386,Andrew Lambo,PIT,OF,42,-1.6911999999999998,,647.0
930,6887,Martin Maldonado,MIL,C,64,-1.7466599999999999,,649.0
855,5450,Daniel Nava,BOS,1B/OF,64,-1.5617199999999998,,650.0
793,6609,Freddy Galvis,PHI,2B/SS/3B,128,-1.2904199999999997,,651.0
572,718,Grant Balfour,TB,RP,57,-0.9655,,652.0
918,7244,Tyler Moore,WAS,1B,42,-1.7315099999999999,,653.0
933,3298,Charlie Culberson,COL,2B/SS/3B,42,-1.7558099999999999,,654.0
405,10343,Aaron Loup,TOR,RP,65,-0.85388,,655.0
273,7773,Shawn Kelley,SD,RP,57,-0.6883999999999999,,656.0
944,5485,Jose Pirela,NYA,SS,42,-1.7744900000000001,,657.0
508,2413,Cory Rasmus,LAA,RP,41,-0.9318199999999999,,658.0
923,9741,Ben Paulsen,COL,1B,42,-1.7383,,659.0
879,7250,Collin Cowgill,LAA,OF,73,-1.6480299999999999,,660.0
913,10053,Grant Green,LAA,2B/3B/OF,54,-1.72372,,661.0
318,9392,John Holdzkom,PIT,RP,41,-0.7571599999999999,,662.0
824,629,Brandon Barnes,COL,OF,74,-1.43502,,663.0
868,7185,Logan Forsythe,TB,2B/3B,81,-1.59645,,664.0
1001,3390,John Mayberry,NYN,1B/OF,42,-1.82832,,665.0
515,10481,Shawn Tolleson,TEX,RP,65,-0.93576,,666.0
912,4793,Travis Ishikawa,SF,1B/OF,64,-1.7178099999999998,,669.0
646,6398,Trevor May,MIN,SP,3,-1.01914,,670.0
417,9490,Jeremy Jeffress,MIL,RP,49,-0.86244,,671.0
1045,11739,J.T. Realmuto,MIA,C,29,-1.89699,,673.0
955,12294,Cory Spangenberg,SD,3B,42,-1.7807199999999999,,674.0
537,5746,Eric O'Flaherty,OAK,RP,41,-0.9465999999999999,,675.0
562,1701,Chris Capuano,NYA,SP,28,-0.9602199999999999,,676.0
864,11147,Tommy Medica,SD,1B/OF,74,-1.58791,,677.0
840,10058,Tyler Matzek,COL,SP,24,-1.5028599999999996,,678.0
590,9325,Jared Hughes,PIT,RP,57,-0.97632,,679.0
947,6364,Danny Valencia,TOR,1B/2B/3B,42,-1.7760799999999999,,680.0
885,5587,Carlos Corporan,TEX,C,64,-1.65219,,681.0
812,3292,Hector Noesi,CHA,SP,32,-1.3881800000000006,,682.0
808,1825,David DeJesus,TB,OF,94,-1.37181,,683.0
915,7927,Eric Sogard,OAK,2B/SS,54,-1.7273399999999999,,684.0
818,2437,Maicer Izturis,TOR,2B,90,-1.4146,,685.0
268,12803,Carter Capps,MIA,RP,41,-0.68052,,686.0
1004,4450,Steve Tolleson,TOR,2B/3B/OF,42,-1.8333,,687.0
749,3855,Brett Oberholtzer,HOU,SP,24,-1.1506999999999996,,688.0
838,12325,Jace Peterson,ATL,2B/3B,97,-1.4902700000000002,,689.0
748,7608,Tommy Milone,MIN,SP,16,-1.1478399999999995,,690.0
1050,12552,Eugenio Suarez,CIN,SS,29,-1.9017899999999999,,691.0
871,13419,Christian Walker,BAL,1B,64,-1.6076,,692.0
914,5223,Cameron Maybin,SD,OF,63,-1.72466,,693.0
770,3830,Ricky Nolasco,MIN,SP,29,-1.2153800000000003,,694.0
863,4400,Chris Denorfia,CHN,OF,64,-1.5797299999999999,,695.0
741,6732,Zoilo Almonte,ATL,OF,107,-1.1394699999999998,,696.0
571,10314,Erasmo Ramirez,SEA,SP,21,-0.9643399999999999,,697.0
1018,5942,Jesus Sucre,SEA,C,64,-1.8481699999999999,,699.0
951,3817,Joaquin Arias,SF,1B/2B/SS/3B,64,-1.7793599999999998,,700.0
785,11176,David Buchanan,PHI,SP,16,-1.26538,,701.0
939,5497,Marwin Gonzalez,HOU,2B/SS/3B,54,-1.76464,,702.0
777,7593,Jordan Lyles,COL,SP,22,-1.2446599999999999,,703.0
393,11243,Aaron Barrett,WAS,RP,49,-0.8458000000000001,,704.0
893,12984,Jackie Bradley Jr.,BOS,OF,64,-1.66467,,706.0
998,3395,Cliff Pennington,ARI,2B/SS/3B,42,-1.8262,,707.0
960,6400,Kirk Nieuwenhuis,NYN,OF,42,-1.78907,,708.0
645,3731,Brandon League,LAN,RP,57,-1.0178000000000003,,709.0
934,4672,Junior Lake,CHN,OF,42,-1.76155,,711.0
366,4878,Brandon Maurer,SD,RP,49,-0.8130799999999998,,712.0
927,11608,Garin Cecchini,BOS,3B,42,-1.74251,,713.0
292,5070,Josh Fields,HOU,RP,57,-0.72472,,714.0
894,9682,Adam Rosales,TEX,1B/2B/3B,64,-1.66845,,715.0
820,13453,Eddie Butler,COL,SP,16,-1.4194,,716.0
404,12297,Evan Marshall,ARI,RP,49,-0.8524799999999999,,717.0
759,7215,David Lough,BAL,OF,97,-1.18478,,718.0
384,5032,Dale Thayer,SD,RP,65,-0.83538,,719.0
997,6656,L.J. Hoes,HOU,OF,42,-1.826,,720.0
523,3656,Jim Johnson,ATL,RP,49,-0.9405599999999998,,721.0
889,2608,Jhoulys Chacin,COL,SP,28,-1.65724,,723.0
1030,13153,Luis Sardinas,TEX,2B/SS/3B,42,-1.86775,,724.0
878,5519,Ruben Tejada,NYN,SS,87,-1.64737,,725.0
1032,1551,David Ross,CHN,C,41,-1.8685399999999999,,726.0
971,12701,Billy Burns,OAK,OF,42,-1.80124,,727.0
463,10234,Bryan Morris,MIA,RP,57,-0.90012,,728.0
833,6230,Kyle Kendrick,COL,SP,23,-1.4793600000000005,,729.0
909,11763,Kyle Parker,COL,OF,42,-1.7118099999999998,,730.0
922,4063,Anthony Recker,NYN,C,64,-1.7369400000000002,,731.0
866,3978,Chris Heisey,LAN,OF,64,-1.5907399999999998,,732.0
1019,6178,Tony Sanchez,PIT,C,42,-1.8489099999999998,,733.0
374,4994,Fernando Abad,OAK,RP,65,-0.82006,,734.0
981,10950,Adam Duvall,SF,1B,42,-1.80655,,735.0
929,5306,Kristopher Negron,CIN,2B/3B,64,-1.74595,,736.0
360,6653,Jim Henderson,MIL,RP,54,-0.8061799999999999,,737.0
471,1841,Edwin Jackson,CHN,SP,16,-0.90598,,738.0
880,1760,Cody Ross,ARI,OF,62,-1.64819,,740.0
659,9178,Kyle Lobstein,DET,SP,19,-1.02632,,741.0
511,10267,Tanner Scheppers,TEX,RP,49,-0.9327799999999999,,742.0
499,9111,Brad Hand,MIA,SP,44,-0.9263399999999997,,743.0
957,5481,Jimmy Paredes,BAL,3B,42,-1.7862,,745.0
235,11137,Mike Bolsinger,LAN,SP,24,-0.6078600000000001,,
295,1514,Oliver Perez,ARI,RP,65,-0.7300200000000001,,
300,1797,Neal Cotts,MIL,RP,65,-0.7379600000000002,,
324,7841,Jerry Blevins,WAS,RP,65,-0.7598000000000003,,
325,9037,J.J. Hoover,CIN,RP,57,-0.7602200000000002,,
326,11334,Tyler Lyons,STL,SP,23,-0.7648599999999997,,
329,9486,George Kontos,SF,RP,49,-0.7711799999999998,,
331,11720,Justin Grimm,CHN,RP,65,-0.7741000000000001,,
343,7731,Juan Nicasio,LAN,SP,24,-0.7887200000000001,,
350,3299,Chris Hatcher,LAN,RP,49,-0.7997999999999998,,
353,7525,Evan Scribner,OAK,RP,49,-0.80156,,
354,1351,Nick Hagadone,CLE,RP,57,-0.8017999999999998,,
362,3397,Jumbo Diaz,CIN,RP,49,-0.8082799999999999,,
364,12572,Blake Treinen,WAS,SP,24,-0.8107199999999999,,
370,9073,Kirby Yates,TB,RP,49,-0.8167,,
373,2895,Zach McAllister,CLE,SP,23,-0.8199000000000001,,
376,7274,Craig Stammen,WAS,RP,49,-0.8253599999999998,,
378,11157,Eric Jokisch,CHN,SP,24,-0.8304600000000001,,
379,12499,Drew Rucinski,LAA,RP,24,-0.83168,,
385,8504,Jeff Beliveau,TB,RP,49,-0.8374999999999999,,
396,3164,Tim Collins,KC,RP,57,-0.8463,,
397,2010,Buddy Carlyle,NYN,RP,41,-0.8477199999999998,,
398,12095,Yimi Garcia,LAN,RP,24,-0.8477399999999999,,
399,13442,Mike Morin,LAA,RP,57,-0.8486600000000002,,
406,6415,Stolmy Pimentel,PIT,RP,41,-0.8542000000000001,,
408,10982,Chase Whitley,NYA,SP,24,-0.8554000000000002,,
409,9943,Todd Redmond,TOR,RP,49,-0.8558999999999999,,
413,11266,Lisalverto Bonilla,TEX,SP,24,-0.8604800000000001,,
414,4301,Justin Wilson,NYA,RP,57,-0.86078,,
416,4279,Manny Parra,CIN,RP,57,-0.8622999999999998,,
419,2646,Brian Matusz,BAL,RP,57,-0.8638199999999998,,
423,4782,Vinnie Pestano,LAA,RP,57,-0.8665399999999999,,
427,13360,Cam Bedrosian,LAA,RP,41,-0.8699999999999999,,
430,3237,T.J. McFarland,BAL,RP,41,-0.8715599999999999,,
433,11827,Steve Delabar,TOR,RP,49,-0.8727999999999998,,
434,7038,Alex Torres,SD,RP,65,-0.8736999999999999,,
435,583,Jeremy Affeldt,SF,RP,57,-0.8737000000000001,,
436,5224,Blake Parker,CHN,RP,24,-0.87712,,
438,4971,Fernando Salas,LAA,RP,57,-0.8776600000000001,,
439,5525,Boone Logan,COL,RP,57,-0.87768,,
440,12385,Nicholas Tropeano,LAA,SP,37,-0.8776999999999999,,
442,4086,Erik Cordier,SF,RP,24,-0.8846400000000001,,
443,12863,Matt Barnes,BOS,RP,24,-0.8855999999999999,,
446,12638,Nate Karns,TB,SP,23,-0.8876200000000001,,
450,1906,Jason Frasor,KC,RP,57,-0.8907999999999999,,
451,7146,Daniel Hudson,ARI,SP,5,-0.8919400000000001,,
452,6832,Sam Freeman,STL,RP,49,-0.8931600000000002,,
453,10190,Tyler Skaggs,LAA,SP,6,-0.8937600000000001,,
454,6955,Yohan Pino,KC,SP,24,-0.89422,,
455,36,Xavier Cedeno,WAS,RP,24,-0.8956000000000001,,
456,14200,Shae Simmons,ATL,RP,32,-0.8964799999999999,,
457,11571,Jose Dominguez,TB,RP,24,-0.8972199999999999,,
458,4696,Nate Jones,CHA,RP,24,-0.89768,,
461,3548,Liam Hendriks,TOR,SP,37,-0.8988199999999998,,
464,8180,Kevin Siegrist,STL,RP,24,-0.90112,,
466,13398,Paco Rodriguez,LAN,RP,32,-0.90186,,
467,1478,Felix Doubront,CHN,SP,28,-0.90208,,
468,3192,Will Harris,HOU,RP,41,-0.9021999999999999,,
473,813,Randy Choate,STL,RP,57,-0.9076799999999998,,
476,10466,Taylor Jordan,WAS,SP,23,-0.91052,,
477,10337,Edwin Escobar,BOS,RP,24,-0.9107799999999999,,
478,6317,Esmil Rogers,NYA,RP,36,-0.9111600000000001,,
480,1837,Matt Belisle,STL,RP,57,-0.9129600000000002,,
481,10688,Tyler Thornburg,MIL,RP,41,-0.9138799999999999,,
483,9736,Burke Badenhop,FA,RP,49,-0.91468,,
485,7161,Chris Withrow,LAN,RP,16,-0.91522,,
487,5420,Pedro Baez,LAN,RP,32,-0.9158200000000001,,
488,8402,Steve Geltz,TB,RP,24,-0.9165800000000001,,
489,12277,Leonel Campos,SD,RP,24,-0.91978,,
491,12165,Matt Stites,ARI,RP,49,-0.9215199999999998,,
494,3873,Zeke Spruill,BOS,RP,28,-0.9225200000000002,,
495,13881,Ian Thomas,ATL,RP,24,-0.9228200000000001,,
497,13401,R.J. Alvarez,OAK,RP,24,-0.9244400000000002,,
501,2186,Joel Hanrahan,DET,RP,35,-0.92694,,
502,9303,Dylan Axelrod,CIN,SP,29,-0.9275999999999999,,
505,9720,Louis Coleman,KC,RP,41,-0.92886,,
506,8992,Arquimedes Caminero,MIA,RP,24,-0.9290400000000001,,
507,12515,Taylor Hill,WAS,SP,24,-0.9308399999999999,,
509,13485,Samuel Tuivailala,STL,RP,24,-0.9321200000000001,,
510,14169,Kyle Zimmer,CHN,SP,5,-0.93252,,
512,9904,Pedro Villarreal,CIN,RP,24,-0.9344399999999999,,
513,9419,Zac Rosscup,CHN,RP,24,-0.9352600000000001,,
514,11486,Robbie Ray,ARI,RP,49,-0.93554,,
516,6127,Juan Jaime,ATL,RP,24,-0.93698,,
518,10796,Josh Edgin,NYN,RP,49,-0.9387400000000001,,
521,14239,Dario Alvarez,NYN,RP,24,-0.9395800000000001,,
524,9286,Rob Scahill,PIT,RP,32,-0.94112,,
525,9195,Vic Black,NYN,RP,49,-0.9412,,
526,13172,Carson Smith,SEA,RP,24,-0.94142,,
527,12361,Spencer Patton,TEX,RP,24,-0.94172,,
528,10855,Chasen Shreve,NYA,RP,24,-0.94182,,
529,6499,Blaine Hardy,DET,RP,49,-0.9418799999999998,,
530,9167,Lester Oliveros,MIN,RP,24,-0.9442800000000001,,
532,6612,Marc Rzepczynski,CLE,RP,65,-0.9448199999999998,,
533,10315,Michael Tonkin,MIN,RP,49,-0.94506,,
534,10066,Ian Krol,DET,RP,57,-0.9454199999999999,,
536,5177,C.C. Lee,CLE,RP,32,-0.9459000000000001,,
539,3357,Cesar Ramos,LAA,RP,49,-0.9479599999999999,,
541,12890,Alex Claudio,TEX,RP,41,-0.9482999999999999,,
542,10504,Mario Hollands,PHI,RP,57,-0.9486,,
544,12027,Brian Flynn,KC,SP,28,-0.94908,,
545,6244,Tom Gorzelanny,DET,RP,41,-0.9501999999999999,,
546,2540,Eric Surkamp,CHA,RP,32,-0.9502999999999999,,
548,5905,Sean Marshall,CIN,RP,24,-0.95372,,
550,13293,Daniel Coulombe,LAN,RP,32,-0.9546600000000002,,
551,5960,Wesley Wright,BAL,RP,57,-0.9555599999999997,,
552,12988,Andrew Chafin,ARI,SP,24,-0.95608,,
553,5358,Jose Alvarez,LAA,RP,24,-0.9565400000000001,,
554,9895,Chris Rusin,COL,RP,24,-0.95668,,
555,7303,Preston Guilmet,TOR,RP,16,-0.9567800000000001,,
557,12774,Jairo Diaz,COL,RP,24,-0.95802,,
560,10587,Chad Bettis,COL,RP,49,-0.95956,,
564,11209,Casey Sadler,PIT,RP,24,-0.9605000000000001,,
565,8185,Steven Wright,BOS,RP,28,-0.9615,,
568,13144,Frank Garces,SD,RP,24,-0.96236,,
569,8346,Jared Burton,FA,RP,37,-0.9628999999999999,,
570,6984,Luis Garcia,PHI,RP,24,-0.9639800000000001,,
573,8337,Lucas Luetge,SEA,RP,41,-0.96604,,
574,8182,Nick Greenwood,STL,RP,24,-0.9663200000000001,,
576,11712,Erik Goeddel,NYN,RP,24,-0.9667800000000001,,
577,10835,Michael Mariot,KC,RP,24,-0.9683600000000001,,
578,7758,Bobby LaFromboise,PIT,RP,32,-0.9684600000000001,,
580,5679,Brooks Brown,COL,RP,49,-0.9699000000000002,,
581,11632,Heath Hembree,BOS,RP,16,-0.97,,
582,5876,Gonzalez Germen,NYA,RP,24,-0.97054,,
583,10386,Carlos Contreras,CIN,RP,32,-0.9721599999999999,,
584,11471,Dallas Beeler,CHN,SP,24,-0.9724200000000001,,
585,10257,Andrew Oliver,PHI,RP,39,-0.9745800000000001,,
586,12272,Aaron Brooks,KC,SP,19,-0.9756,,
588,4424,Jon Niese,NYN,SP,29,-0.9762,,
589,11710,Sam Dyson,MIA,RP,32,-0.97622,,
594,7474,Ryan Webb,BAL,RP,57,-0.9779599999999999,,
595,4004,Josh Outman,ATL,RP,32,-0.978,,
597,12182,Cody Martin,ATL,SP,8,-0.9786799999999999,,
598,7759,Yoslan Herrera,LAA,RP,24,-0.97884,,
599,11250,Rob Rasmussen,TOR,RP,24,-0.9789000000000001,,
601,12675,Phil Klein,TEX,RP,24,-0.9798200000000001,,
602,2586,Wandy Rodriguez,ATL,SP,7,-0.98068,,
603,9456,Ryan Buchter,ATL,RP,47,-0.9810999999999999,,
605,10302,Chris Heston,SF,SP,7,-0.98286,,
606,8532,Rob Wooten,MIL,RP,49,-0.9842200000000001,,
610,5529,Maikel Cleto,CHA,RP,49,-0.9863,,
611,1330,Pedro Beato,CIN,RP,24,-0.98658,,
612,2743,Scott Rice,FA,RP,41,-0.9874600000000001,,
613,4089,James Russell,ATL,RP,65,-0.98764,,
615,11261,Logan Darnell,MIN,SP,16,-0.98826,,
617,7942,Christian Friedrich,COL,SP,5,-0.9903200000000001,,
618,1663,Javier Lopez,SF,RP,57,-0.9911399999999999,,
620,14382,Wei-Chung Wang,MIL,RP,24,-0.9919800000000001,,
622,4664,Sam LeCure,CIN,RP,57,-0.9921599999999999,,
623,5791,Jorge Rondon,COL,RP,24,-0.99256,,
624,9261,Ryan Dennick,CIN,RP,24,-0.99256,,
625,8505,Michael Kohn,ATL,RP,24,-0.99356,,
626,4359,Kyle Drabek,TOR,RP,16,-0.99398,,
627,5903,Darin Downs,HOU,RP,41,-0.99404,,
628,11193,C.J. Riefenhauser,TB,RP,24,-0.9941800000000001,,
629,3862,Rubby de la Rosa,ARI,SP,24,-0.9951999999999998,,
630,11618,Mike Kickham,CHN,RP,24,-0.9968200000000002,,
631,3762,Cesar Jimenez,PHI,RP,24,-0.99762,,
632,7501,Tom Layne,BOS,RP,32,-0.99814,,
633,6527,Josh Zeid,DET,RP,41,-1.00094,,
634,13594,Robert Stephenson,CIN,SP,8,-1.00124,,
637,11240,Kevin Chapman,HOU,RP,41,-1.00688,,
638,9939,Brandon Kintzler,MIL,RP,57,-1.0073999999999999,,
639,7982,Anthony Bass,TEX,RP,24,-1.01046,,
640,10962,Jake Buchanan,HOU,RP,32,-1.0105799999999998,,
641,9877,Michael Kirkman,TEX,RP,24,-1.0106600000000001,,
643,4338,Tyler Chatwood,COL,SP,5,-1.01572,,
647,2385,Anthony Varvaro,BOS,RP,57,-1.0203200000000001,,
650,8073,Dan Jennings,CHA,RP,49,-1.02144,,
652,773,Scott Downs,CLE,RP,57,-1.0226600000000001,,
654,6432,Tim Stauffer,MIN,RP,36,-1.0233000000000003,,
656,4064,Brian Duensing,MIN,RP,65,-1.02408,,
657,10185,Jacob Turner,CHN,SP,24,-1.0243600000000002,,
660,7106,Jonathan Pettibone,PHI,SP,3,-1.0263200000000001,,
661,5028,Bo Schultz,TOR,RP,16,-1.02794,,
662,2882,Luis Avilan,ATL,RP,57,-1.02826,,
663,999,Aaron Thompson,MIN,RP,24,-1.02844,,
664,2886,Juan Oviedo,TEX,RP,49,-1.0285,,
666,10078,Caleb Thielbar,MIN,RP,57,-1.03094,,
667,1483,Jon Edwards,TEX,RP,24,-1.03126,,
669,11428,Brandon Workman,BOS,SP,26,-1.0330799999999998,,
670,10019,Taylor Thompson,OAK,RP,24,-1.03332,,
672,6176,Scott Baker,NYA,SP,5,-1.0335,,
675,11479,Bryan Mitchell,NYA,SP,5,-1.03624,,
676,7183,B.J. Rosenberg,FA,RP,41,-1.03632,,
677,5551,Matt Harrison,TEX,SP,7,-1.0364600000000002,,
678,8600,Dustin McGowan,LAN,RP,29,-1.0364600000000002,,
679,10500,Preston Claiborne,MIA,RP,32,-1.03654,,
682,978,Bronson Arroyo,ARI,SP,7,-1.0377,,
683,3507,Andre Rienzo,MIA,SP,44,-1.0382000000000002,,
684,7005,Ryan Pressly,MIN,RP,32,-1.0401799999999999,,
685,12781,Sean Gilmartin,NYN,RP,24,-1.0432000000000001,,
686,3547,Carlos Frias,LAN,RP,28,-1.0435,,
688,13604,Chad Smith,DET,RP,41,-1.04496,,
691,14914,Jason Hursh,ATL,SP,3,-1.04818,,
693,11753,Kyle Ryan,DET,RP,24,-1.05102,,
694,6249,Trevor Cahill,ARI,SP,16,-1.05212,,
695,7042,Eric Fornataro,WAS,RP,24,-1.05308,,
697,10307,Roman Mendez,TEX,RP,49,-1.0531799999999998,,
698,2868,Drake Britton,BOS,RP,24,-1.05834,,
700,11387,A.J. Achter,MIN,RP,24,-1.0632199999999998,,
702,14916,Jonathan Gray,COL,SP,14,-1.0641999999999998,,
704,9918,Kevin Slowey,PHI,SP,29,-1.0671,,
705,9460,Dan Straily,HOU,SP,29,-1.0674199999999998,,
706,6902,Martin Perez,TEX,SP,6,-1.0689000000000002,,
708,10663,Stephen Pryor,MIN,RP,24,-1.07238,,
715,10558,Daniel Webb,CHA,RP,57,-1.0808799999999998,,
716,11384,Tommy Kahnle,COL,RP,57,-1.081,,
717,6661,Alex Colome,TB,SP,16,-1.0818,,
718,6819,Robbie Ross,BOS,RP,57,-1.08548,,
719,10326,Chad Jenkins,TOR,RP,41,-1.08592,,
722,8037,Paul Clemens,PHI,RP,24,-1.0889600000000002,,
724,5285,Samuel Deduno,HOU,SP,21,-1.10148,,
725,10054,Alex White,HOU,RP,21,-1.1021,,
726,14814,Buck Farmer,DET,SP,26,-1.10424,,
729,3950,Matt Magill,CIN,RP,6,-1.11728,,
731,4363,Craig Breslow,BOS,RP,57,-1.11954,,
732,7407,Javy Guerra,CHA,RP,57,-1.1227800000000001,,
733,13119,Taylor Jungmann,MIL,SP,8,-1.12604,,
735,3877,Ethan Martin,PHI,RP,21,-1.12648,,
740,11366,Brandon Cumpton,PIT,SP,31,-1.13692,,
752,13424,Drew VerHagen,DET,SP,21,-1.1606,,
767,5088,Franklin Morales,KC,SP,36,-1.2115399999999998,,
768,10925,Christian Bergman,COL,SP,10,-1.21222,,
769,5401,Brad Peacock,HOU,SP,24,-1.21348,,
778,2047,Jorge de la Rosa,COL,SP,29,-1.2464999999999995,,
779,6201,Nate Schierholtz,TEX,OF,88,-1.24892,,
781,11716,Nick Tepesch,TEX,SP,26,-1.2560399999999998,,
784,7725,David Holmberg,CIN,SP,31,-1.2606199999999999,,
788,12520,Erik Johnson,CHA,SP,23,-1.27014,,
795,9266,Daniel Corcino,CIN,SP,29,-1.3056,,
804,5203,Mike Pelfrey,MIN,SP,16,-1.36102,,
826,6978,Juan Francisco,TB,1B/3B,74,-1.4552299999999998,,
827,1260,Ryan Ludwick,TEX,OF,80,-1.4573,,
834,12730,Nick Martinez,TEX,SP,26,-1.4804799999999998,,
841,6582,Nate Freiman,OAK,1B,81,-1.5048400000000002,,
856,3707,Geovany Soto,CHA,C,80,-1.5627199999999999,,
857,2218,Ryan Raburn,CLE,OF,81,-1.56284,,
861,5305,Alex Presley,HOU,OF,63,-1.5758199999999998,,
875,6740,Johnny Giavotella,LAA,2B,64,-1.6374199999999999,,
876,6352,Ryan Sweeney,CHN,OF,62,-1.6386399999999999,,
886,10953,Phil Gosselin,ATL,2B/SS/3B,81,-1.65293,,
892,9807,Ryan Goins,TOR,2B/SS,88,-1.6646,,
895,4792,Jeff Francoeur,PHI,OF,74,-1.6700499999999998,,
896,5751,Hernan Perez,DET,2B,64,-1.6764199999999998,,
897,8793,Matt Clark,MIL,1B,42,-1.67794,,
900,9048,Ezequiel Carrera,TOR,OF,42,-1.69566,,
906,6938,Eric Campbell,NYN,1B/3B/OF,64,-1.70969,,
908,12723,Tyler Collins,DET,OF,42,-1.71162,,
920,1159,Andrew Romine,DET,2B/SS,64,-1.73612,,
921,49,Kyle Blanks,TEX,1B,41,-1.7365599999999999,,
925,9312,Ryan Wheeler,LAA,1B/3B,42,-1.7399399999999998,,
926,10655,Rob Brantly,CHA,C,73,-1.74012,,
928,10556,Cesar Hernandez,PHI,2B/3B,64,-1.74304,,
931,2650,Corey Brown,TB,OF,42,-1.75098,,
932,10542,Derek Dietrich,MIA,2B,42,-1.75227,,
935,10516,Hunter Morris,MIL,1B,42,-1.76351,,
938,6003,Jose Constanza,ATL,OF,54,-1.76444,,
940,10299,Eury Perez,ATL,OF,42,-1.76999,,
941,11746,Stefen Romero,SEA,OF,42,-1.7711799999999998,,
943,11287,Bryan Holaday,DET,C,64,-1.77448,,
945,9952,Trayce Thompson,CHA,OF,42,-1.77535,,
946,2677,Jordan Pacheco,ARI,C/1B,64,-1.77556,,
948,15670,Alex Guerrero,LAN,2B,41,-1.77657,,
949,3704,Skip Schumaker,CIN,2B/OF,63,-1.77751,,
950,1066,Willie Bloomquist,SEA,1B/2B/SS/3B,52,-1.77895,,
953,2832,Rafael Ynoa,COL,3B,42,-1.77988,,
954,11379,Delino Deshields Jr.,TEX,,42,-1.7807099999999998,,
956,2411,Jose Tabata,FA,OF,42,-1.78156,,
958,10329,Reymond Fuentes,KC,OF,42,-1.7867,,
959,6677,J.B. Shuck,CHA,OF,42,-1.78682,,
961,5963,Xavier Paul,PHI,OF,42,-1.78911,,
962,2802,Tony Cruz,STL,C,64,-1.7898,,
964,11850,Tyler Austin,NYA,OF,42,-1.7930199999999998,,
965,11385,Matt den Dekker,NYN,OF,42,-1.7975499999999998,,
966,6341,Luis Jimenez,MIL,3B,42,-1.79791,,
967,4704,Donnie Murphy,MIL,1B/2B/3B,42,-1.79924,,
968,14441,Henry Urrutia,BAL,OF,42,-1.7993,,
969,11445,Mark Canha,OAK,1B,42,-1.7993299999999999,,
970,5491,Austin Romine,NYA,C,54,-1.79982,,
972,8609,Tim Federowicz,SD,C,64,-1.80188,,
973,7409,Xavier Scruggs,STL,1B,42,-1.8027499999999999,,
974,8623,Donovan Solano,MIA,2B,54,-1.8028199999999999,,
975,4403,Erik Kratz,KC,C,42,-1.80284,,
976,7528,Kevin Frandsen,WAS,1B/2B/3B/OF,42,-1.80363,,
977,6962,Ryan Kalish,TOR,OF,42,-1.8048099999999998,,
978,10593,Joey Terdoslavich,ATL,OF,42,-1.8061699999999998,,
980,9542,Steve Clevenger,BAL,C,42,-1.80652,,
982,6266,Daniel Robertson,LAA,OF,42,-1.8127399999999998,,
983,5248,Alexi Casilla,TB,2B,42,-1.81466,,
984,8879,Ryan Lavarnway,BAL,1B,42,-1.81483,,
986,8631,Cord Phelps,PHI,2B,42,-1.81523,,
987,10154,Donald Lutz,CIN,1B/OF,42,-1.8152499999999998,,
988,10346,JR Murphy,NYA,C,42,-1.8174299999999999,,
989,4249,Shane Robinson,MIN,OF,42,-1.819,,
990,2234,Kelly Johnson,ATL,1B/2B/3B/OF,42,-1.81951,,
993,15937,Aledmys Diaz,STL,SS,42,-1.82374,,
994,13836,Matt Duffy,SF,2B/SS,42,-1.82483,,
995,7226,Matt Davidson,CHA,3B,42,-1.82513,,
996,8298,Francisco Pena,KC,C,42,-1.8254099999999998,,
999,9959,Alex Hassan,BAL,OF,42,-1.8263299999999998,,
1002,7216,Cesar Puello,NYN,OF,42,-1.8296,,
1003,3441,Nolan Reimold,BAL,OF,41,-1.83324,,
1005,9689,Josh Thole,TOR,C,42,-1.83506,,
1007,11146,Cameron Rupp,PHI,C,64,-1.83781,,
1008,6013,Cristhian Adames,COL,SS,42,-1.83786,,
1009,10472,Enrique Hernandez,LAN,SS/OF,42,-1.8397,,
1010,4293,Brett Hayes,CLE,C,42,-1.8409499999999999,,
1011,13130,Mikie Mahtook,TB,OF,42,-1.84178,,
1012,9854,Efren Navarro,LAA,1B/OF,42,-1.84308,,
1013,7937,Logan Schafer,MIL,OF,42,-1.8450099999999998,,
1014,8353,Dean Anna,STL,SS,42,-1.8460999999999999,,
1015,5653,Ryan Roberts,KC,3B,42,-1.8468,,
1016,7316,Darin Mastroianni,PHI,OF,42,-1.8471,,
1017,5913,Leury Garcia,CHA,2B/SS/3B/OF,42,-1.84764,,
1020,6777,Tyler Pastornicky,ATL,2B,42,-1.8498999999999999,,
1021,10822,Todd Cunningham,ATL,OF,42,-1.85494,,
1022,10951,Greg Garcia,STL,2B,42,-1.85755,,
1023,10838,Cody Stanley,STL,C,42,-1.8580199999999998,,
1024,9284,Chris Herrmann,MIN,OF,42,-1.8603299999999998,,
1025,10294,Adrian Nieto,CHA,C,42,-1.8613499999999998,,
1026,11476,Odubel Herrera,PHI,2B,42,-1.8637299999999999,,
1027,5371,Juan Perez,SF,OF,42,-1.86565,,
1028,6008,Reynaldo Navarro,BAL,SS,42,-1.8667399999999998,,
1029,6073,Brendan Ryan,NYA,1B/2B/SS,63,-1.8671,,
1033,12147,Nick Ahmed,ARI,SS,42,-1.8708799999999999,,
1034,11391,Tyler Holt,CLE,OF,42,-1.8729799999999999,,
1035,10289,Hector Sanchez,SF,C,42,-1.8758,,
1036,8385,Pedro Florimon,PIT,SS,42,-1.87716,,
1037,5432,Elian Herrera,MIL,2B/SS/3B/OF,42,-1.87798,,
1038,7324,Chris Gimenez,TEX,C/1B,42,-1.87821,,
1039,13658,Terrance Gore,KC,OF,42,-1.8786,,
1041,3442,Dan Uggla,WAS,2B,42,-1.88608,,
1042,10347,Michael Ohlman,STL,C,42,-1.89001,,
1043,10642,Carlos Perez,LAA,C,42,-1.8932,,
1044,5422,Steve Lombardozzi,PIT,2B,30,-1.8938899999999999,,
1046,12284,Kevan Smith,CHA,C,29,-1.89837,,
1047,2264,Hector Gomez,MIL,SS/3B,42,-1.8991699999999998,,
1048,12510,Curt Casali,TB,C,42,-1.8993399999999998,,
1049,2539,Pete Kozma,STL,2B/SS,42,-1.9006599999999998,,
1051,1698,Gerald Laird,ARI,C,42,-1.9039199999999998,,
1052,4006,Justin Sellers,PIT,2B/SS,42,-1.9046899999999998,,
1053,2430,Darwin Barney,LAN,2B,42,-1.9086999999999998,,
1054,7290,Jake Elmore,PIT,SS,29,-1.9144199999999998,,
1055,5273,Sandy Leon,WAS,C,42,-1.91628,,
1056,11738,Christian Villanueva,CHN,3B,28,-1.9168999999999998,,
1057,8418,Ehire Adrianza,SF,2B/SS,42,-1.91835,,
1058,10200,Tucker Barnhart,CIN,C,42,-1.91899,,
1059,3411,Drew Butera,LAA,C,54,-1.91923,,
1060,13152,Jorge Polanco,MIN,RP,27,-1.9241799999999998,,
1061,11863,Yadiel Rivera,MIL,SS,42,-1.9270399999999999,,
1062,13613,Ketel Marte,SEA,SS,23,-1.92922,,
1063,7802,Miguel Rojas,MIA,SS/3B,42,-1.93041,,
1064,2900,Roberto Perez,CLE,C,42,-1.9314799999999999,,
1065,12155,Eddie Rosario,MIN,2B,19,-1.93179,,
1066,11442,Gary Sanchez,NYA,C,19,-1.93264,,
1067,10349,Tommy Joseph,PHI,C,21,-1.93953,,
1068,1830,Clint Barmes,SD,2B/SS,41,-1.9422899999999998,,
1069,3448,Jeff Mathis,MIA,C,42,-1.95403,,
1070,9922,Yorman Rodriguez,CIN,OF,19,-1.96698,,
1071,1829,Koyie Hill,PHI,C,42,-1.9701199999999999,,
1072,10416,Wilfredo Tovar,NYN,SS,25,-1.97065,,
