bis_id,name,team,pos,g,gs,w,sv,ip,so,bb,h,hbp,er,r,hr,gb_pct,fb_pct,ld_pct,babip
2036,Clayton Kershaw,LAN,SP,31,31,15.9,0,215.6,242.7,47.1,170.8,4.4,57.9,65.3,17.0,48.3,31.7,20.0,0.286
3184,David Price,DET,SP,31,31,14.6,0,209.4,195.7,39.9,192.2,5.1,75.2,82.6,21.0,44.9,35.1,20.0,0.292
6893,Johnny Cueto,CIN,SP,31,31,12.5,0,209.4,199.8,56.0,186.5,10.1,76.7,84.5,21.0,47.5,32.4,20.1,0.288
3254,Jeff Samardzija,CHA,SP,31,31,12.5,0,206.4,192.0,58.5,195.3,7.7,89.1,96.8,23.0,46.1,33.8,20.1,0.298
4930,Jon Lester,CHN,SP,31,31,13.5,0,206.4,199.2,54.2,186.2,5.8,75.1,82.8,19.0,47.3,32.3,20.4,0.295
7059,James Shields,SD,SP,31,31,12.1,0,206.4,188.4,49.3,194.5,8.5,79.3,87.2,19.0,48.5,31.4,20.1,0.3
3137,Max Scherzer,WAS,SP,31,31,15.0,0,206.4,240.7,54.9,167.2,5.7,66.0,72.4,20.0,39.8,39.1,21.2,0.288
4772,Felix Hernandez,SEA,SP,31,31,14.6,0,206.4,213.3,45.1,177.2,6.1,67.2,74.9,15.0,51.8,28.3,19.9,0.297
5524,Madison Bumgarner,SF,SP,31,31,13.4,0,203.3,206.2,50.2,174.1,6.4,66.1,73.2,17.0,45.3,34.6,20.0,0.29
9434,Dallas Keuchel,HOU,SP,31,31,12.1,0,203.3,150.2,58.8,205.4,6.1,84.6,93.7,15.0,56.3,23.6,20.2,0.305
2429,Corey Kluber,CLE,SP,31,31,13.7,0,203.3,209.4,49.3,179.3,6.6,71.4,78.8,17.0,47.5,31.9,20.6,0.298
10130,Mike Leake,CIN,SP,31,31,10.9,0,200.2,145.7,48.7,202.7,7.9,87.0,95.4,21.0,51.2,28.7,20.1,0.295
2717,Rick Porcello,BOS,SP,31,31,13.0,0,200.2,138.6,47.3,209.0,5.3,87.3,95.9,18.0,51.1,27.4,21.4,0.304
4972,Cole Hamels,PHI,SP,31,31,11.2,0,200.2,195.1,52.1,180.6,6.9,77.1,84.4,21.0,45.4,34.7,19.9,0.292
2233,Adam Wainwright,STL,SP,29,29,12.7,0,198.6,165.2,43.3,188.8,6.2,74.6,82.4,17.0,49.4,29.9,20.6,0.295
8700,Justin Verlander,DET,SP,31,31,12.2,0,197.1,157.7,58.3,192.5,5.1,88.0,95.2,25.0,40.6,39.3,20.0,0.287
7450,Phil Hughes,MIN,SP,31,31,12.0,0,197.1,164.3,34.6,200.3,6.0,84.7,91.0,27.0,35.3,43.4,21.2,0.295
6797,Julio Teheran,ATL,SP,31,31,10.5,0,197.1,171.4,51.4,190.1,8.9,82.5,89.1,26.0,37.3,41.8,20.9,0.288
739,Kyle Lohse,MIL,SP,31,31,10.4,0,197.1,138.6,44.4,211.5,6.0,96.8,104.1,30.0,40.6,38.3,21.0,0.295
4141,Derek Holland,TEX,SP,31,31,11.8,0,197.1,162.3,57.7,197.6,4.3,89.5,96.7,25.0,41.4,37.7,20.9,0.296
10603,Chris Sale,CHA,SP,29,29,13.7,0,195.6,225.5,48.7,161.6,9.5,64.3,70.6,20.0,43.9,35.9,20.1,0.291
3200,Ervin Santana,MIN,SP,31,31,10.4,0,194.0,153.2,59.0,199.8,6.2,94.5,102.0,22.0,43.3,35.5,21.2,0.303
1245,R.A. Dickey,TOR,SP,31,31,11.8,0,194.0,152.8,60.3,192.6,9.2,89.6,96.8,27.0,41.2,37.9,21.0,0.287
1943,Zack Greinke,LAN,SP,31,31,13.1,0,194.0,182.9,44.9,171.1,4.6,65.2,72.6,17.0,49.3,30.7,20.0,0.288
512,A.J. Burnett,PIT,SP,31,31,11.4,0,194.0,166.0,70.7,186.5,10.0,86.9,95.1,14.0,52.4,27.1,20.5,0.306
10131,Stephen Strasburg,WAS,SP,31,31,13.8,0,194.0,211.8,48.1,163.9,7.0,64.9,71.7,16.0,46.9,31.9,21.2,0.296
11423,Jose Quintana,CHA,SP,31,31,11.9,0,194.0,166.2,55.3,189.3,4.5,84.0,91.3,23.0,44.8,35.1,20.1,0.296
12768,Sonny Gray,OAK,SP,31,31,11.8,0,194.0,161.1,66.3,184.8,5.3,80.9,89.1,14.0,52.2,27.3,20.6,0.3
225,Mark Buehrle,TOR,SP,31,31,11.6,0,194.0,119.0,47.1,212.4,5.9,95.2,103.0,26.0,43.4,35.6,21.0,0.296
2072,Jeremy Guthrie,KC,SP,31,31,10.0,0,194.0,113.2,51.4,209.7,9.4,96.6,104.4,25.0,42.7,36.5,20.7,0.291
4235,Jered Weaver,LAA,SP,31,31,11.5,0,194.0,149.8,53.9,193.3,6.5,89.0,95.4,28.0,34.1,45.7,20.2,0.283
13074,Yu Darvish,TEX,SP,29,29,13.3,0,192.7,226.0,67.5,156.6,6.5,69.0,75.3,19.0,41.2,37.9,20.9,0.29
9425,Doug Fister,WAS,SP,29,29,12.4,0,192.7,133.7,38.1,200.2,9.3,80.5,88.6,17.0,51.1,27.8,21.2,0.302
8044,Jason Vargas,KC,SP,31,31,11.0,0,191.0,127.2,48.8,195.2,5.7,86.5,93.6,24.0,40.0,39.3,20.7,0.284
5279,Chris Tillman,BAL,SP,31,31,10.6,0,191.0,145.9,61.3,191.3,4.6,91.2,98.3,28.0,39.9,39.9,20.2,0.284
2520,Lance Lynn,STL,SP,31,31,11.8,0,191.0,172.8,65.1,174.3,8.1,77.8,85.0,19.0,44.3,35.0,20.6,0.29
4505,Jordan Zimmermann,WAS,SP,31,31,13.0,0,191.0,162.8,35.9,182.8,6.5,71.5,78.5,20.0,44.3,34.5,21.2,0.293
375,Bartolo Colon,NYN,SP,29,29,9.9,0,189.8,132.3,31.1,202.5,3.9,87.4,94.5,25.0,43.2,36.7,20.2,0.297
8782,Andrew Cashner,SD,SP,29,29,10.6,0,189.8,152.6,51.5,188.0,4.9,83.5,91.2,17.0,49.7,30.2,20.1,0.301
6986,Ian Kennedy,SD,SP,31,31,10.6,0,187.9,182.7,61.6,171.6,7.9,78.5,85.0,21.0,40.3,39.6,20.1,0.292
6345,Chris Archer,TB,SP,31,31,10.8,0,187.9,165.8,68.6,174.3,8.2,81.0,88.4,18.0,46.4,33.3,20.3,0.293
6562,Alex Cobb,TB,SP,29,29,11.4,0,186.9,165.3,55.3,172.5,8.3,72.3,80.0,13.0,53.7,26.1,20.3,0.299
1507,John Lackey,STL,SP,29,29,11.8,0,186.9,154.5,43.2,177.7,4.4,74.5,81.8,18.0,47.1,32.3,20.6,0.292
13048,Hisashi Iwakuma,SEA,SP,29,29,12.1,0,186.9,151.7,36.1,181.1,3.8,72.5,79.8,18.0,49.0,31.1,19.9,0.295
13071,Wei-Yin Chen,BAL,SP,31,31,11.2,0,184.8,139.0,45.0,183.0,4.5,80.7,87.3,26.0,39.6,40.1,20.2,0.281
8779,Wade Miley,BOS,SP,31,31,12.1,0,184.8,143.3,61.7,187.0,4.3,85.7,93.2,19.0,46.3,32.3,21.4,0.301
10310,Zack Wheeler,NYN,SP,31,31,10.8,0,184.8,180.5,73.7,165.0,8.9,77.8,85.2,15.0,49.9,29.9,20.2,0.298
11760,Drew Smyly,TB,SP,31,31,11.9,0,184.8,167.5,56.9,168.4,4.2,71.9,78.2,21.0,38.9,40.8,20.3,0.283
8173,Yovani Gallardo,TEX,SP,31,31,10.2,0,184.8,133.9,58.5,196.3,4.0,94.7,102.2,22.0,46.5,32.5,20.9,0.303
4424,Jon Niese,NYN,SP,29,29,9.9,0,184.0,133.1,50.4,189.0,5.9,83.3,91.0,18.0,49.3,30.5,20.2,0.3
7872,Tyson Ross,SD,SP,29,29,10.7,0,184.0,175.7,66.9,166.6,8.1,75.0,82.6,12.0,54.0,25.8,20.1,0.303
13125,Gerrit Cole,PIT,SP,29,29,11.4,0,184.0,168.7,55.2,169.6,8.1,73.1,80.3,14.0,48.8,30.7,20.5,0.299
4153,Jake Arrieta,CHN,SP,29,29,11.6,0,184.0,181.6,62.0,163.6,6.7,73.0,80.0,16.0,48.0,31.5,20.4,0.296
13781,Alex Wood,ATL,SP,29,29,10.4,0,184.0,175.4,57.2,168.7,6.2,72.3,79.2,17.0,46.3,32.9,20.9,0.298
1636,Cliff Lee,PHI,SP,28,28,10.3,0,182.8,159.8,31.8,176.2,3.8,71.1,77.8,20.0,46.1,34.0,19.9,0.296
12703,Trevor Bauer,CLE,SP,31,31,9.9,0,181.7,167.4,78.3,173.6,9.7,89.7,96.2,24.0,38.2,41.1,20.6,0.293
7738,Wily Peralta,MIL,SP,29,29,10.1,0,181.0,147.3,63.8,180.2,6.9,83.6,91.3,17.0,51.0,28.0,21.0,0.303
8362,Homer Bailey,CIN,SP,29,29,10.2,0,180.2,162.4,49.4,166.5,7.5,73.3,80.2,20.0,47.1,32.8,20.1,0.289
3543,Clay Buchholz,BOS,SP,29,29,11.4,0,178.1,137.2,56.2,179.5,8.0,81.9,89.0,19.0,45.4,33.2,21.4,0.298
7448,Gio Gonzalez,WAS,SP,29,29,11.7,0,178.1,172.5,64.2,159.9,4.4,72.6,79.3,16.0,45.1,33.8,21.2,0.294
7312,Josh Collmenter,ARI,SP,29,29,8.6,0,178.1,123.7,50.6,185.8,4.7,88.0,94.5,27.0,38.8,40.9,20.3,0.286
10954,Jacob deGrom,NYN,SP,29,29,10.3,0,178.1,160.3,53.5,167.6,4.4,75.8,82.6,18.0,46.8,33.1,20.2,0.296
3815,Mat Latos,MIA,SP,28,28,9.8,0,177.3,131.0,50.4,178.2,5.9,79.9,86.7,19.0,43.4,36.1,20.6,0.293
11713,Matt Harvey,NYN,SP,28,28,11.3,0,175.5,192.3,47.3,146.9,6.1,58.6,64.7,15.0,46.2,33.6,20.2,0.292
14444,Hyun-Jin Ryu,LAN,SP,29,29,11.5,0,175.2,155.6,41.3,159.9,4.1,63.7,70.5,16.0,48.6,31.4,20.0,0.29
4538,Jason Hammel,CHN,SP,29,29,10.7,0,175.2,155.7,49.7,167.4,7.4,75.2,81.8,19.0,44.6,35.0,20.4,0.296
1451,Aaron Harang,PHI,SP,29,29,7.7,0,175.2,134.1,60.6,181.9,4.3,92.2,98.8,26.0,40.3,39.8,19.9,0.294
3990,Edinson Volquez,KC,SP,29,29,9.3,0,175.2,126.3,70.0,176.2,8.0,88.2,95.5,19.0,45.7,33.6,20.7,0.293
4776,Matt Shoemaker,LAA,SP,29,29,10.9,0,175.2,137.1,38.9,175.1,6.2,77.3,83.7,21.0,41.7,38.2,20.2,0.293
11855,Yordano Ventura,KC,SP,29,29,10.2,0,175.2,153.9,64.9,159.8,6.7,73.8,80.7,16.0,46.7,32.6,20.7,0.289
7531,Collin McHugh,HOU,SP,29,29,10.4,0,175.2,156.8,49.9,167.0,7.0,76.2,82.6,21.0,43.1,36.5,20.2,0.293
13431,Marcus Stroman,TOR,SP,29,29,11.7,0,175.2,155.9,46.2,167.3,5.5,71.2,78.1,16.0,49.6,29.6,21.0,0.301
1051,Jake Peavy,SF,SP,28,28,10.6,0,174.5,144.0,47.8,166.1,6.4,71.6,77.7,20.0,39.3,40.7,20.0,0.286
15764,Masahiro Tanaka,NYA,SP,28,28,11.3,0,174.5,156.4,35.1,160.5,5.9,65.4,71.8,19.0,45.8,34.2,20.1,0.287
4662,Brandon McCarthy,LAN,SP,28,28,11.3,0,174.5,140.3,31.5,169.2,5.3,66.7,73.8,15.0,51.9,28.1,20.0,0.296
14107,Kevin Gausman,BAL,SP,29,29,10.3,0,172.3,142.9,55.7,166.5,4.2,78.0,84.5,22.0,43.3,36.3,20.2,0.288
10197,Shelby Miller,ATL,SP,29,29,9.2,0,172.3,154.3,62.5,164.8,5.6,78.0,84.2,21.0,39.7,39.5,20.9,0.292
3201,Francisco Liriano,PIT,SP,29,29,10.8,0,172.3,176.1,70.1,148.1,4.6,68.1,75.0,11.0,50.8,28.7,20.5,0.299
4897,Scott Kazmir,OAK,SP,29,29,10.7,0,170.5,147.4,47.5,160.7,4.5,69.8,76.1,18.0,42.7,36.7,20.6,0.291
7754,Mike Fiers,MIL,SP,28,28,11.1,0,170.5,173.2,44.0,154.7,5.4,66.2,71.6,23.0,37.6,41.4,21.0,0.288
6283,Scott Feldman,HOU,SP,28,28,8.6,0,170.5,107.8,48.8,186.5,7.5,91.0,98.2,21.0,47.0,32.8,20.2,0.301
5669,Henderson Alvarez,MIA,SP,28,28,10.0,0,170.5,105.5,39.2,181.6,6.5,73.5,81.2,13.0,54.3,25.1,20.6,0.305
3830,Ricky Nolasco,MIN,SP,29,29,9.2,0,170.5,119.5,41.1,185.4,6.6,85.9,92.5,21.0,42.6,36.2,21.2,0.305
3580,C.J. Wilson,LAA,SP,29,29,9.9,0,169.4,143.0,71.7,161.2,7.1,79.3,86.3,15.0,47.5,32.3,20.2,0.297
5867,Danny Salazar,CLE,SP,29,29,11.4,0,169.4,178.3,54.7,148.2,4.2,65.0,70.5,20.0,37.9,41.4,20.6,0.288
1757,Dan Haren,MIA,SP,29,29,9.8,0,169.4,128.4,36.0,171.3,4.7,73.5,79.6,20.0,40.5,38.9,20.6,0.292
10123,Kyle Gibson,MIN,SP,29,29,9.3,0,169.4,108.4,55.4,184.1,4.8,84.6,92.1,16.0,50.7,28.2,21.2,0.308
10732,Drew Hutchison,TOR,SP,29,29,11.0,0,169.4,161.8,54.7,160.1,7.2,76.4,82.1,23.0,37.8,41.2,21.0,0.292
9132,Nathan Eovaldi,NYA,SP,29,29,9.4,0,169.4,118.1,48.1,175.4,5.2,83.2,89.8,24.0,43.2,36.7,20.1,0.288
2047,Jorge de la Rosa,COL,SP,29,29,9.8,0,169.4,131.0,61.6,175.3,6.7,83.9,91.0,18.0,47.9,29.9,22.3,0.305
2155,Alfredo Simon,DET,SP,29,29,9.1,0,169.4,99.9,54.9,185.8,9.9,92.3,99.4,22.0,45.3,34.6,20.0,0.296
921,Tim Hudson,SF,SP,28,28,9.3,0,169.0,109.3,39.0,177.0,6.0,73.6,81.0,13.0,53.1,26.9,20.0,0.302
6329,John Danks,CHA,SP,28,28,8.6,0,169.0,110.8,57.6,183.8,6.6,93.4,100.1,25.0,42.2,37.7,20.1,0.296
3340,Matt Garza,MIL,SP,28,28,9.0,0,169.0,140.3,49.5,170.4,5.6,79.5,85.9,22.0,43.3,35.7,21.0,0.298
6397,Jake Odorizzi,TB,SP,29,29,9.9,0,166.4,152.2,56.8,155.0,4.7,72.0,77.3,23.0,33.4,46.2,20.3,0.282
6632,Carlos Carrasco,CLE,SP,28,28,10.8,0,166.2,159.4,46.7,152.8,5.8,65.1,71.5,14.0,49.7,29.8,20.6,0.302
7024,Miguel Gonzalez,BAL,SP,28,28,9.3,0,166.2,115.5,52.0,172.3,6.0,83.6,89.7,27.0,38.6,41.2,20.2,0.282
2038,Justin Masterson,BOS,SP,28,28,10.6,0,166.2,129.3,71.4,163.9,11.6,77.7,85.1,12.0,53.7,24.9,21.4,0.304
3284,Anibal Sanchez,DET,SP,28,28,10.8,0,166.2,145.7,42.8,157.3,4.2,69.5,75.7,17.0,45.3,34.6,20.0,0.294
10304,Jarred Cosart,MIA,SP,28,28,8.9,0,165.0,118.4,70.5,167.2,4.9,79.3,86.8,12.0,53.7,25.7,20.6,0.305
9784,Garrett Richards,LAA,SP,27,27,11.0,0,164.3,149.7,52.9,151.4,5.7,65.3,71.9,12.0,51.4,28.4,20.2,0.3
4732,Matt Cain,SF,SP,27,27,9.7,0,164.3,138.4,47.9,155.2,5.4,68.2,74.1,18.0,40.9,39.1,20.0,0.288
9674,Vidal Nuno,ARI,SP,29,29,9.1,0,163.5,137.2,44.3,158.3,5.5,68.9,74.7,21.0,40.2,39.5,20.3,0.288
5372,Michael Pineda,NYA,SP,28,28,10.0,0,163.4,136.2,36.8,157.9,4.8,69.6,75.3,23.0,40.5,39.5,20.1,0.283
9492,Bud Norris,BAL,SP,28,28,10.0,0,163.4,139.8,54.8,155.3,8.1,73.2,79.2,22.0,41.4,38.3,20.2,0.285
14078,Michael Wacha,STL,SP,28,28,10.4,0,160.7,146.7,48.3,146.2,4.7,64.1,70.0,16.0,43.2,36.1,20.6,0.288
2608,Jhoulys Chacin,COL,SP,28,28,8.5,0,160.7,104.0,57.7,179.3,4.4,88.9,95.7,22.0,45.2,32.6,22.3,0.304
404,CC Sabathia,NYA,SP,28,28,9.3,0,160.7,127.3,42.7,155.8,5.8,69.3,75.6,18.0,46.7,33.2,20.1,0.289
10021,Mike Minor,ATL,SP,28,28,8.5,0,160.7,134.9,44.7,159.5,4.7,71.7,77.3,21.0,38.9,40.2,20.9,0.294
4371,Jeremy Hellickson,ARI,SP,29,29,8.5,0,160.6,127.8,44.8,158.9,4.9,72.9,79.0,20.0,43.0,36.7,20.3,0.29
7410,J.A. Happ,SEA,SP,32,24,9.9,0,159.6,135.8,53.8,151.7,3.6,70.4,76.1,19.0,40.3,39.8,19.9,0.287
11828,James Paxton,SEA,SP,28,28,9.6,0,157.9,133.4,61.2,148.8,3.8,68.9,75.6,13.0,51.6,28.5,19.9,0.298
12673,Roenis Elias,SEA,SP,28,28,9.5,0,154.0,129.4,56.7,145.4,7.2,68.1,74.1,16.0,45.2,34.9,19.9,0.29
9884,Travis Wood,CHN,SP,28,28,8.7,0,154.0,119.6,56.8,154.9,6.2,75.0,80.5,23.0,36.1,43.5,20.4,0.286
3542,Danny Duffy,KC,SP,26,26,8.9,0,146.7,121.2,56.8,138.4,5.5,63.2,68.3,19.0,36.6,42.8,20.7,0.28
2929,Jeff Locke,PIT,SP,24,24,8.6,0,145.8,107.3,53.4,145.9,5.3,66.6,72.9,12.0,50.4,29.2,20.5,0.301
6435,Vance Worley,PIT,SP,24,24,8.8,0,145.8,101.4,34.5,152.0,5.2,64.8,70.8,14.0,48.6,31.0,20.5,0.302
10058,Tyler Matzek,COL,SP,24,24,8.2,0,145.8,113.8,68.3,151.2,4.4,78.0,84.2,16.0,47.2,30.5,22.3,0.306
16017,Odrisamer Despaigne,SD,SP,24,24,7.8,0,145.8,118.8,52.5,143.2,6.0,68.4,74.3,14.0,48.3,31.5,20.1,0.3
3855,Brett Oberholtzer,HOU,SP,24,24,8.1,0,145.8,100.0,35.0,156.9,3.9,72.9,78.2,22.0,38.2,41.6,20.2,0.293
12049,Kyle Hendricks,CHN,SP,24,24,8.6,0,143.4,105.2,34.6,146.4,5.3,64.2,70.0,16.0,46.7,32.9,20.4,0.296
12555,Tony Cingrani,CIN,SP,26,26,8.4,0,141.5,149.4,59.4,120.4,3.7,56.8,61.6,19.0,38.6,41.3,20.1,0.279
9346,Brandon Morrow,SD,SP,26,26,7.8,0,141.4,130.0,47.3,133.4,3.6,61.4,66.7,14.0,44.8,35.0,20.1,0.298
13287,Jesse Hahn,OAK,SP,24,24,8.2,0,140.9,110.1,54.6,137.3,5.6,66.4,72.1,14.0,46.1,33.3,20.6,0.293
6230,Kyle Kendrick,COL,SP,23,23,7.9,0,140.7,83.9,39.4,160.8,6.2,76.7,82.6,20.0,45.0,32.8,22.3,0.303
3886,Gavin Floyd,CLE,SP,24,24,8.2,0,139.1,108.6,41.9,139.8,6.9,64.9,70.4,16.0,45.5,34.0,20.6,0.297
10547,Jimmy Nelson,MIL,SP,24,24,7.9,0,138.5,123.1,51.2,132.9,7.9,64.6,70.1,15.0,46.9,32.1,21.0,0.299
11682,Carlos Martinez,STL,SP,28,28,8.5,0,137.5,116.4,51.7,127.7,7.4,58.6,64.3,11.0,49.7,29.7,20.6,0.293
2859,Ross Detwiler,TEX,SP,26,26,7.3,0,137.3,81.7,46.3,152.6,6.3,74.8,80.5,18.0,44.0,35.1,20.9,0.3
1259,Colby Lewis,TEX,SP,23,23,7.7,0,136.3,99.6,36.8,146.3,5.8,70.4,75.0,23.0,35.1,43.9,20.9,0.292
6570,Tom Koehler,MIA,SP,23,23,7.4,0,136.2,106.5,50.6,136.2,4.9,65.6,70.9,14.0,44.0,35.4,20.6,0.298
5705,Tim Lincecum,SF,SP,29,21,7.3,0,134.4,118.8,48.1,124.8,4.3,58.7,64.1,11.0,47.8,32.2,20.0,0.296
8753,Tanner Roark,WAS,SP,36,19,8.2,0,132.6,96.3,32.0,135.9,4.8,59.2,64.3,16.0,43.2,35.7,21.2,0.294
1011,Ryan Vogelsong,SF,SP,23,23,7.5,0,131.7,103.5,41.6,128.8,5.8,59.2,64.1,14.0,42.5,37.5,20.0,0.291
6895,Chase Anderson,ARI,SP,23,23,7.3,0,131.7,117.7,39.8,123.8,4.3,55.2,60.0,15.0,43.3,36.4,20.3,0.29
11426,Drew Pomeranz,OAK,SP,24,24,7.8,0,131.2,116.6,52.6,121.0,3.8,57.7,62.7,13.0,43.2,36.3,20.6,0.29
1137,Jerome Williams,PHI,SP,32,16,6.0,0,131.2,88.4,41.6,140.2,5.2,67.4,73.0,15.0,49.9,30.2,19.9,0.302
5448,Jesse Chavez,OAK,SP,32,16,7.7,0,129.6,112.3,39.7,122.5,4.6,54.2,59.0,14.0,42.7,36.7,20.6,0.292
13050,Anthony DeSclafani,CIN,SP,24,24,6.7,0,128.8,103.5,36.0,128.1,5.0,61.5,66.3,18.0,42.7,37.2,20.1,0.289
7593,Jordan Lyles,COL,SP,22,22,7.6,0,127.0,89.8,41.4,137.5,6.6,64.3,69.8,14.0,50.6,27.1,22.3,0.31
5401,Brad Peacock,HOU,SP,24,24,6.6,0,123.9,106.9,52.9,121.5,4.0,63.5,68.0,18.0,38.3,41.5,20.2,0.29
9761,Joe Kelly,BOS,SP,32,16,7.1,0,116.6,78.8,44.4,122.9,5.1,59.1,64.2,11.0,49.0,29.6,21.4,0.303
3292,Hector Noesi,CHA,SP,32,16,5.8,0,115.0,80.9,39.2,123.9,2.9,63.9,68.2,19.0,38.9,41.0,20.1,0.293
10756,Shane Greene,DET,SP,32,16,6.5,0,110.2,81.9,38.9,112.0,5.3,54.5,59.1,12.0,47.9,32.0,20.0,0.298
4676,Charlie Morton,PIT,SP,18,18,6.6,0,107.4,79.7,34.7,108.1,8.5,46.0,50.8,7.0,55.9,23.6,20.5,0.307
11490,Aaron Sanchez,TOR,SP,19,19,5.9,0,106.7,88.7,52.6,104.4,5.5,54.3,58.8,10.0,49.5,29.6,21.0,0.302
9460,Dan Straily,HOU,SP,29,13,5.9,0,103.9,88.7,39.2,102.3,4.1,50.9,54.5,16.0,36.3,43.6,20.2,0.287
4026,Hector Santiago,LAA,SP,32,16,6.0,0,100.4,84.0,40.0,95.5,5.2,45.2,48.6,13.0,35.2,44.6,20.2,0.283
8223,Brett Anderson,LAN,SP,17,17,6.1,0,96.9,76.8,31.3,92.9,2.6,38.8,43.1,7.0,55.7,24.2,20.0,0.299
4020,Yusmeiro Petit,SF,SP,28,11,5.9,0,96.8,98.8,19.9,82.9,1.7,30.4,33.3,10.0,38.2,41.7,20.0,0.284
11176,David Buchanan,PHI,SP,16,16,4.4,0,95.6,60.5,30.4,103.1,4.9,49.5,53.6,11.0,49.1,31.0,19.9,0.299
9111,Brad Hand,MIA,SP,44,3,4.8,0,94.9,81.1,36.6,89.9,2.1,40.2,44.0,8.0,47.2,32.2,20.6,0.299
10354,Robbie Erlin,SD,SP,29,13,4.7,0,93.2,82.2,24.5,88.2,2.2,35.9,39.2,9.0,44.0,35.9,20.1,0.295
6661,Alex Colome,TB,SP,16,16,4.8,0,92.3,72.8,35.7,90.5,3.9,44.2,47.8,11.0,42.1,37.6,20.3,0.291
6316,David Phelps,MIA,SP,32,8,5.2,0,92.3,81.1,33.3,86.9,4.3,38.6,42.2,8.0,45.5,33.9,20.6,0.297
11836,Taijuan Walker,SEA,SP,16,16,5.7,0,92.3,82.7,34.7,84.8,5.2,40.4,43.9,9.0,45.6,34.4,19.9,0.29
7608,Tommy Milone,MIN,SP,16,16,5.0,0,90.7,60.5,24.9,98.5,2.5,45.7,49.0,13.0,38.4,40.4,21.2,0.297
13475,Daniel Norris,TOR,SP,29,13,5.3,0,87.7,89.6,37.1,78.3,2.8,37.3,40.5,10.0,42.1,37.0,21.0,0.294
11716,Nick Tepesch,TEX,SP,26,10,4.6,0,87.7,55.4,26.8,97.0,4.4,46.4,49.9,12.0,44.4,34.6,20.9,0.301
9943,Todd Redmond,TOR,RP,49,0,4.4,0,87.5,79.1,25.8,84.9,3.1,37.3,40.0,13.0,34.3,44.7,21.0,0.289
15514,Kendall Graveman,OAK,SP,37,13,4.7,0,86.9,52.1,24.8,93.2,2.7,43.4,47.0,10.0,45.3,34.0,20.6,0.295
13453,Eddie Butler,COL,SP,16,16,4.6,0,85.9,53.2,32.4,97.0,2.7,49.4,53.2,11.0,47.3,30.5,22.3,0.306
1994,Ivan Nova,NYA,SP,17,17,5.0,0,85.8,66.5,25.5,84.9,4.9,38.9,42.4,10.0,48.7,31.2,20.1,0.293
11366,Brandon Cumpton,PIT,SP,31,7,4.7,0,85.0,54.6,26.3,90.5,5.1,41.8,45.5,8.0,48.2,31.3,20.5,0.301
11530,Jose Fernandez,MIA,SP,14,14,5.8,0,84.9,98.7,26.4,67.8,2.5,27.1,30.0,6.0,45.9,33.5,20.6,0.294
12730,Nick Martinez,TEX,SP,26,10,4.1,0,84.8,53.2,33.8,95.2,3.0,50.7,53.8,16.0,34.9,44.1,20.9,0.291
11428,Brandon Workman,BOS,SP,26,10,5.4,0,84.8,65.4,28.9,85.5,1.9,41.0,44.2,10.0,41.9,36.7,21.4,0.294
1841,Edwin Jackson,CHN,SP,16,16,4.6,0,84.2,73.0,27.1,81.2,2.2,37.3,40.6,8.0,46.2,33.4,20.4,0.298
3374,Ubaldo Jimenez,BAL,SP,21,13,4.6,0,83.7,75.3,37.8,76.9,2.6,39.5,42.7,10.0,42.2,37.6,20.2,0.285
1701,Chris Capuano,NYA,SP,28,11,4.9,0,83.2,64.3,25.5,82.2,2.0,38.4,41.5,11.0,41.5,38.4,20.1,0.285
14916,Jonathan Gray,COL,SP,14,14,5.1,0,82.9,69.2,29.9,84.3,2.9,41.0,44.3,10.0,45.0,32.7,22.3,0.303
6249,Trevor Cahill,ARI,SP,16,16,4.4,0,82.6,68.1,35.0,79.2,3.3,38.6,42.2,7.0,53.5,26.2,20.3,0.3
7396,Dillon Gee,NYN,SP,26,10,4.3,0,82.5,60.6,22.9,85.4,3.2,39.8,43.1,10.0,44.1,35.8,20.2,0.296
1118,Marco Estrada,TOR,SP,36,3,4.3,0,82.4,76.3,18.1,77.9,1.8,31.7,34.1,13.0,32.4,46.7,21.0,0.282
1890,Matt Moore,TB,SP,15,15,4.9,0,82.0,73.4,34.1,74.7,2.7,36.0,39.0,9.0,39.4,40.3,20.3,0.284
7725,David Holmberg,CIN,SP,31,7,3.8,0,81.1,53.7,29.9,85.2,3.3,43.4,46.6,12.0,41.8,38.1,20.1,0.287
15423,Andrew Heaney,LAA,SP,16,16,5.1,0,81.0,65.3,24.6,79.1,3.4,35.5,38.6,9.0,42.9,36.9,20.2,0.293
5203,Mike Pelfrey,MIN,SP,16,16,4.0,0,81.0,48.8,28.5,91.0,3.4,45.4,48.7,10.0,43.4,35.4,21.2,0.304
6627,Brad Brach,BAL,RP,57,0,3.9,0,79.4,78.0,31.0,69.7,2.2,32.1,34.8,10.0,37.7,42.1,20.2,0.279
7385,Dan Otero,OAK,RP,65,0,3.8,0,77.8,48.5,18.5,82.1,2.6,31.6,35.0,6.0,53.8,25.6,20.6,0.303
11137,Mike Bolsinger,LAN,SP,24,8,4.0,0,77.0,75.4,21.6,67.3,2.2,25.6,28.5,6.0,49.8,30.1,20.0,0.293
11132,A.J. Griffin,OAK,SP,13,13,4.8,0,76.0,60.2,20.1,74.7,2.3,33.0,35.5,11.0,35.1,44.3,20.6,0.282
4913,Jarrod Parker,OAK,SP,13,13,4.4,0,76.0,55.1,24.2,77.2,2.4,36.3,39.3,9.0,42.9,36.5,20.6,0.293
10185,Jacob Turner,CHN,SP,24,8,3.7,0,74.5,56.7,22.5,76.3,2.0,34.7,37.7,8.0,47.0,32.6,20.4,0.301
12572,Blake Treinen,WAS,SP,24,8,4.0,0,73.7,57.7,17.8,73.2,2.8,28.3,31.4,6.0,52.7,26.2,21.2,0.304
11384,Tommy Kahnle,COL,RP,57,0,3.5,0,73.7,71.4,36.5,69.3,2.1,35.2,38.1,8.0,44.5,33.2,22.3,0.303
9975,Tom Wilhelmsen,SEA,RP,57,0,3.6,0,73.7,71.1,30.6,64.9,2.4,30.4,33.2,6.0,46.9,33.2,19.9,0.292
3507,Andre Rienzo,MIA,SP,44,3,3.8,0,73.3,60.8,29.3,71.3,2.7,34.2,37.2,6.0,48.0,31.4,20.6,0.302
7274,Craig Stammen,WAS,RP,49,0,3.7,0,72.9,61.5,21.6,69.4,2.4,28.4,31.3,6.0,49.1,29.7,21.2,0.298
15467,Marco Gonzales,STL,SP,32,8,4.4,0,72.9,62.7,25.1,66.9,2.3,28.5,31.2,7.0,42.5,36.9,20.6,0.285
9266,Daniel Corcino,CIN,SP,29,5,3.2,0,72.1,54.0,36.1,72.3,4.6,39.8,42.8,10.0,42.4,37.5,20.1,0.286
9029,Adam Warren,NYA,RP,65,0,3.5,0,71.3,65.5,23.1,64.3,2.3,27.3,30.0,7.0,45.8,34.1,20.1,0.287
8501,Danny Farquhar,SEA,RP,65,0,3.8,3,71.3,75.8,23.9,59.5,2.6,23.9,26.4,6.0,44.7,35.2,19.9,0.289
10481,Shawn Tolleson,TEX,RP,65,0,3.5,0,71.3,68.0,29.1,66.1,2.1,30.9,33.4,8.0,40.0,39.1,20.9,0.293
3993,Allen Webster,ARI,SP,13,13,3.6,0,70.2,54.3,28.0,68.9,5.3,34.2,37.2,8.0,47.5,32.2,20.3,0.292
3862,Rubby de la Rosa,ARI,SP,24,8,3.7,0,69.7,57.7,25.9,67.1,2.8,32.1,34.9,7.0,48.1,31.5,20.3,0.295
14814,Buck Farmer,DET,SP,26,10,3.8,0,69.6,52.0,24.1,71.3,2.6,35.3,37.9,9.0,41.7,38.3,20.0,0.293
12833,Alex Meyer,MIN,SP,12,12,4.0,0,69.0,65.2,30.3,64.9,3.1,32.5,35.1,7.0,42.9,35.9,21.2,0.301
11334,Tyler Lyons,STL,SP,23,7,4.2,0,68.2,58.1,17.6,64.1,2.3,26.4,29.0,7.0,44.8,34.6,20.6,0.291
9918,Kevin Slowey,PHI,SP,29,5,3.2,0,68.2,51.2,17.8,71.7,2.6,34.1,36.5,11.0,39.1,40.9,19.9,0.293
10558,Daniel Webb,CHA,RP,57,0,3.1,0,68.0,63.6,34.7,62.7,2.2,32.3,35.1,6.0,47.8,32.1,20.1,0.299
6819,Robbie Ross,BOS,RP,57,0,4.3,0,68.0,45.4,24.6,71.0,3.5,32.5,35.5,6.0,50.4,28.2,21.4,0.302
13763,Dominic Leone,SEA,RP,57,0,3.5,0,68.0,67.7,26.1,58.3,2.4,24.8,27.4,5.0,49.6,30.5,19.9,0.293
9037,J.J. Hoover,CIN,RP,57,0,3.3,0,68.0,73.5,28.0,56.9,2.0,25.3,27.4,9.0,34.2,45.7,20.1,0.274
9388,Josh Tomlin,CLE,SP,36,3,3.8,0,67.2,55.2,12.6,67.3,1.9,27.6,29.9,8.0,41.3,38.0,20.6,0.295
12304,Chris Bassitt,OAK,SP,28,3,3.5,0,66.8,50.2,28.9,66.1,3.2,32.7,35.4,7.0,43.1,36.2,20.6,0.291
9323,Patrick Corbin,ARI,SP,11,11,4.1,0,66.1,59.7,17.8,61.1,2.4,25.2,27.7,6.0,47.2,32.4,20.3,0.293
5088,Franklin Morales,KC,SP,36,3,3.6,0,65.9,48.3,27.5,69.8,3.0,35.1,37.8,9.0,43.6,34.2,22.3,0.301
10982,Chase Whitley,NYA,SP,24,8,3.5,0,65.6,56.2,19.2,62.0,2.5,27.1,29.5,8.0,44.8,35.1,20.1,0.288
7624,Carlos Torres,NYN,RP,65,0,3.1,0,64.8,62.3,19.8,58.8,2.2,24.4,26.7,6.0,45.2,34.6,20.2,0.295
7293,Brad Ziegler,ARI,RP,65,0,3.1,0,64.8,46.3,22.3,64.3,2.4,24.5,27.6,4.0,61.1,18.6,20.3,0.305
6033,Kelvin Herrera,KC,RP,65,0,3.4,0,64.8,66.1,22.5,53.6,2.4,21.3,23.7,4.0,49.3,29.9,20.7,0.288
7441,Wade Davis,KC,RP,65,0,3.6,0,64.8,75.2,21.0,49.8,2.0,18.0,20.1,5.0,44.2,35.0,20.7,0.284
4090,Luke Gregerson,HOU,RP,65,0,3.1,20,64.8,55.6,19.0,62.0,2.3,26.7,29.1,7.0,45.8,34.1,20.2,0.295
3321,Darren O'Day,BAL,RP,65,0,3.4,2,64.8,63.5,19.3,56.5,3.7,23.1,25.3,7.0,40.7,39.0,20.2,0.281
2642,Scott Atchison,CLE,RP,65,0,3.1,0,64.8,48.4,16.9,66.2,1.4,27.3,29.9,6.0,50.5,29.0,20.6,0.304
10343,Aaron Loup,TOR,RP,65,0,3.4,0,64.8,56.4,22.8,60.8,3.7,24.8,27.5,5.0,51.4,27.7,21.0,0.299
3281,Joe Smith,LAA,RP,65,0,3.3,0,64.8,55.3,19.8,60.9,3.0,24.3,26.9,5.0,51.0,28.9,20.2,0.299
6415,Stolmy Pimentel,PIT,RP,41,0,3.2,0,64.8,57.4,21.7,60.3,2.3,25.5,27.7,7.0,39.6,40.0,20.5,0.289
8110,Bryan Shaw,CLE,RP,65,0,3.1,0,64.8,55.3,22.4,62.8,2.3,28.1,30.6,6.0,45.5,33.9,20.6,0.299
8844,Antonio Bastardo,PIT,RP,65,0,3.3,0,64.8,70.7,28.1,53.6,2.2,23.3,25.3,7.0,35.0,44.6,20.5,0.284
6483,Steve Cishek,MIA,RP,65,0,3.4,30,64.8,69.8,22.0,54.1,2.3,21.4,23.7,4.0,47.7,31.7,20.6,0.297
3240,Zach Britton,BAL,RP,65,0,3.4,30,64.8,56.6,22.8,58.6,2.0,22.9,25.7,4.0,57.8,22.2,20.2,0.298
5003,Jake Diekman,PHI,RP,65,0,3.1,0,64.8,81.3,29.4,49.0,2.4,21.9,24.2,5.0,48.9,31.2,19.9,0.295
3132,Tony Watson,PIT,RP,65,0,3.5,0,64.8,64.3,17.8,56.2,3.2,21.0,23.2,5.0,44.9,34.6,20.5,0.292
6655,Craig Kimbrel,ATL,RP,65,0,3.8,35,64.8,95.3,22.5,41.9,2.3,14.4,16.3,4.0,45.9,33.3,20.9,0.29
4264,Mark Melancon,PIT,RP,65,0,3.6,25,64.8,61.5,14.5,58.2,2.4,19.4,21.9,4.0,54.9,24.6,20.5,0.303
12235,Seth Maness,STL,RP,65,0,3.3,0,64.8,44.7,12.6,65.5,2.1,23.1,25.9,4.0,55.3,24.1,20.6,0.301
6216,Dellin Betances,NYA,RP,65,0,3.6,25,64.8,84.7,26.4,46.1,3.2,19.1,21.2,5.0,45.1,34.8,20.1,0.284
8241,David Robertson,CHA,RP,65,0,3.5,30,64.8,79.8,22.9,50.7,1.9,20.9,23.1,5.0,46.0,33.8,20.1,0.296
12027,Brian Flynn,KC,SP,28,3,3.3,0,64.6,47.1,20.2,63.6,2.3,27.4,29.9,7.0,43.7,35.5,20.7,0.288
9756,David Hale,COL,SP,29,5,3.1,0,63.4,42.1,23.3,68.8,2.8,31.9,34.7,6.0,51.1,26.7,22.3,0.308
9486,George Kontos,SF,RP,49,0,3.1,0,63.2,58.0,19.4,56.9,1.6,22.9,25.1,6.0,43.3,36.7,20.0,0.29
3357,Cesar Ramos,LAA,RP,49,0,3.1,0,63.2,52.2,22.6,60.6,1.8,26.9,29.3,6.0,43.9,35.9,20.2,0.294
7407,Javy Guerra,CHA,RP,57,0,2.8,0,62.4,51.7,26.8,62.1,3.1,31.1,33.5,8.0,43.0,36.7,20.1,0.297
2873,Santiago Casilla,SF,RP,57,0,3.0,10,62.4,55.4,22.8,56.7,2.4,23.8,26.3,4.0,50.4,29.6,20.0,0.296
10234,Bryan Morris,MIA,RP,57,0,3.0,0,62.4,53.1,22.9,58.9,2.3,24.5,27.2,4.0,53.5,25.9,20.6,0.303
9080,Zach Putnam,CHA,RP,57,0,2.9,0,62.4,53.9,24.8,60.1,1.8,29.0,31.4,6.0,46.9,33.0,20.1,0.298
10534,Jake Petricka,CHA,RP,57,0,2.9,0,62.4,51.1,29.6,60.5,2.0,28.8,31.5,5.0,54.8,25.2,20.1,0.304
18,Neftali Feliz,TEX,RP,57,0,3.1,20,62.4,57.0,24.4,58.7,2.3,26.5,28.6,8.0,36.4,42.7,20.9,0.287
5985,Randall Delgado,ARI,SP,24,8,3.2,0,61.6,58.3,21.1,55.7,2.0,25.0,27.2,7.0,42.4,37.2,20.3,0.288
7731,Juan Nicasio,LAN,SP,24,8,3.1,0,61.6,54.4,17.0,56.8,1.6,23.0,25.3,6.0,45.5,34.5,20.0,0.289
9227,Koji Uehara,BOS,RP,62,0,3.8,30,61.6,68.4,12.7,50.1,1.6,16.4,18.1,6.0,36.6,42.0,21.4,0.28
3237,T.J. McFarland,BAL,RP,41,0,3.1,0,60.8,45.9,18.1,58.9,2.3,23.1,25.7,5.0,54.1,25.8,20.2,0.296
10326,Chad Jenkins,TOR,RP,41,0,2.9,0,60.8,37.5,14.7,66.9,2.0,29.4,31.9,7.0,46.6,32.5,21.0,0.301
9121,T.J. House,CLE,SP,23,7,3.7,0,60.7,43.8,18.1,62.3,2.6,26.3,29.0,4.0,55.3,24.2,20.6,0.307
11762,Noah Syndergaard,NYN,SP,11,11,3.6,0,59.4,58.1,18.5,53.6,2.0,23.8,26.0,6.0,46.2,33.6,20.2,0.295
12385,Nicholas Tropeano,LAA,SP,37,5,3.4,0,58.9,50.9,17.6,56.1,2.0,24.9,27.0,6.0,41.5,38.3,20.2,0.292
2895,Zach McAllister,CLE,SP,23,7,3.2,0,58.8,54.4,15.3,55.8,1.5,23.6,25.6,7.0,40.2,39.2,20.6,0.295
12183,Cody Allen,CLE,RP,65,0,3.1,30,58.3,69.7,21.2,46.8,1.4,19.2,20.9,6.0,36.9,42.6,20.6,0.289
3220,Jean Machi,SF,RP,65,0,2.9,0,58.3,50.2,17.8,53.7,1.7,21.4,23.7,4.0,50.0,30.0,20.0,0.295
1247,Adam Ottavino,COL,RP,65,0,3.1,3,58.3,61.4,19.4,52.1,2.0,22.2,24.3,5.0,45.9,31.8,22.3,0.302
11720,Justin Grimm,CHN,RP,65,0,3.0,0,58.3,56.6,17.8,52.5,1.9,21.3,23.5,5.0,46.5,33.1,20.4,0.296
2332,Joel Peralta,LAN,RP,65,0,3.1,5,58.3,61.2,17.9,48.8,1.4,19.4,21.1,7.0,36.5,43.5,20.0,0.277
4070,Pedro Strop,CHN,RP,65,0,3.0,0,58.3,64.2,23.7,47.9,3.0,20.2,22.5,3.0,54.0,25.6,20.4,0.301
4079,Junichi Tazawa,BOS,RP,65,0,3.2,2,58.3,58.1,16.5,51.7,1.5,20.3,22.3,6.0,40.9,37.6,21.4,0.292
10149,Aaron Crow,MIA,RP,65,0,2.6,0,58.3,46.2,23.0,57.2,1.7,26.2,28.6,5.0,47.9,31.5,20.6,0.3
1514,Oliver Perez,ARI,RP,65,0,2.9,0,58.3,65.0,23.2,47.5,2.5,20.2,22.2,6.0,42.2,37.5,20.3,0.286
5640,Tyler Clippard,OAK,RP,65,0,3.1,0,58.3,58.6,21.5,49.6,2.0,20.4,22.2,7.0,31.7,47.8,20.6,0.273
8350,A.J. Ramos,MIA,RP,65,0,2.7,0,58.3,59.5,29.0,50.3,2.0,24.6,26.7,5.0,41.6,37.8,20.6,0.292
7555,Nick Vincent,SD,RP,65,0,2.8,0,58.3,58.1,18.1,51.9,2.3,21.1,23.1,6.0,41.2,38.6,20.1,0.291
6983,Drew Storen,WAS,RP,65,0,3.0,25,58.3,51.8,16.8,54.5,2.0,22.2,24.4,5.0,45.7,33.1,21.2,0.295
4064,Brian Duensing,MIN,RP,65,0,2.7,0,58.3,43.6,19.5,59.7,1.7,26.0,28.3,6.0,44.5,34.3,21.2,0.301
5032,Dale Thayer,SD,RP,65,0,2.7,3,58.3,53.1,17.9,54.8,1.9,23.8,25.9,6.0,42.2,37.7,20.1,0.294
10587,Chad Bettis,COL,RP,49,0,2.9,0,58.3,51.1,19.2,58.0,2.3,25.6,27.8,6.0,45.8,31.9,22.3,0.305
6785,Andrew Miller,NYA,RP,65,0,3.3,7,58.3,80.0,21.7,39.8,2.7,15.8,17.7,4.0,46.7,33.2,20.1,0.284
7841,Jerry Blevins,WAS,RP,65,0,3.1,0,58.3,59.0,20.7,50.7,2.4,20.6,22.6,6.0,40.0,38.8,21.2,0.288
1797,Neal Cotts,MIL,RP,65,0,3.0,0,58.3,62.0,21.0,49.6,1.8,20.3,22.3,6.0,43.3,35.7,21.0,0.29
10498,Yoervis Medina,SEA,RP,65,0,2.9,0,58.3,59.9,26.4,49.2,2.9,22.4,24.7,4.0,50.1,30.0,19.9,0.294
3926,Casey Fien,MIN,RP,65,0,3.0,0,58.3,54.1,15.2,54.8,1.3,21.7,23.5,7.0,35.4,43.4,21.2,0.29
9817,Sergio Romo,SF,RP,65,0,3.0,10,58.3,54.3,15.3,51.7,2.3,19.8,21.8,5.0,42.4,37.5,20.0,0.286
6475,Kevin Jepsen,TB,RP,65,0,3.0,0,58.3,62.9,21.0,48.4,1.9,20.0,22.0,5.0,43.3,36.4,20.3,0.29
3547,Carlos Frias,LAN,RP,28,3,3.2,0,57.3,39.4,17.6,58.9,2.1,27.7,30.0,7.0,47.4,32.5,20.0,0.293
3877,Ethan Martin,PHI,RP,21,5,2.5,0,56.9,51.5,28.0,54.2,2.1,29.2,31.3,8.0,40.1,39.9,19.9,0.291
5285,Samuel Deduno,HOU,SP,21,5,2.9,0,56.9,44.6,24.2,57.2,3.5,27.9,30.4,5.0,54.1,25.8,20.2,0.308
5975,Jonathan Papelbon,PHI,RP,57,0,2.6,25,56.7,53.0,15.7,52.3,2.4,22.1,24.1,7.0,41.4,38.6,19.9,0.289
12910,Ken Giles,PHI,RP,57,0,2.9,10,56.7,73.9,24.7,41.6,1.9,17.7,19.6,4.0,44.6,35.4,19.9,0.29
8258,Huston Street,LAA,RP,57,0,2.9,30,56.7,49.3,16.8,53.4,1.3,22.9,24.7,7.0,36.5,43.3,20.2,0.286
10586,Addison Reed,ARI,RP,57,0,2.8,25,56.7,57.3,17.2,49.7,1.7,20.9,22.6,7.0,37.3,42.3,20.3,0.283
10133,Brad Boxberger,TB,RP,57,0,3.2,5,56.7,74.9,21.5,40.2,2.1,15.6,17.3,4.0,40.6,39.2,20.3,0.283
3164,Tim Collins,KC,RP,57,0,2.8,0,56.7,57.1,24.8,47.9,2.0,21.8,23.7,6.0,40.0,39.4,20.7,0.282
2391,Hector Rondon,CHN,RP,57,0,2.9,20,56.7,58.7,19.1,48.8,1.7,20.1,22.2,5.0,47.4,32.2,20.4,0.295
4955,Justin De Fratus,PHI,RP,57,0,2.4,0,56.7,49.6,19.4,54.3,2.7,24.8,26.9,6.0,44.2,35.9,19.9,0.294
9325,Jared Hughes,PIT,RP,57,0,2.7,0,56.7,41.0,19.2,56.8,3.0,23.4,25.9,4.0,55.8,23.8,20.5,0.305
7196,Greg Holland,KC,RP,57,0,3.3,35,56.7,73.8,19.2,39.9,1.2,14.4,16.1,4.0,44.0,35.3,20.7,0.283
718,Grant Balfour,TB,RP,57,0,2.6,0,56.7,52.3,26.4,50.7,1.5,24.1,26.2,6.0,41.7,38.0,20.3,0.286
7474,Ryan Webb,BAL,RP,57,0,2.7,0,56.7,41.1,18.0,56.0,1.9,24.6,27.0,6.0,49.5,30.2,20.2,0.291
729,LaTroy Hawkins,COL,RP,57,0,2.8,15,56.7,41.7,14.9,60.1,1.4,25.3,27.6,6.0,48.0,29.7,22.3,0.307
1437,Joaquin Benoit,SD,RP,57,0,3.0,25,56.7,67.7,17.9,44.5,1.6,16.7,18.5,5.0,40.8,39.1,20.1,0.288
8041,Glen Perkins,MIN,RP,57,0,3.0,30,56.7,59.3,15.3,49.9,2.1,18.5,20.3,6.0,39.4,39.3,21.2,0.294
10233,Aroldis Chapman,CIN,RP,57,0,3.7,35,56.7,100.1,22.4,28.4,2.2,9.4,10.8,4.0,41.9,38.0,20.1,0.273
10745,Trevor Rosenthal,STL,RP,57,0,3.1,25,56.7,68.3,22.8,42.7,2.5,17.5,19.4,4.0,43.5,35.8,20.6,0.285
5070,Josh Fields,HOU,RP,57,0,3.0,0,56.7,63.2,19.9,47.7,1.7,20.0,21.7,6.0,36.8,43.0,20.2,0.287
5114,Jeurys Familia,NYN,RP,57,0,2.7,0,56.7,57.6,23.5,49.5,1.7,22.3,24.6,4.0,50.4,29.4,20.2,0.299
4971,Fernando Salas,LAA,RP,57,0,2.8,0,56.7,50.0,17.0,53.5,1.7,23.3,25.1,7.0,36.4,43.3,20.2,0.288
494,Fernando Rodney,SEA,RP,57,0,3.0,25,56.7,58.9,21.0,47.3,1.9,20.0,22.2,4.0,50.2,29.8,19.9,0.292
1157,Tommy Hunter,BAL,RP,57,0,2.9,0,56.7,49.0,13.0,53.1,1.7,20.9,22.9,6.0,45.1,34.6,20.2,0.288
13442,Mike Morin,LAA,RP,57,0,2.9,0,56.7,50.9,18.3,52.2,2.1,22.2,24.2,5.0,42.9,37.0,20.2,0.291
12360,Kevin Quackenbush,SD,RP,57,0,2.6,3,56.7,56.1,22.3,50.7,2.1,23.0,25.0,5.0,43.4,36.5,20.1,0.295
3731,Brandon League,LAN,RP,57,0,2.6,0,56.7,39.8,20.6,56.8,2.3,24.3,26.9,4.0,56.7,23.2,20.0,0.302
8476,Jenrry Mejia,NYN,RP,57,0,2.7,20,56.7,56.5,19.3,50.5,1.7,21.3,23.4,4.0,50.4,29.4,20.2,0.301
3548,Liam Hendriks,TOR,SP,37,5,3.3,0,56.1,44.2,10.7,57.6,2.0,24.9,26.9,8.0,40.8,38.1,21.0,0.295
11424,Anthony Ranaudo,TEX,SP,23,7,2.7,0,55.8,41.4,20.6,58.5,1.7,28.6,30.6,9.0,37.4,41.7,20.9,0.292
1478,Felix Doubront,CHN,SP,28,5,3.0,0,55.8,49.8,19.6,52.2,1.8,23.3,25.4,5.0,45.7,33.8,20.4,0.294
12638,Nate Karns,TB,SP,23,7,3.1,0,55.2,52.1,21.5,49.6,2.2,23.0,25.0,6.0,42.2,37.5,20.3,0.289
10962,Jake Buchanan,HOU,RP,32,0,2.6,0,55.1,33.8,11.5,60.0,1.7,24.6,27.0,5.0,51.6,28.2,20.2,0.304
6317,Esmil Rogers,NYA,RP,36,3,2.6,0,54.9,46.6,17.2,52.2,2.2,22.9,24.9,6.0,45.4,34.5,20.1,0.29
6432,Tim Stauffer,MIN,RP,36,3,2.8,0,54.9,44.0,19.0,55.7,2.0,25.5,27.6,6.0,44.7,34.0,21.2,0.304
10314,Erasmo Ramirez,SEA,SP,21,5,2.9,0,53.7,41.1,14.9,53.6,2.4,24.5,26.5,7.0,40.9,39.1,19.9,0.289
3299,Chris Hatcher,LAN,RP,49,0,2.7,0,53.5,51.8,16.9,47.3,1.4,20.0,21.9,5.0,45.7,34.2,20.0,0.29
10307,Roman Mendez,TEX,RP,49,0,2.5,0,53.5,45.7,23.1,52.0,2.6,25.2,27.2,6.0,41.4,37.8,20.9,0.294
4878,Brandon Maurer,SD,RP,49,0,2.6,0,53.5,52.1,16.3,48.5,2.0,20.2,22.1,5.0,44.2,35.7,20.1,0.296
10925,Christian Bergman,COL,SP,10,10,2.8,0,53.4,31.8,12.5,63.0,1.5,30.9,32.9,10.0,38.8,39.0,22.3,0.301
9417,Kris Medlen,KC,SP,10,10,3.0,0,53.4,38.6,12.8,53.4,1.7,22.6,24.7,6.0,45.3,34.0,20.7,0.291
3873,Zeke Spruill,BOS,RP,28,3,2.7,0,53.4,40.9,14.4,53.4,2.1,22.1,24.1,5.0,44.1,34.4,21.4,0.296
7550,Jake McGee,TB,RP,53,0,3.0,20,52.8,65.2,16.1,39.4,1.5,13.8,15.3,4.0,41.0,38.8,20.3,0.282
8185,Steven Wright,BOS,RP,28,3,2.7,0,52.5,40.3,16.5,52.2,1.7,22.6,24.6,5.0,46.2,32.4,21.4,0.297
7038,Alex Torres,SD,RP,65,0,2.4,0,51.8,55.7,24.8,43.1,2.1,20.2,22.1,4.0,46.6,33.2,20.1,0.294
6324,Al Alburquerque,DET,RP,65,0,2.6,0,51.8,56.3,22.5,43.3,1.9,20.3,22.1,4.0,44.4,35.6,20.0,0.292
9948,Mike Dunn,MIA,RP,65,0,2.7,0,51.8,57.4,20.5,42.3,1.6,17.3,19.0,5.0,38.9,40.5,20.6,0.286
6109,Joe Wieland,LAN,SP,24,8,3.1,0,51.8,42.1,14.6,50.4,1.5,23.1,25.0,6.0,43.8,36.2,20.0,0.289
4089,James Russell,ATL,RP,65,0,2.3,0,51.8,41.9,18.6,50.8,1.5,22.4,24.3,6.0,39.4,39.8,20.9,0.291
3840,Zach Duke,CHA,RP,65,0,2.6,0,51.8,47.5,15.8,48.3,1.2,19.8,21.8,5.0,48.8,31.1,20.1,0.298
2660,Brett Cecil,TOR,RP,65,0,2.9,15,51.8,59.2,18.8,42.3,1.8,17.4,19.2,4.0,47.0,32.0,21.0,0.295
4994,Fernando Abad,OAK,RP,65,0,2.7,0,51.8,46.3,16.7,47.0,2.1,18.7,20.5,5.0,40.8,38.6,20.6,0.285
9794,Rex Brothers,COL,RP,65,0,2.5,3,51.8,51.5,26.4,47.6,1.5,23.8,25.8,5.0,45.1,32.7,22.3,0.302
4759,Jonathan Broxton,MIL,RP,57,0,2.4,10,51.0,46.5,17.8,48.0,2.2,21.4,23.3,5.0,45.2,33.8,21.0,0.296
3959,David Carpenter,NYA,RP,57,0,2.6,0,51.0,51.0,16.2,44.6,2.1,19.0,20.7,6.0,39.6,40.3,20.1,0.282
4301,Justin Wilson,NYA,RP,57,0,2.5,0,51.0,51.2,22.4,43.1,2.1,19.5,21.4,5.0,45.6,34.4,20.1,0.284
10078,Caleb Thielbar,MIN,RP,57,0,2.4,0,51.0,40.7,18.6,51.5,1.6,23.4,25.2,7.0,35.8,43.0,21.2,0.294
521,Jason Grilli,ATL,RP,57,0,2.6,0,51.0,58.9,17.3,41.1,2.0,15.7,17.3,5.0,38.6,40.6,20.9,0.286
4664,Sam LeCure,CIN,RP,57,0,2.2,0,51.0,42.7,19.5,48.5,1.8,22.6,24.6,6.0,45.7,34.3,20.1,0.289
1122,Joe Nathan,DET,RP,57,0,2.5,20,51.0,46.2,18.6,47.1,1.5,21.3,23.1,6.0,41.6,38.3,20.0,0.289
4682,Pat Neshek,HOU,RP,57,0,2.5,5,51.0,47.6,14.1,47.5,1.6,19.8,21.4,7.0,34.7,45.2,20.2,0.284
3970,Edward Mujica,BOS,RP,57,0,2.6,3,51.0,36.9,13.0,52.4,1.3,22.2,24.1,6.0,42.3,36.3,21.4,0.295
6941,Joakim Soria,DET,RP,57,0,2.7,0,51.0,46.9,15.3,46.5,1.9,18.9,20.8,5.0,44.6,35.3,20.0,0.291
8855,Ryan Cook,OAK,RP,57,0,2.6,0,51.0,50.8,19.9,44.0,2.1,19.2,21.0,4.0,44.5,34.9,20.6,0.29
2385,Anthony Varvaro,BOS,RP,57,0,2.5,0,51.0,39.3,18.0,51.2,1.5,23.3,25.3,5.0,44.2,34.4,21.4,0.298
1837,Matt Belisle,STL,RP,57,0,2.5,0,51.0,38.9,14.4,50.0,1.4,20.5,22.6,4.0,49.4,30.0,20.6,0.296
7677,Neil Ramirez,CHN,RP,57,0,2.7,0,51.0,58.0,19.5,41.8,2.3,18.0,19.6,5.0,38.5,41.1,20.4,0.287
8280,Tony Sipp,HOU,RP,57,0,2.7,0,51.0,58.0,19.6,42.2,1.7,17.7,19.2,6.0,34.7,45.0,20.2,0.283
4363,Craig Breslow,BOS,RP,57,0,2.5,0,51.0,35.1,21.3,53.0,1.8,24.7,26.7,6.0,41.2,37.3,21.4,0.295
7773,Shawn Kelley,SD,RP,57,0,2.6,0,51.0,60.4,18.2,40.8,1.3,16.3,17.8,5.0,39.3,40.5,20.1,0.289
10504,Mario Hollands,PHI,RP,57,0,2.2,0,51.0,43.3,17.6,49.0,1.5,21.3,23.4,5.0,48.9,31.2,19.9,0.298
7355,Casey Janssen,WAS,RP,57,0,2.5,3,51.0,39.9,12.8,50.5,1.8,20.5,22.4,5.0,44.1,34.7,21.2,0.295
583,Jeremy Affeldt,SF,RP,57,0,2.5,0,51.0,42.0,17.9,47.4,2.6,18.6,20.8,3.0,56.6,23.3,20.0,0.3
3271,Jordan Walden,STL,RP,57,0,2.7,0,51.0,58.4,20.8,40.1,1.4,17.3,19.0,4.0,41.9,37.5,20.6,0.285
9939,Brandon Kintzler,MIL,RP,57,0,2.4,0,51.0,36.6,16.0,52.8,1.3,22.2,24.4,4.0,53.5,25.5,21.0,0.306
12520,Erik Johnson,CHA,SP,23,7,2.3,0,50.0,32.8,22.1,54.2,2.1,29.4,31.5,7.0,44.5,35.4,20.1,0.298
10466,Taylor Jordan,WAS,SP,23,7,2.8,0,49.4,36.3,11.9,49.9,2.5,20.4,22.4,4.0,50.6,28.3,21.2,0.3
3096,Kenley Jansen,LAN,RP,49,0,2.9,28,48.8,66.3,14.6,33.2,1.5,11.4,12.7,4.0,40.4,39.6,20.0,0.277
10054,Alex White,HOU,RP,21,5,2.4,0,48.8,37.2,19.5,49.8,2.0,24.7,26.8,5.0,47.7,32.1,20.2,0.301
13594,Robert Stephenson,CIN,SP,8,8,2.6,0,48.7,45.4,22.5,44.1,1.8,22.9,24.8,5.0,46.3,33.6,20.1,0.289
5529,Maikel Cleto,CHA,RP,49,0,2.3,0,48.6,52.9,27.0,41.5,2.3,21.8,23.6,5.0,41.7,38.2,20.1,0.293
12515,Taylor Hill,WAS,SP,24,0,2.4,0,48.6,32.4,9.0,51.0,2.3,20.2,22.1,5.0,47.4,31.4,21.2,0.298
11157,Eric Jokisch,CHN,SP,24,0,2.6,0,48.6,42.5,12.5,46.0,1.4,18.2,20.1,4.0,47.7,31.9,20.4,0.297
9895,Chris Rusin,COL,RP,24,0,2.3,0,48.6,34.1,12.2,50.0,2.0,20.4,22.4,5.0,47.6,32.0,20.4,0.298
11266,Lisalverto Bonilla,TEX,SP,24,0,2.5,0,48.6,50.9,19.8,42.2,1.5,19.1,20.8,5.0,42.6,36.4,20.9,0.293
9736,Burke Badenhop,FA,RP,49,0,2.3,0,48.6,35.1,13.4,48.4,1.4,18.7,20.8,4.0,55.5,24.4,20.1,0.299
3397,Jumbo Diaz,CIN,RP,49,0,2.3,0,48.6,51.1,18.2,40.8,1.7,17.8,19.5,5.0,45.9,34.1,20.1,0.287
6499,Blaine Hardy,DET,RP,49,0,2.4,0,48.6,40.5,18.1,46.1,1.5,19.9,21.8,4.0,47.0,32.9,20.0,0.294
2886,Juan Oviedo,TEX,RP,49,0,2.3,0,48.6,41.9,19.5,47.6,2.1,22.7,24.4,7.0,37.7,41.5,20.9,0.291
3656,Jim Johnson,ATL,RP,49,0,2.2,0,48.6,41.4,18.2,46.4,2.7,19.4,21.5,3.0,56.5,22.6,20.9,0.308
13604,Chad Smith,DET,RP,41,0,2.3,0,48.6,36.3,17.3,49.1,1.3,22.9,24.8,6.0,42.8,37.1,20.0,0.293
12499,Drew Rucinski,LAA,RP,24,0,2.5,0,48.6,42.9,13.2,45.2,1.9,18.2,20.0,5.0,43.6,36.2,20.2,0.292
8532,Rob Wooten,MIL,RP,49,0,2.2,0,48.6,38.8,15.1,48.8,1.8,21.5,23.4,5.0,47.5,31.5,21.0,0.301
9490,Jeremy Jeffress,MIL,RP,49,0,2.4,0,48.6,49.9,20.3,42.3,1.4,18.5,20.4,3.0,53.1,25.9,21.0,0.302
9073,Kirby Yates,TB,RP,49,0,2.4,0,48.6,52.3,20.1,40.4,2.1,17.8,19.4,5.0,39.5,40.1,20.3,0.286
12803,Carter Capps,MIA,RP,41,0,2.6,0,48.6,57.4,17.2,38.0,1.9,15.2,16.8,3.0,44.1,35.4,20.6,0.291
8048,Will Smith,MIL,RP,44,3,2.7,0,48.4,55.7,16.1,40.2,1.5,16.2,17.9,4.0,45.1,33.9,21.0,0.296
4567,Josh Johnson,SD,SP,9,9,2.7,0,47.3,42.2,14.4,45.2,1.6,20.4,22.3,4.0,48.1,31.7,20.1,0.302
9456,Ryan Buchter,ATL,RP,47,0,2.1,0,47.1,51.1,27.8,39.3,1.9,20.2,22.0,4.0,46.1,33.0,20.9,0.296
8600,Dustin McGowan,LAN,RP,29,5,2.5,0,46.4,38.2,18.0,45.9,1.8,22.5,24.2,6.0,39.0,40.2,21.0,0.29
1581,Sean Doolittle,OAK,RP,46,0,2.8,20,46.2,55.6,12.0,35.4,1.3,11.5,12.7,5.0,32.9,46.5,20.6,0.275
8037,Paul Clemens,PHI,RP,24,0,2.0,0,46.2,35.3,16.6,47.8,1.7,23.2,24.9,7.0,38.9,40.9,20.2,0.294
6943,Luke Hochevar,KC,RP,46,0,2.4,0,46.2,44.1,12.8,40.6,1.9,16.1,17.7,5.0,41.4,37.8,20.7,0.285
6612,Marc Rzepczynski,CLE,RP,65,0,2.2,0,45.4,39.9,17.4,42.9,1.9,18.7,20.5,3.0,51.4,28.1,20.6,0.304
5960,Wesley Wright,BAL,RP,57,0,2.2,0,45.4,37.0,16.8,42.8,2.1,19.1,20.9,4.0,49.3,30.4,20.2,0.292
1906,Jason Frasor,KC,RP,57,0,2.2,0,45.4,41.6,17.0,40.4,1.5,17.9,19.5,4.0,44.4,34.8,20.7,0.287
11710,Sam Dyson,MIA,RP,32,0,2.1,0,45.4,34.5,15.7,44.8,2.6,19.0,21.0,3.0,53.8,25.6,20.6,0.304
1370,Charlie Furbush,SEA,RP,65,0,2.4,0,45.4,49.4,15.3,37.6,1.8,15.2,16.7,4.0,41.3,38.7,19.9,0.286
2646,Brian Matusz,BAL,RP,57,0,2.3,0,45.4,41.3,15.2,40.9,1.4,17.4,18.9,6.0,38.8,41.1,20.2,0.279
8245,J.P. Howell,LAN,RP,65,0,2.2,0,45.4,41.1,18.8,40.3,1.6,17.3,19.2,3.0,51.4,28.5,20.0,0.292
13360,Cam Bedrosian,LAA,RP,41,0,2.3,0,44.6,47.9,20.9,37.1,2.1,17.1,18.7,4.0,42.9,36.9,20.2,0.29
9720,Louis Coleman,KC,RP,41,0,2.1,0,44.6,39.5,17.5,40.6,1.4,18.1,19.7,5.0,39.4,39.8,20.7,0.283
10688,Tyler Thornburg,MIL,RP,41,0,2.1,0,44.6,43.8,16.8,40.8,1.6,18.4,19.9,5.0,40.6,38.4,21.0,0.293
2010,Buddy Carlyle,NYN,RP,41,0,2.1,0,44.6,43.4,13.5,40.5,1.4,17.0,18.6,4.0,43.1,36.7,20.2,0.294
2413,Cory Rasmus,LAA,RP,41,0,2.2,0,44.6,42.3,18.8,40.1,1.1,18.5,20.1,5.0,39.0,40.9,20.2,0.288
5178,Ernesto Frieri,TB,RP,49,0,2.3,3,43.7,48.5,16.8,35.4,1.9,14.7,16.0,5.0,32.4,47.3,20.3,0.275
6832,Sam Freeman,STL,RP,49,0,2.2,0,43.7,40.1,17.7,38.7,1.9,16.7,18.4,3.0,48.3,31.1,20.6,0.291
12165,Matt Stites,ARI,RP,49,0,2.0,0,43.7,39.7,15.4,40.4,1.3,18.0,19.6,5.0,43.8,35.8,20.3,0.291
14443,Kyuji Fujikawa,TEX,RP,49,0,2.1,0,43.7,37.6,15.9,42.3,1.9,19.4,21.0,5.0,43.2,35.9,20.9,0.296
11827,Steve Delabar,TOR,RP,49,0,2.2,5,43.7,46.2,21.0,38.0,2.2,18.6,20.1,5.0,37.6,41.4,21.0,0.288
5679,Brooks Brown,COL,RP,49,0,2.2,0,43.7,36.7,14.3,43.6,1.8,19.1,20.8,4.0,47.8,29.9,22.3,0.304
8073,Dan Jennings,CHA,RP,49,0,2.0,0,43.7,40.0,19.5,41.3,1.1,20.3,21.9,5.0,44.5,35.4,20.1,0.297
2170,Chad Qualls,HOU,RP,49,0,2.1,5,43.7,34.4,11.7,43.8,1.4,18.2,20.0,4.0,52.0,27.9,20.2,0.304
12863,Matt Barnes,BOS,RP,24,0,2.3,0,43.7,39.6,13.9,40.9,1.5,17.3,18.9,5.0,40.9,37.7,21.4,0.293
7525,Evan Scribner,OAK,RP,49,0,2.3,0,43.7,42.5,12.2,39.0,1.2,15.6,17.0,4.0,39.6,39.8,20.6,0.289
12297,Evan Marshall,ARI,RP,49,0,2.1,0,43.7,43.0,16.1,38.3,1.7,16.1,17.9,3.0,51.9,27.8,20.3,0.297
13119,Taylor Jungmann,MIL,SP,8,8,2.2,0,43.5,33.4,19.0,44.4,2.8,23.1,24.9,5.0,45.7,33.2,21.0,0.298
6653,Jim Henderson,MIL,RP,54,0,2.2,0,43.1,49.2,16.2,35.7,1.5,15.9,17.2,5.0,39.8,39.2,21.0,0.289
11341,Sean Nolin,OAK,RP,28,3,2.4,0,42.7,35.7,15.5,40.6,1.5,18.3,19.9,4.0,42.8,36.5,20.6,0.291
13046,Tsuyoshi Wada,CHN,SP,21,5,2.4,0,42.2,39.4,11.5,38.9,1.4,15.9,17.4,5.0,40.9,38.7,20.4,0.29
9286,Rob Scahill,PIT,RP,32,0,2.0,0,42.1,35.0,13.9,40.5,2.0,17.4,19.0,4.0,46.7,32.8,20.5,0.298
12917,Dylan Bundy,BAL,SP,7,7,2.3,0,41.8,32.6,16.1,41.1,1.4,20.5,22.1,5.0,42.9,36.8,20.2,0.286
9303,Dylan Axelrod,CIN,SP,29,5,2.0,0,41.5,35.0,11.7,39.9,1.4,17.7,19.2,5.0,44.1,35.9,20.1,0.289
8182,Nick Greenwood,STL,RP,24,0,2.0,0,41.3,26.4,11.3,42.3,1.5,16.8,18.6,3.0,50.8,28.6,20.6,0.295
11209,Casey Sadler,PIT,RP,24,0,2.0,0,41.3,29.1,10.1,42.4,1.9,17.6,19.2,4.0,46.5,33.1,20.5,0.298
13424,Drew VerHagen,DET,SP,21,5,2.0,0,40.7,22.4,12.7,45.5,2.2,22.7,24.4,6.0,43.9,36.0,20.0,0.295
3192,Will Harris,HOU,RP,41,0,2.0,0,40.5,40.0,14.7,36.7,1.8,16.5,17.9,4.0,41.7,38.0,20.2,0.294
11240,Kevin Chapman,HOU,RP,41,0,1.9,0,40.5,40.3,21.3,36.1,1.2,18.3,19.8,4.0,43.6,36.2,20.2,0.295
12182,Cody Martin,ATL,SP,8,8,2.1,0,40.5,35.6,15.2,38.6,1.5,18.4,20.0,4.0,45.8,33.3,20.9,0.298
9392,John Holdzkom,PIT,RP,41,0,2.2,0,40.5,47.2,15.8,32.0,1.5,12.9,14.3,3.0,46.0,33.5,20.5,0.294
5746,Eric O'Flaherty,OAK,RP,41,0,2.0,0,40.5,31.5,14.2,39.0,1.5,16.2,17.9,3.0,49.7,29.8,20.6,0.296
978,Bronson Arroyo,ARI,SP,7,7,2.1,0,40.3,23.5,8.2,44.3,1.4,19.7,21.4,5.0,45.8,33.8,20.3,0.294
6902,Martin Perez,TEX,SP,6,6,2.3,0,40.3,27.8,14.3,42.4,1.3,20.1,21.8,4.0,48.1,30.9,20.9,0.302
813,Randy Choate,STL,RP,57,0,2.0,0,39.7,32.6,14.4,36.8,2.2,14.8,16.5,2.0,54.1,25.2,20.6,0.296
10066,Ian Krol,DET,RP,57,0,2.0,0,39.7,34.2,13.8,37.9,1.4,16.7,18.1,4.0,42.5,37.3,20.0,0.293
4279,Manny Parra,CIN,RP,57,0,1.9,0,39.7,40.5,15.7,33.8,1.3,14.7,16.2,3.0,48.6,31.4,20.1,0.289
1663,Javier Lopez,SF,RP,57,0,1.8,0,39.7,28.7,15.5,38.6,1.3,16.3,18.1,2.0,54.4,25.6,20.0,0.298
773,Scott Downs,CLE,RP,57,0,1.8,0,39.7,27.5,16.1,39.2,1.2,17.0,18.8,3.0,53.7,25.7,20.7,0.297
4782,Vinnie Pestano,LAA,RP,57,0,2.1,0,39.7,38.9,14.6,34.9,1.5,15.0,16.3,4.0,39.0,40.8,20.2,0.286
5525,Boone Logan,COL,RP,57,0,2.1,0,39.7,42.5,15.6,35.0,1.3,15.6,17.1,4.0,45.5,32.2,22.3,0.301
2882,Luis Avilan,ATL,RP,57,0,1.7,0,39.7,31.1,17.4,38.7,1.6,17.3,19.0,3.0,51.9,27.3,20.9,0.301
1351,Nick Hagadone,CLE,RP,57,0,2.1,0,39.7,45.3,16.5,32.3,1.0,13.3,14.6,4.0,39.3,40.1,20.6,0.288
15675,Miguel Gonzalez,PHI,RP,21,5,1.9,0,39.1,37.4,17.0,35.8,1.3,17.9,19.3,4.0,43.9,36.2,19.9,0.293
8504,Jeff Beliveau,TB,RP,49,0,2.0,0,38.9,41.3,15.9,32.4,1.2,13.7,15.1,3.0,42.2,37.4,20.3,0.287
7836,Hunter Strickland,SF,RP,49,0,2.1,0,38.9,44.1,11.2,30.8,1.5,10.9,12.2,2.0,47.5,32.5,20.0,0.291
10500,Preston Claiborne,MIA,RP,32,0,1.8,0,38.9,30.1,15.5,38.0,1.2,18.4,19.9,5.0,42.6,37.4,20.1,0.285
9195,Vic Black,NYN,RP,49,0,1.8,0,38.9,41.0,19.1,33.3,1.6,16.2,17.6,4.0,44.0,35.8,20.2,0.293
10315,Michael Tonkin,MIN,RP,49,0,1.9,0,38.9,34.8,13.2,37.5,1.7,16.4,17.9,4.0,43.4,35.3,21.2,0.302
10267,Tanner Scheppers,TEX,RP,49,0,1.9,0,38.9,33.6,12.8,37.3,2.1,15.9,17.4,4.0,46.5,32.7,20.9,0.297
5420,Pedro Baez,LAN,RP,32,0,1.9,0,38.9,34.2,13.6,35.7,1.5,15.6,17.0,4.0,42.6,37.4,20.0,0.285
11243,Aaron Barrett,WAS,RP,49,0,2.0,0,38.9,40.3,14.6,33.4,1.2,14.1,15.6,3.0,46.7,32.1,21.2,0.296
11387,A.J. Achter,MIN,RP,24,0,1.7,0,38.9,31.4,15.7,39.4,1.2,18.9,20.3,5.0,39.9,38.9,21.2,0.3
10190,Tyler Skaggs,LAA,SP,6,6,2.5,0,37.8,33.5,12.5,35.1,1.4,15.4,16.9,4.0,45.5,34.4,20.2,0.293
5861,Jason Motte,CHN,RP,41,0,1.8,0,37.2,33.7,12.4,35.0,1.1,15.4,16.7,4.0,42.2,37.4,20.4,0.293
6244,Tom Gorzelanny,DET,RP,41,0,1.8,0,36.5,30.7,12.3,34.9,1.3,15.4,16.7,4.0,41.7,38.3,20.0,0.29
10835,Michael Mariot,KC,RP,24,0,1.7,0,36.5,29.7,13.3,34.7,1.1,15.5,16.8,4.0,41.5,37.8,20.7,0.287
7183,B.J. Rosenberg,FA,RP,41,0,1.5,0,36.5,30.8,14.8,35.6,1.6,17.4,18.8,5.0,41.9,38.2,19.9,0.293
6527,Josh Zeid,DET,RP,41,0,1.7,0,36.5,31.4,15.0,34.7,1.2,16.5,17.9,4.0,45.0,34.9,20.0,0.295
2868,Drake Britton,BOS,RP,24,0,1.8,0,36.5,26.3,15.8,36.7,1.0,17.1,18.6,4.0,43.1,35.5,21.4,0.293
2586,Wandy Rodriguez,ATL,SP,7,7,1.9,0,35.8,27.4,10.0,36.4,1.1,16.3,17.7,4.0,45.5,33.6,20.9,0.299
10386,Carlos Contreras,CIN,RP,32,0,1.6,0,35.6,35.0,16.8,31.4,1.4,15.5,16.8,4.0,42.9,37.0,20.1,0.287
7005,Ryan Pressly,MIN,RP,32,0,1.6,0,35.6,27.3,12.8,36.7,1.0,16.8,18.2,4.0,44.9,33.8,21.2,0.305
8851,Brandon Beachy,LAN,RP,6,6,2.0,0,35.3,27.9,11.0,34.6,1.0,16.4,17.7,4.0,42.9,37.0,20.0,0.288
3950,Matt Magill,CIN,RP,6,6,1.6,0,35.2,31.5,20.6,32.6,1.3,19.0,20.4,4.0,44.5,35.5,20.1,0.288
2186,Joel Hanrahan,DET,RP,35,0,1.7,0,34.9,35.2,14.4,30.9,1.1,14.4,15.5,4.0,39.8,40.2,20.0,0.29
9178,Kyle Lobstein,DET,SP,19,3,1.9,0,34.1,24.1,11.1,35.1,0.9,16.5,17.8,4.0,43.6,36.4,20.0,0.294
1918,Matt Thornton,WAS,RP,49,0,1.8,0,34.0,31.7,9.9,30.8,1.6,11.5,12.9,2.0,50.7,28.1,21.2,0.298
10796,Josh Edgin,NYN,RP,49,0,1.6,0,34.0,33.0,13.6,30.9,1.3,14.0,15.3,3.0,44.5,35.3,20.2,0.296
11486,Robbie Ray,ARI,RP,49,0,1.6,0,34.0,31.0,12.8,31.3,1.5,13.7,14.9,4.0,43.5,36.2,20.3,0.29
15033,Kyle Crockett,CLE,RP,49,0,1.7,0,34.0,30.8,11.6,31.5,1.4,13.1,14.4,3.0,47.1,32.4,20.6,0.297
8346,Jared Burton,FA,RP,37,0,1.6,0,33.2,27.3,11.9,31.2,1.6,14.2,15.4,4.0,41.7,38.2,20.1,0.28
5766,Bruce Rondon,DET,RP,33,0,1.8,0,33.2,37.8,13.4,26.9,1.3,11.8,13.0,3.0,45.0,34.9,20.0,0.293
10302,Chris Heston,SF,SP,7,7,1.7,0,32.5,24.2,10.4,32.1,1.5,14.5,15.8,3.0,47.2,32.8,20.0,0.294
5551,Matt Harrison,TEX,SP,7,7,1.7,0,32.5,22.2,10.8,34.1,0.8,15.5,16.9,3.0,46.9,32.2,20.9,0.3
12890,Alex Claudio,TEX,RP,41,0,1.6,0,32.4,26.2,9.6,31.9,1.0,13.4,14.6,3.0,46.3,32.7,20.9,0.298
5903,Darin Downs,HOU,RP,41,0,1.5,0,32.4,28.9,13.5,30.7,1.4,14.5,15.7,3.0,43.1,36.8,20.2,0.295
8337,Lucas Luetge,SEA,RP,41,0,1.6,0,32.4,28.8,14.0,29.6,1.2,13.6,14.9,3.0,46.6,33.4,19.9,0.292
5028,Bo Schultz,TOR,RP,16,0,1.5,0,32.4,22.9,9.3,34.2,1.2,15.5,16.7,4.0,43.7,35.3,21.0,0.298
12272,Aaron Brooks,KC,SP,19,3,1.7,0,32.2,20.2,6.5,33.7,0.9,14.4,15.6,4.0,43.1,36.1,20.7,0.289
7982,Anthony Bass,TEX,RP,24,0,1.4,0,31.6,23.7,9.7,32.4,0.9,14.6,15.8,4.0,46.0,33.8,20.2,0.299
11571,Jose Dominguez,TB,RP,24,0,1.6,0,31.6,34.9,14.9,25.8,1.6,12.1,13.2,3.0,41.6,38.0,20.3,0.288
12095,Yimi Garcia,LAN,RP,24,0,1.6,0,31.6,32.7,10.6,26.7,1.3,11.1,12.2,3.0,44.5,35.4,20.0,0.287
10257,Andrew Oliver,PHI,RP,39,0,1.4,0,31.4,37.1,19.9,24.8,1.2,13.6,14.8,3.0,46.4,33.7,19.9,0.293
8137,Jaime Garcia,STL,SP,5,5,2.1,0,30.4,26.6,7.7,28.0,0.8,10.9,12.1,2.0,52.7,26.7,20.6,0.297
4338,Tyler Chatwood,COL,SP,5,5,1.8,0,29.4,22.8,10.1,30.7,1.1,14.1,15.4,3.0,52.6,25.1,22.3,0.312
14382,Wei-Chung Wang,MIL,RP,24,0,1.3,0,29.2,23.8,10.3,28.8,1.0,12.9,14.0,3.0,43.3,35.7,21.0,0.294
9904,Pedro Villarreal,CIN,RP,24,0,1.3,0,29.2,24.7,7.9,27.9,1.1,12.0,13.1,4.0,43.2,36.7,20.1,0.287
7042,Eric Fornataro,WAS,RP,24,0,1.3,0,29.2,19.3,10.3,30.7,1.4,14.1,15.3,3.0,45.7,33.2,21.2,0.298
5224,Blake Parker,CHN,RP,24,0,1.5,0,29.2,30.7,10.3,25.3,0.9,10.7,11.7,3.0,38.7,40.9,20.4,0.289
12277,Leonel Campos,SD,RP,24,0,1.4,0,29.2,33.2,14.6,23.9,0.9,11.5,12.6,2.0,45.8,34.0,20.1,0.297
5876,Gonzalez Germen,NYA,RP,24,0,1.4,0,29.2,25.1,10.6,27.5,0.9,12.8,13.8,4.0,38.8,41.1,20.1,0.281
13293,Daniel Coulombe,LAN,RP,32,0,1.4,0,29.2,29.4,14.9,24.8,1.1,11.9,13.1,2.0,46.6,33.3,20.0,0.288
9926,Bobby Parnell,NYN,RP,29,0,1.4,8,29.1,26.8,9.3,26.7,0.9,10.9,12.1,2.0,51.4,28.4,20.2,0.3
2743,Scott Rice,FA,RP,41,0,1.3,0,28.4,24.9,13.3,26.2,1.1,11.9,13.2,2.0,53.1,26.7,20.2,0.299
11632,Heath Hembree,BOS,RP,16,0,1.4,0,27.5,24.6,11.0,25.8,1.0,11.8,12.8,3.0,40.7,37.9,21.4,0.292
14169,Kyle Zimmer,CHN,SP,5,5,1.7,0,27.3,25.7,9.8,25.0,1.1,11.6,12.7,3.0,44.7,34.8,20.5,0.294
12918,Archie Bradley,ARI,SP,5,5,1.4,0,27.3,24.0,14.4,25.6,1.6,13.9,15.1,3.0,46.1,33.5,20.3,0.293
11712,Erik Goeddel,NYN,RP,24,0,1.2,0,26.7,24.4,10.6,24.7,0.9,11.3,12.4,3.0,45.3,34.5,20.2,0.295
6984,Luis Garcia,PHI,RP,24,0,1.2,0,26.7,25.9,12.0,23.9,0.8,11.1,12.2,2.0,51.3,28.8,19.9,0.3
10019,Taylor Thompson,OAK,RP,24,0,1.2,0,26.7,23.0,11.9,25.9,1.0,13.0,14.0,3.0,44.0,35.8,20.1,0.297
12675,Phil Klein,TEX,RP,24,0,1.3,0,26.7,27.4,13.4,23.5,1.3,11.8,12.8,3.0,41.6,37.5,20.9,0.293
8992,Arquimedes Caminero,MIA,RP,24,0,1.3,0,26.7,26.7,11.3,23.3,1.4,10.4,11.3,2.0,41.5,37.9,20.6,0.291
11753,Kyle Ryan,DET,RP,24,0,1.4,0,26.7,14.3,7.2,29.5,0.8,13.3,14.5,3.0,48.3,31.8,20.0,0.298
12774,Jairo Diaz,COL,RP,24,0,1.3,0,26.7,26.4,10.8,24.7,1.1,11.3,12.3,3.0,45.0,32.7,22.3,0.302
15010,Corey Knebel,TEX,RP,24,0,1.4,0,26.7,31.7,11.8,21.3,1.0,9.5,10.5,2.0,46.0,32.9,21.0,0.295
11250,Rob Rasmussen,TOR,RP,24,0,1.3,0,26.7,24.1,10.9,25.2,1.0,11.6,12.6,3.0,42.8,36.3,21.0,0.294
12760,Rafael Montero,NYN,SP,5,5,1.4,0,26.5,26.1,8.4,23.8,0.5,10.3,11.2,3.0,41.0,38.8,20.2,0.289
5842,Chad Billingsley,PHI,SP,5,5,1.5,0,26.2,20.7,7.8,25.5,1.0,11.6,12.6,3.0,45.9,34.1,20.0,0.291
5177,C.C. Lee,CLE,RP,32,0,1.3,0,25.9,24.5,9.6,23.9,1.2,10.7,11.6,3.0,42.5,36.9,20.6,0.295
14200,Shae Simmons,ATL,RP,32,0,1.2,0,25.9,29.3,11.4,21.2,0.9,9.4,10.4,2.0,48.1,31.1,20.9,0.298
10811,Mike Foltynewicz,ATL,SP,5,5,1.2,0,24.5,23.1,11.2,22.5,1.2,11.1,12.1,3.0,41.5,37.6,20.9,0.292
7942,Christian Friedrich,COL,SP,5,5,1.4,0,24.5,21.4,8.7,24.5,0.9,11.4,12.3,3.0,43.1,34.7,22.3,0.302
6176,Scott Baker,NYA,SP,5,5,1.2,0,24.5,17.3,6.6,26.5,0.8,12.5,13.3,5.0,31.9,47.1,20.9,0.287
7146,Daniel Hudson,ARI,SP,5,5,1.2,0,24.5,24.4,7.5,21.6,0.7,8.9,9.7,2.0,44.2,35.5,20.3,0.291
11479,Bryan Mitchell,NYA,SP,5,5,1.2,0,24.5,18.9,10.5,24.1,0.9,12.1,13.1,3.0,45.9,34.0,20.1,0.289
16208,Brandon Finnegan,KC,RP,24,0,1.2,0,24.3,23.3,8.7,21.1,0.8,8.6,9.5,2.0,44.6,34.7,20.7,0.287
11618,Mike Kickham,CHN,RP,24,0,1.3,0,24.3,19.1,9.3,23.6,0.6,11.1,12.1,2.0,45.7,34.3,19.9,0.292
1330,Pedro Beato,CIN,RP,24,0,1.1,0,24.3,21.2,9.4,23.3,0.9,10.7,11.6,3.0,42.8,36.3,20.9,0.296
12781,Sean Gilmartin,NYN,RP,24,0,1.3,0,24.3,16.8,8.1,25.9,0.7,12.4,13.4,3.0,42.9,35.9,21.2,0.301
999,Aaron Thompson,MIN,RP,24,0,1.1,0,24.3,18.6,9.3,24.9,0.9,11.5,12.5,3.0,41.0,37.7,21.2,0.3
10337,Edwin Escobar,BOS,RP,24,0,1.3,0,24.3,21.5,6.7,22.8,0.9,9.1,9.9,2.0,41.8,36.8,21.4,0.292
10663,Stephen Pryor,MIN,RP,24,0,1.1,0,24.3,20.2,12.8,24.1,0.6,12.5,13.5,3.0,41.9,36.9,21.2,0.3
11471,Dallas Beeler,CHN,SP,24,0,1.2,0,24.3,18.2,7.0,24.5,0.9,10.3,11.3,2.0,47.4,32.2,20.4,0.297
12361,Spencer Patton,TEX,RP,24,0,1.2,0,24.3,24.2,9.5,21.9,1.0,9.9,10.8,2.0,44.3,34.8,20.9,0.296
4359,Kyle Drabek,TOR,RP,16,0,1.2,0,24.3,18.6,7.8,24.7,0.7,10.9,11.9,3.0,45.9,33.2,21.0,0.298
3762,Cesar Jimenez,PHI,RP,24,0,1.0,0,24.3,20.4,9.6,23.5,0.6,10.7,11.7,3.0,42.9,37.2,19.9,0.292
12988,Andrew Chafin,ARI,SP,24,0,1.1,0,24.3,20.7,8.6,22.8,0.7,9.8,10.8,2.0,47.4,32.3,20.3,0.293
6955,Yohan Pino,KC,SP,24,0,1.2,0,24.3,21.2,5.5,22.6,0.7,8.8,9.6,3.0,35.6,43.6,20.7,0.281
5791,Jorge Rondon,COL,RP,24,0,1.1,0,24.3,19.9,10.1,22.9,1.0,10.6,11.6,2.0,45.9,33.5,20.6,0.291
4696,Nate Jones,CHA,RP,24,0,1.2,0,24.3,26.6,9.5,20.5,0.7,8.9,9.8,2.0,46.8,33.0,20.1,0.296
2540,Eric Surkamp,CHA,RP,32,0,1.1,0,22.7,20.8,7.4,21.5,1.1,9.4,10.2,3.0,41.4,38.4,20.1,0.293
7758,Bobby LaFromboise,PIT,RP,32,0,1.1,0,22.7,18.2,7.8,21.9,0.5,9.4,10.3,2.0,45.1,34.5,20.5,0.296
13398,Paco Rodriguez,LAN,RP,32,0,1.2,0,22.7,23.6,9.5,18.8,0.7,8.0,8.9,2.0,47.3,32.7,20.0,0.287
4004,Josh Outman,ATL,RP,32,0,1.1,0,22.7,19.3,9.3,20.9,0.8,9.8,10.7,2.0,46.2,33.8,20.1,0.286
7501,Tom Layne,BOS,RP,32,0,1.1,0,22.7,19.4,10.1,21.6,1.1,10.0,10.9,2.0,45.4,33.1,21.4,0.297
13172,Carson Smith,SEA,RP,24,0,1.1,0,21.9,20.5,8.3,19.6,0.9,8.7,9.5,2.0,46.5,33.6,19.9,0.292
5905,Sean Marshall,CIN,RP,24,0,1.0,0,21.9,19.1,8.4,20.0,0.9,8.6,9.5,2.0,51.6,28.4,20.1,0.292
1483,Jon Edwards,TEX,RP,24,0,1.0,0,21.9,21.2,12.7,19.8,0.8,10.6,11.5,2.0,43.9,35.1,20.9,0.296
4086,Erik Cordier,SF,RP,24,0,1.1,0,21.9,26.3,10.4,16.6,1.0,7.4,8.2,1.0,46.4,33.6,20.0,0.29
8505,Michael Kohn,ATL,RP,24,0,1.1,0,21.9,21.6,11.7,19.3,0.9,9.8,10.5,3.0,34.2,45.5,20.2,0.283
9167,Lester Oliveros,MIN,RP,24,0,1.1,0,21.9,22.4,9.0,19.6,0.8,8.8,9.6,2.0,40.8,38.0,21.2,0.298
11261,Logan Darnell,MIN,SP,16,0,1.0,0,21.1,16.1,6.6,21.5,0.8,9.2,10.1,2.0,45.6,33.2,21.2,0.303
13401,R.J. Alvarez,OAK,RP,24,0,1.0,0,19.4,20.9,8.5,16.1,1.0,7.2,7.9,2.0,40.8,38.5,20.6,0.288
11193,C.J. Riefenhauser,TB,RP,24,0,0.9,0,19.4,15.6,8.0,18.5,0.7,8.5,9.2,2.0,43.0,36.6,20.3,0.29
10855,Chasen Shreve,NYA,RP,24,0,1.0,0,19.4,18.6,7.6,17.1,0.5,7.6,8.3,2.0,43.6,36.3,20.1,0.285
6127,Juan Jaime,ATL,RP,24,0,0.9,0,19.4,24.1,11.2,14.7,0.8,7.5,8.2,1.0,45.3,33.8,20.9,0.295
8402,Steve Geltz,TB,RP,24,0,1.0,0,19.4,21.0,8.0,16.1,0.7,7.1,7.7,2.0,40.1,39.6,20.3,0.287
7759,Yoslan Herrera,LAA,RP,24,0,0.9,0,19.4,16.0,7.0,18.6,0.7,8.3,9.1,2.0,44.9,34.8,20.2,0.295
8180,Kevin Siegrist,STL,RP,24,0,1.0,0,19.4,21.6,8.3,15.5,0.9,6.6,7.3,2.0,40.4,38.9,20.6,0.282
36,Xavier Cedeno,WAS,RP,24,0,1.0,0,19.4,20.8,7.1,16.3,0.7,6.4,7.1,1.0,47.5,31.4,21.2,0.295
7161,Chris Withrow,LAN,RP,16,0,0.9,0,18.0,20.9,8.3,14.0,0.6,6.5,7.1,2.0,43.8,36.2,20.0,0.285
13881,Ian Thomas,ATL,RP,24,0,0.8,0,17.0,18.0,6.4,14.5,0.4,6.0,6.6,1.0,45.2,34.0,20.9,0.295
14239,Dario Alvarez,NYN,RP,24,0,0.8,0,17.0,17.4,6.7,14.8,0.7,6.4,7.0,1.0,46.0,33.9,20.2,0.294
13485,Samuel Tuivailala,STL,RP,24,0,0.9,0,17.0,19.4,8.5,13.5,0.7,6.3,7.0,1.0,44.1,35.2,20.6,0.289
9877,Michael Kirkman,TEX,RP,24,0,0.8,0,17.0,15.1,8.2,16.1,0.6,8.0,8.7,2.0,42.6,36.4,20.9,0.296
9261,Ryan Dennick,CIN,RP,24,0,0.7,0,17.0,13.2,6.0,16.6,0.5,7.5,8.1,2.0,44.2,35.8,20.1,0.286
9419,Zac Rosscup,CHN,RP,24,0,0.9,0,17.0,20.0,8.8,13.5,0.5,6.4,7.0,2.0,41.5,38.1,20.4,0.288
13144,Frank Garces,SD,RP,24,0,0.8,0,17.0,16.6,7.1,15.3,0.8,6.9,7.5,2.0,42.8,37.1,20.1,0.294
5358,Jose Alvarez,LAA,RP,24,0,0.9,0,17.0,13.2,4.4,16.7,0.7,6.9,7.5,2.0,42.8,37.0,20.2,0.292
7303,Preston Guilmet,TOR,RP,16,0,0.8,0,16.2,14.8,4.9,15.4,0.4,6.7,7.2,2.0,42.4,36.6,21.0,0.296
7106,Jonathan Pettibone,PHI,SP,3,3,0.7,0,16.0,11.1,5.2,16.8,0.6,8.2,8.8,2.0,49.1,31.0,19.9,0.3
14914,Jason Hursh,ATL,SP,3,3,0.7,0,16.0,10.0,5.5,17.4,0.7,8.6,9.2,2.0,45.8,33.3,20.9,0.299
6398,Trevor May,MIN,SP,3,3,0.9,0,16.0,13.2,7.0,15.9,0.6,8.1,8.7,2.0,39.8,38.9,21.2,0.296
