r,obs,ubb,ibb,hbp,so,bu,hrofb,gb,ld,sofb,ofb,ifb
0.74387482448827458,1375,1,0,0,0,0,0,0,0,0,0,0
0.48849435094824045,1103,0,1,0,0,0,0,0,0,0,0,0
0.56124253991236717,1250,0,0,1,0,0,0,0,0,0,0,0
0.87115549116419111,1375,0,0,0,1,0,0,0,0,0,0,0
0.73700579978466219,778,0,0,0,0,1,0,0,0,0,0,0
0.7541934713591496,1359,0,0,0,0,0,1,0,0,0,0,0
0.83895134996626364,1375,0,0,0,0,0,0,1,0,0,0,0
0.54438471384511511,1375,0,0,0,0,0,0,0,1,0,0,0
0.16422942244605554,1327,0,0,0,0,0,0,0,0,1,0,0
0.67419708359635877,1375,0,0,0,0,0,0,0,0,0,1,0
0.68532840326453748,1371,0,0,0,0,0,0,0,0,0,0,1
0.7495392946172269,1375,1,1,0,0,0,0,0,0,0,0,0
0.74016111023052555,1375,1,0,1,0,0,0,0,0,0,0,0
0.87719679686648389,1375,1,0,0,1,0,0,0,0,0,0,0
0.7406906561691432,1375,1,0,0,0,1,0,0,0,0,0,0
0.78935779180893539,1375,1,0,0,0,0,1,0,0,0,0,0
0.77874014792996216,1375,1,0,0,0,0,0,1,0,0,0,0
0.54997568921663698,1375,1,0,0,0,0,0,0,1,0,0,0
0.74443404329138474,1375,1,0,0,0,0,0,0,0,1,0,0
0.69903597646305071,1375,1,0,0,0,0,0,0,0,0,1,0
0.72992238949257648,1375,1,0,0,0,0,0,0,0,0,0,1
0.54413773285553813,1360,0,1,1,0,0,0,0,0,0,0,0
0.87270351140611058,1375,0,1,0,1,0,0,0,0,0,0,0
0.61402759952621966,1341,0,1,0,0,1,0,0,0,0,0,0
0.77803179582412318,1366,0,1,0,0,0,1,0,0,0,0,0
0.83610050427007987,1375,0,1,0,0,0,0,1,0,0,0,0
0.53404498708177806,1375,0,1,0,0,0,0,0,1,0,0,0
0.47110760015001091,1359,0,1,0,0,0,0,0,0,1,0,0
0.66778782097735701,1375,0,1,0,0,0,0,0,0,0,1,0
0.66294539729159185,1375,0,1,0,0,0,0,0,0,0,0,1
0.86497029408771786,1375,0,0,1,1,0,0,0,0,0,0,0
0.70923472103136764,1335,0,0,1,0,1,0,0,0,0,0,0
0.74074923256843994,1375,0,0,1,0,0,1,0,0,0,0,0
0.84003550056431253,1375,0,0,1,0,0,0,1,0,0,0,0
0.53788646252096772,1375,0,0,1,0,0,0,0,1,0,0,0
0.49016866423802369,1371,0,0,1,0,0,0,0,0,1,0,0
0.67275407807588949,1375,0,0,1,0,0,0,0,0,0,1,0
0.695404674476086,1375,0,0,1,0,0,0,0,0,0,0,1
0.85479604029751999,1375,0,0,0,1,1,0,0,0,0,0,0
0.88101982204691909,1375,0,0,0,1,0,1,0,0,0,0,0
0.75336165090869911,1375,0,0,0,1,0,0,1,0,0,0,0
0.74765300428324422,1375,0,0,0,1,0,0,0,1,0,0,0
0.87141508145953273,1375,0,0,0,1,0,0,0,0,1,0,0
0.79114263717793709,1375,0,0,0,1,0,0,0,0,0,1,0
0.85588938888057242,1375,0,0,0,1,0,0,0,0,0,0,1
0.59152096588623293,1375,0,0,0,0,1,1,0,0,0,0,0
0.85759368631819355,1375,0,0,0,0,1,0,1,0,0,0,0
0.66731821334133734,1375,0,0,0,0,1,0,0,1,0,0,0
0.63874714979161851,1371,0,0,0,0,1,0,0,0,1,0,0
0.66509335772835743,1375,0,0,0,0,1,0,0,0,0,1,0
0.74382736371770286,1373,0,0,0,0,1,0,0,0,0,0,1
0.81047325692982819,1375,0,0,0,0,0,1,1,0,0,0,0
0.40646345018834723,1375,0,0,0,0,0,1,0,1,0,0,0
0.7405033930526016,1372,0,0,0,0,0,1,0,0,1,0,0
0.70425425070499303,1375,0,0,0,0,0,1,0,0,0,1,0
0.77165984879895788,1375,0,0,0,0,0,1,0,0,0,0,1
0.84660725918964075,1375,0,0,0,0,0,0,1,1,0,0,0
0.83519989267669281,1375,0,0,0,0,0,0,1,0,1,0,0
0.81708329768958021,1375,0,0,0,0,0,0,1,0,0,1,0
0.83930231706815528,1375,0,0,0,0,0,0,1,0,0,0,1
0.53843651632769585,1375,0,0,0,0,0,0,0,1,1,0,0
0.7507486389673047,1375,0,0,0,0,0,0,0,1,0,1,0
0.55902680722178488,1375,0,0,0,0,0,0,0,1,0,0,1
0.68557122765289524,1375,0,0,0,0,0,0,0,0,1,1,0
0.65251412678658449,1373,0,0,0,0,0,0,0,0,1,0,1
0.73182020037843731,1375,0,0,0,0,0,0,0,0,0,1,1
0.74564196847373065,1375,1,1,1,0,0,0,0,0,0,0,0
0.87974400462021485,1375,1,1,0,1,0,0,0,0,0,0,0
0.73703511534734301,1375,1,1,0,0,1,0,0,0,0,0,0
0.79731111480721972,1375,1,1,0,0,0,1,0,0,0,0,0
0.77854115998150886,1375,1,1,0,0,0,0,1,0,0,0,0
0.58100879081927537,1375,1,1,0,0,0,0,0,1,0,0,0
0.75120358371191198,1375,1,1,0,0,0,0,0,0,1,0,0
0.70879025235931481,1375,1,1,0,0,0,0,0,0,0,1,0
0.73936174113691366,1375,1,1,0,0,0,0,0,0,0,0,1
0.87433657273346199,1375,1,0,1,1,0,0,0,0,0,0,0
0.73421820157086426,1375,1,0,1,0,1,0,0,0,0,0,0
0.7861340219739914,1375,1,0,1,0,0,1,0,0,0,0,0
0.78049633157791543,1375,1,0,1,0,0,0,1,0,0,0,0
0.55068336248155014,1375,1,0,1,0,0,0,0,1,0,0,0
0.74144196917793115,1375,1,0,1,0,0,0,0,0,1,0,0
0.69955000963094571,1375,1,0,1,0,0,0,0,0,0,1,0
0.72953686691851416,1375,1,0,1,0,0,0,0,0,0,0,1
0.865585163972451,1375,1,0,0,1,1,0,0,0,0,0,0
0.88596220929036862,1375,1,0,0,1,0,1,0,0,0,0,0
0.75474619786237251,1375,1,0,0,1,0,0,1,0,0,0,0
0.81303488464238427,1375,1,0,0,1,0,0,0,1,0,0,0
0.87893850440200627,1375,1,0,0,1,0,0,0,0,1,0,0
0.84036863835949394,1375,1,0,0,1,0,0,0,0,0,1,0
0.86920194059788392,1375,1,0,0,1,0,0,0,0,0,0,1
0.74909071278670003,1375,1,0,0,0,1,1,0,0,0,0,0
0.81039015325773345,1375,1,0,0,0,1,0,1,0,0,0,0
0.5981011118979408,1375,1,0,0,0,1,0,0,1,0,0,0
0.73406866532335502,1375,1,0,0,0,1,0,0,0,1,0,0
0.6636503554749672,1375,1,0,0,0,1,0,0,0,0,1,0
0.71994582709444943,1375,1,0,0,0,1,0,0,0,0,0,1
0.74052782822449581,1375,1,0,0,0,0,1,1,0,0,0,0
0.5901447190191611,1375,1,0,0,0,0,1,0,1,0,0,0
0.79077348098095579,1375,1,0,0,0,0,1,0,0,1,0,0
0.74923090941188819,1375,1,0,0,0,0,1,0,0,0,1,0
0.78676097317190119,1375,1,0,0,0,0,1,0,0,0,0,1
0.8020477373600946,1375,1,0,0,0,0,0,1,1,0,0,0
0.77411140645683152,1375,1,0,0,0,0,0,1,0,1,0,0
0.74766426875754499,1375,1,0,0,0,0,0,1,0,0,1,0
0.76924674505650381,1375,1,0,0,0,0,0,1,0,0,0,1
0.54983243489133737,1375,1,0,0,0,0,0,0,1,1,0,0
0.72187237669931414,1375,1,0,0,0,0,0,0,1,0,1,0
0.52272027573170921,1375,1,0,0,0,0,0,0,1,0,0,1
0.71063077097936178,1375,1,0,0,0,0,0,0,0,1,1,0
0.73045257205821423,1375,1,0,0,0,0,0,0,0,1,0,1
0.73568134662041962,1375,1,0,0,0,0,0,0,0,0,1,1
0.86587156597859982,1375,0,1,1,1,0,0,0,0,0,0,0
0.62779094436355609,1375,0,1,1,0,1,0,0,0,0,0,0
0.76557965476395551,1375,0,1,1,0,0,1,0,0,0,0,0
0.83705110427357643,1375,0,1,1,0,0,0,1,0,0,0,0
0.52904927031230842,1375,0,1,1,0,0,0,0,1,0,0,0
0.54422072344914119,1375,0,1,1,0,0,0,0,0,1,0,0
0.66671797882741513,1375,0,1,1,0,0,0,0,0,0,1,0
0.66817523832107717,1375,0,1,1,0,0,0,0,0,0,0,1
0.85399511635269543,1375,0,1,0,1,1,0,0,0,0,0,0
0.88361284670929663,1375,0,1,0,1,0,1,0,0,0,0,0
0.75003650550413792,1375,0,1,0,1,0,0,1,0,0,0,0
0.75026422791618219,1375,0,1,0,1,0,0,0,1,0,0,0
0.87276735070208911,1375,0,1,0,1,0,0,0,0,1,0,0
0.79389150381065821,1375,0,1,0,1,0,0,0,0,0,1,0
0.8577090120815446,1375,0,1,0,1,0,0,0,0,0,0,1
0.6212144284287231,1375,0,1,0,0,1,1,0,0,0,0,0
0.85442329768166025,1375,0,1,0,0,1,0,1,0,0,0,0
0.63512227287994749,1375,0,1,0,0,1,0,0,1,0,0,0
0.56517234204522693,1375,0,1,0,0,1,0,0,0,1,0,0
0.64106695642939138,1375,0,1,0,0,1,0,0,0,0,1,0
0.66213928586281479,1375,0,1,0,0,1,0,0,0,0,0,1
0.80828330369018675,1375,0,1,0,0,0,1,1,0,0,0,0
0.47804132019556123,1375,0,1,0,0,0,1,0,1,0,0,0
0.77441032774175633,1373,0,1,0,0,0,1,0,0,1,0,0
0.71275055095733542,1375,0,1,0,0,0,1,0,0,0,1,0
0.78524061903310605,1375,0,1,0,0,0,1,0,0,0,0,1
0.84339212112024786,1375,0,1,0,0,0,0,1,1,0,0,0
0.83214024253180252,1375,0,1,0,0,0,0,1,0,1,0,0
0.8119333584638373,1375,0,1,0,0,0,0,1,0,0,1,0
0.83567218203836346,1375,0,1,0,0,0,0,1,0,0,0,1
0.53065865339485474,1375,0,1,0,0,0,0,0,1,1,0,0
0.74247296478890956,1375,0,1,0,0,0,0,0,1,0,1,0
0.54404068722767773,1375,0,1,0,0,0,0,0,1,0,0,1
0.68062884846270244,1375,0,1,0,0,0,0,0,0,1,1,0
0.65255118672584944,1375,0,1,0,0,0,0,0,0,1,0,1
0.72571678686151075,1375,0,1,0,0,0,0,0,0,0,1,1
0.84977993521835427,1375,0,0,1,1,1,0,0,0,0,0,0
0.8748013680634581,1375,0,0,1,1,0,1,0,0,0,0,0
0.75151212967666892,1375,0,0,1,1,0,0,1,0,0,0,0
0.74429577968828708,1375,0,0,1,1,0,0,0,1,0,0,0
0.86541285531391443,1375,0,0,1,1,0,0,0,0,1,0,0
0.78873811995000853,1375,0,0,1,1,0,0,0,0,0,1,0
0.84931441500749227,1375,0,0,1,1,0,0,0,0,0,0,1
0.59555352217538615,1375,0,0,1,0,1,1,0,0,0,0,0
0.85852050188214635,1375,0,0,1,0,1,0,1,0,0,0,0
0.65853769776636506,1375,0,0,1,0,1,0,0,1,0,0,0
0.65912655908309581,1372,0,0,1,0,1,0,0,0,1,0,0
0.6619450129977521,1375,0,0,1,0,1,0,0,0,0,1,0
0.73977531021286103,1375,0,0,1,0,1,0,0,0,0,0,1
0.81147594251696031,1375,0,0,1,0,0,1,1,0,0,0,0
0.42225005498571333,1375,0,0,1,0,0,1,0,1,0,0,0
0.72852738139765572,1375,0,0,1,0,0,1,0,0,1,0,0
0.7052260868561494,1375,0,0,1,0,0,1,0,0,0,1,0
0.76080809588794962,1375,0,0,1,0,0,1,0,0,0,0,1
0.84784900356989301,1375,0,0,1,0,0,0,1,1,0,0,0
0.8369311949838345,1375,0,0,1,0,0,0,1,0,1,0,0
0.81864149254439222,1375,0,0,1,0,0,0,1,0,0,1,0
0.84024820526853128,1375,0,0,1,0,0,0,1,0,0,0,1
0.53479187919659943,1375,0,0,1,0,0,0,0,1,1,0,0
0.74886876012905523,1375,0,0,1,0,0,0,0,1,0,1,0
0.56342617823149632,1375,0,0,1,0,0,0,0,1,0,0,1
0.68496513074688847,1375,0,0,1,0,0,0,0,0,1,1,0
0.67322075640925716,1375,0,0,1,0,0,0,0,0,1,0,1
0.73154563667018302,1375,0,0,1,0,0,0,0,0,0,1,1
0.86114352254293136,1375,0,0,0,1,1,1,0,0,0,0,0
0.7835892424234302,1375,0,0,0,1,1,0,1,0,0,0,0
0.74358684812086084,1375,0,0,0,1,1,0,0,1,0,0,0
0.85365193595934341,1375,0,0,0,1,1,0,0,0,1,0,0
0.76130852826370043,1375,0,0,0,1,1,0,0,0,0,1,0
0.83585642047336761,1375,0,0,0,1,1,0,0,0,0,0,1
0.74794075567049456,1375,0,0,0,1,0,1,1,0,0,0,0
0.78533620221649592,1375,0,0,0,1,0,1,0,1,0,0,0
0.88147165253036619,1375,0,0,0,1,0,1,0,0,1,0,0
0.82578583682192985,1375,0,0,0,1,0,1,0,0,0,1,0
0.87124895119939505,1375,0,0,0,1,0,1,0,0,0,0,1
0.74632614710420542,1375,0,0,0,1,0,0,1,1,0,0,0
0.74607660234408668,1375,0,0,0,1,0,0,1,0,1,0,0
0.58496777646610376,1375,0,0,0,1,0,0,1,0,0,1,0
0.72174022782633007,1375,0,0,0,1,0,0,1,0,0,0,1
0.74540906395012019,1375,0,0,0,1,0,0,0,1,1,0,0
0.75648818813823426,1375,0,0,0,1,0,0,0,1,0,1,0
0.72534147246395098,1375,0,0,0,1,0,0,0,1,0,0,1
0.79560762213756953,1375,0,0,0,1,0,0,0,0,1,1,0
0.85605840004248657,1375,0,0,0,1,0,0,0,0,1,0,1
0.79470945829535733,1375,0,0,0,1,0,0,0,0,0,1,1
0.83239907467905982,1375,0,0,0,0,1,1,1,0,0,0,0
0.4470413776098921,1375,0,0,0,0,1,1,0,1,0,0,0
0.54527915363938728,1375,0,0,0,0,1,1,0,0,1,0,0
0.64158273686639,1375,0,0,0,0,1,1,0,0,0,1,0
0.67345067883569254,1375,0,0,0,0,1,1,0,0,0,0,1
0.86517829001982849,1375,0,0,0,0,1,0,1,1,0,0,0
0.85409427937428251,1375,0,0,0,0,1,0,1,0,1,0,0
0.83580266353294652,1375,0,0,0,0,1,0,1,0,0,1,0
0.85742258753665757,1375,0,0,0,0,1,0,1,0,0,0,1
0.65407051585956211,1375,0,0,0,0,1,0,0,1,1,0,0
0.76355361001826427,1375,0,0,0,0,1,0,0,1,0,1,0
0.66151905571118297,1375,0,0,0,0,1,0,0,1,0,0,1
0.67060808033717667,1375,0,0,0,0,1,0,0,0,1,1,0
0.69959549158263412,1375,0,0,0,0,1,0,0,0,1,0,1
0.71897455319098158,1375,0,0,0,0,1,0,0,0,0,1,1
0.82311286480005286,1375,0,0,0,0,0,1,1,1,0,0,0
0.80560251171028407,1375,0,0,0,0,0,1,1,0,1,0,0
0.78959547847831979,1375,0,0,0,0,0,1,1,0,0,1,0
0.81127358844487041,1375,0,0,0,0,0,1,1,0,0,0,1
0.42117847242699225,1375,0,0,0,0,0,1,0,1,1,0,0
0.73395156254133154,1375,0,0,0,0,0,1,0,1,0,1,0
0.48789269375785682,1375,0,0,0,0,0,1,0,1,0,0,1
0.71553687385299292,1375,0,0,0,0,0,1,0,0,1,1,0
0.75917542407182681,1375,0,0,0,0,0,1,0,0,1,0,1
0.7534652462375695,1375,0,0,0,0,0,1,0,0,0,1,1
0.84356452915541447,1375,0,0,0,0,0,0,1,1,1,0,0
0.86702146464107133,1375,0,0,0,0,0,0,1,1,0,1,0
0.84885466507577023,1375,0,0,0,0,0,0,1,1,0,0,1
0.81618984017820051,1375,0,0,0,0,0,0,1,0,1,1,0
0.83564881661797752,1375,0,0,0,0,0,0,1,0,1,0,1
0.825098309432864,1375,0,0,0,0,0,0,1,0,0,1,1
0.75510786351050641,1375,0,0,0,0,0,0,0,1,1,1,0
0.55837997749278101,1375,0,0,0,0,0,0,0,1,1,0,1
0.77780278756555465,1375,0,0,0,0,0,0,0,1,0,1,1
0.73846998754187487,1375,0,0,0,0,0,0,0,0,1,1,1
0.87663720747624907,1375,1,1,1,1,0,0,0,0,0,0,0
0.73102389319911609,1375,1,1,1,0,1,0,0,0,0,0,0
0.79428623978348101,1375,1,1,1,0,0,1,0,0,0,0,0
0.78011715283800742,1375,1,1,1,0,0,0,1,0,0,0,0
0.58091687644971601,1375,1,1,1,0,0,0,0,1,0,0,0
0.74804610080501099,1375,1,1,1,0,0,0,0,0,1,0,0
0.70909612275130596,1375,1,1,1,0,0,0,0,0,0,1,0
0.7376094072355952,1375,1,1,1,0,0,0,0,0,0,0,1
0.86762132641907397,1375,1,1,0,1,1,0,0,0,0,0,0
0.88840744731349108,1375,1,1,0,1,0,1,0,0,0,0,0
0.76111637826915535,1375,1,1,0,1,0,0,1,0,0,0,0
0.81859756155517771,1375,1,1,0,1,0,0,0,1,0,0,0
0.88130831941962262,1375,1,1,0,1,0,0,0,0,1,0,0
0.84477203867144823,1375,1,1,0,1,0,0,0,0,0,1,0
0.87216323820305097,1375,1,1,0,1,0,0,0,0,0,0,1
0.75679101324226683,1375,1,1,0,0,1,1,0,0,0,0,0
0.80769845905765592,1375,1,1,0,0,1,0,1,0,0,0,0
0.60375090106528795,1375,1,1,0,0,1,0,0,1,0,0,0
0.73174921293637696,1375,1,1,0,0,1,0,0,0,1,0,0
0.66471533402069904,1375,1,1,0,0,1,0,0,0,0,1,0
0.71808712537340524,1375,1,1,0,0,1,0,0,0,0,0,1
0.74730861295165341,1375,1,1,0,0,0,1,1,0,0,0,0
0.63256036418570516,1375,1,1,0,0,0,1,0,1,0,0,0
0.79919895284677211,1375,1,1,0,0,0,1,0,0,1,0,0
0.7610944599609637,1375,1,1,0,0,0,1,0,0,0,1,0
0.79636449987660041,1375,1,1,0,0,0,1,0,0,0,0,1
0.80011367628388053,1375,1,1,0,0,0,0,1,1,0,0,0
0.77403640577096433,1375,1,1,0,0,0,0,1,0,1,0,0
0.74415798462775185,1375,1,1,0,0,0,0,1,0,0,1,0
0.76768234186267159,1375,1,1,0,0,0,0,1,0,0,0,1
0.58174884070636712,1375,1,1,0,0,0,0,0,1,1,0,0
0.72625782597964106,1375,1,1,0,0,0,0,0,1,0,1,0
0.55537025814808305,1375,1,1,0,0,0,0,0,1,0,0,1
0.71997064413821887,1375,1,1,0,0,0,0,0,0,1,1,0
0.74071369841710111,1375,1,1,0,0,0,0,0,0,1,0,1
0.74105244548610871,1375,1,1,0,0,0,0,0,0,0,1,1
0.86283005515988598,1375,1,0,1,1,1,0,0,0,0,0,0
0.88308386494324376,1375,1,0,1,1,0,1,0,0,0,0,0
0.75446435877429563,1375,1,0,1,1,0,0,1,0,0,0,0
0.81105378857022714,1375,1,0,1,1,0,0,0,1,0,0,0
0.87623192087432389,1375,1,0,1,1,0,0,0,0,1,0,0
0.83889499989614047,1375,1,0,1,1,0,0,0,0,0,1,0
0.86599831237991975,1375,1,0,1,1,0,0,0,0,0,0,1
0.74600633771625036,1375,1,0,1,0,1,1,0,0,0,0,0
0.81206390881928414,1375,1,0,1,0,1,0,1,0,0,0,0
0.59579727539900607,1375,1,0,1,0,1,0,0,1,0,0,0
0.72894684977577129,1375,1,0,1,0,1,0,0,0,1,0,0
0.66348149169409276,1375,1,0,1,0,1,0,0,0,0,1,0
0.71995549577377638,1375,1,0,1,0,1,0,0,0,0,0,1
0.74216558915798991,1375,1,0,1,0,0,1,1,0,0,0,0
0.59424918740143517,1375,1,0,1,0,0,1,0,1,0,0,0
0.78839016832356845,1375,1,0,1,0,0,1,0,0,1,0,0
0.75026892173831494,1375,1,0,1,0,0,1,0,0,0,1,0
0.78434206454903566,1375,1,0,1,0,0,1,0,0,0,0,1
0.80377342723985346,1375,1,0,1,0,0,0,1,1,0,0,0
0.77652370155914852,1375,1,0,1,0,0,0,1,0,1,0,0
0.74954858411697589,1375,1,0,1,0,0,0,1,0,0,1,0
0.77143944147995536,1375,1,0,1,0,0,0,1,0,0,0,1
0.55172270699637338,1375,1,0,1,0,0,0,0,1,1,0,0
0.72205398854656178,1375,1,0,1,0,0,0,0,1,0,1,0
0.53045404226338522,1375,1,0,1,0,0,0,0,1,0,0,1
0.7118094970888259,1375,1,0,1,0,0,0,0,0,1,1,0
0.73111665039033458,1375,1,0,1,0,0,0,0,0,1,0,1
0.73677664358969353,1375,1,0,1,0,0,0,0,0,0,1,1
0.87300554125757246,1375,1,0,0,1,1,1,0,0,0,0,0
0.77502503671737755,1375,1,0,0,1,1,0,1,0,0,0,0
0.80447837905154407,1375,1,0,0,1,1,0,0,1,0,0,0
0.86662089233944339,1375,1,0,0,1,1,0,0,0,1,0,0
0.8204370766132949,1375,1,0,0,1,1,0,0,0,0,1,0
0.85505825666043489,1375,1,0,0,1,1,0,0,0,0,0,1
0.77328753667065198,1375,1,0,0,1,0,1,1,0,0,0,0
0.83563854105978885,1375,1,0,0,1,0,1,0,1,0,0,0
0.88745517963237586,1375,1,0,0,1,0,1,0,0,1,0,0
0.86185584118873226,1375,1,0,0,1,0,1,0,0,0,1,0
0.88094535061117096,1375,1,0,0,1,0,1,0,0,0,0,1
0.71617477084490366,1375,1,0,0,1,0,0,1,1,0,0,0
0.75001423399320077,1375,1,0,0,1,0,0,1,0,1,0,0
0.51460279859544555,1375,1,0,0,1,0,0,1,0,0,1,0
0.71672185889723827,1375,1,0,0,1,0,0,1,0,0,0,1
0.81348898769796396,1375,1,0,0,1,0,0,0,1,1,0,0
0.82328622367406612,1375,1,0,0,1,0,0,0,1,0,1,0
0.8013655265270031,1375,1,0,0,1,0,0,0,1,0,0,1
0.84410649522102965,1375,1,0,0,1,0,0,0,0,1,1,0
0.87108041639752098,1375,1,0,0,1,0,0,0,0,1,0,1
0.83864356481988567,1375,1,0,0,1,0,0,0,0,0,1,1
0.77183010558993925,1375,1,0,0,0,1,1,1,0,0,0,0
0.55378540884656879,1375,1,0,0,0,1,1,0,1,0,0,0
0.74476520183949313,1375,1,0,0,0,1,1,0,0,1,0,0
0.6937598530179353,1375,1,0,0,0,1,1,0,0,0,1,0
0.74264340926673911,1375,1,0,0,0,1,1,0,0,0,0,1
0.83164050948842771,1375,1,0,0,0,1,0,1,1,0,0,0
0.80593324912004083,1375,1,0,0,0,1,0,1,0,1,0,0
0.78094110406003892,1375,1,0,0,0,1,0,1,0,0,1,0
0.80402620585053197,1375,1,0,0,0,1,0,1,0,0,0,1
0.58886865387612364,1375,1,0,0,0,1,0,0,1,1,0,0
0.71753881866334257,1375,1,0,0,0,1,0,0,1,0,1,0
0.5670997031346745,1375,1,0,0,0,1,0,0,1,0,0,1
0.67253411261230645,1375,1,0,0,0,1,0,0,0,1,1,0
0.71281226078476767,1375,1,0,0,0,1,0,0,0,1,0,1
0.70548577151478153,1375,1,0,0,0,1,0,0,0,0,1,1
0.7660424457617574,1375,1,0,0,0,0,1,1,1,0,0,0
0.73496196736454888,1375,1,0,0,0,0,1,1,0,1,0,0
0.70104435445819147,1375,1,0,0,0,0,1,1,0,0,1,0
0.7273761727724678,1375,1,0,0,0,0,1,1,0,0,0,1
0.5947345180955641,1375,1,0,0,0,0,1,0,1,1,0,0
0.73827313716671894,1375,1,0,0,0,0,1,0,1,0,1,0
0.59048832410874685,1375,1,0,0,0,0,1,0,1,0,0,1
0.75812823194090895,1375,1,0,0,0,0,1,0,0,1,1,0
0.78874857287379818,1375,1,0,0,0,0,1,0,0,1,0,1
0.77466458169561903,1375,1,0,0,0,0,1,0,0,0,1,1
0.79861579850602704,1375,1,0,0,0,0,0,1,1,1,0,0
0.84501680091530762,1375,1,0,0,0,0,0,1,1,0,1,0
0.79966673978377667,1375,1,0,0,0,0,0,1,1,0,0,1
0.74865594218453291,1375,1,0,0,0,0,0,1,0,1,1,0
0.76444994521661325,1375,1,0,0,0,0,0,1,0,1,0,1
0.76162667380745841,1375,1,0,0,0,0,0,1,0,0,1,1
0.73063583486355121,1375,1,0,0,0,0,0,0,1,1,1,0
0.52740576006467399,1375,1,0,0,0,0,0,0,1,1,0,1
0.75241972174896621,1375,1,0,0,0,0,0,0,1,0,1,1
0.74439177364045273,1375,1,0,0,0,0,0,0,0,1,1,1
0.84815158320057971,1375,0,1,1,1,1,0,0,0,0,0,0
0.87726168798776738,1375,0,1,1,1,0,1,0,0,0,0,0
0.74790627016829558,1375,0,1,1,1,0,0,1,0,0,0,0
0.7466194541102692,1375,0,1,1,1,0,0,0,1,0,0,0
0.86629013184156234,1375,0,1,1,1,0,0,0,0,1,0,0
0.79133369213596338,1375,0,1,1,1,0,0,0,0,0,1,0
0.85065470559519885,1375,0,1,1,1,0,0,0,0,0,0,1
0.62121463385302145,1375,0,1,1,0,1,1,0,0,0,0,0
0.85522263476244353,1375,0,1,1,0,1,0,1,0,0,0,0
0.62664412110885648,1375,0,1,1,0,1,0,0,1,0,0,0
0.58715822674857998,1375,0,1,1,0,1,0,0,0,1,0,0
0.63854161880293181,1375,0,1,1,0,1,0,0,0,0,1,0
0.67372939620557426,1375,0,1,1,0,1,0,0,0,0,0,1
0.80915251184592429,1375,0,1,1,0,0,1,1,0,0,0,0
0.48735969740886453,1375,0,1,1,0,0,1,0,1,0,0,0
0.76008798971245672,1375,0,1,1,0,0,1,0,0,1,0,0
0.71339030506897461,1375,0,1,1,0,0,1,0,0,0,1,0
0.77417192605588936,1375,0,1,1,0,0,1,0,0,0,0,1
0.84456523494683067,1375,0,1,1,0,0,0,1,1,0,0,0
0.83374110297836479,1375,0,1,1,0,0,0,1,0,1,0,0
0.81337373161629511,1375,0,1,1,0,0,0,1,0,0,1,0
0.83650414643998405,1375,0,1,1,0,0,0,1,0,0,0,1
0.52814490544364856,1375,0,1,1,0,0,0,0,1,1,0,0
0.74062060054312484,1375,0,1,1,0,0,0,0,1,0,1,0
0.54949814316740875,1375,0,1,1,0,0,0,0,1,0,0,1
0.68025689404658896,1375,0,1,1,0,0,0,0,0,1,1,0
0.66249213970992604,1375,0,1,1,0,0,0,0,0,1,0,1
0.72562023408299281,1375,0,1,1,0,0,0,0,0,0,1,1
0.86322376419342883,1375,0,1,0,1,1,1,0,0,0,0,0
0.77762513089394625,1375,0,1,0,1,1,0,1,0,0,0,0
0.73827057754267844,1375,0,1,0,1,1,0,0,1,0,0,0
0.85269595067501525,1375,0,1,0,1,1,0,0,0,1,0,0
0.75941951364947935,1375,0,1,0,1,1,0,0,0,0,1,0
0.83486249591497463,1375,0,1,0,1,1,0,0,0,0,0,1
0.75239333696178901,1375,0,1,0,1,0,1,1,0,0,0,0
0.7919676307171114,1375,0,1,0,1,0,1,0,1,0,0,0
0.88393087101540868,1375,0,1,0,1,0,1,0,0,1,0,0
0.82983007538525344,1375,0,1,0,1,0,1,0,0,0,1,0
0.87404462078191747,1375,0,1,0,1,0,1,0,0,0,0,1
0.74017560831861828,1375,0,1,0,1,0,0,1,1,0,0,0
0.74262636188671238,1375,0,1,0,1,0,0,1,0,1,0,0
0.55220935095337975,1375,0,1,0,1,0,0,1,0,0,1,0
0.71425900718396484,1375,0,1,0,1,0,0,1,0,0,0,1
0.74851130094667295,1375,0,1,0,1,0,0,0,1,1,0,0
0.75722809856620521,1375,0,1,0,1,0,0,0,1,0,1,0
0.72801774167617861,1375,0,1,0,1,0,0,0,1,0,0,1
0.79845656234205298,1375,0,1,0,1,0,0,0,0,1,1,0
0.8577643853455178,1375,0,1,0,1,0,0,0,0,1,0,1
0.79671307982335282,1375,0,1,0,1,0,0,0,0,0,1,1
0.82828264901093784,1375,0,1,0,0,1,1,1,0,0,0,0
0.46558140708116186,1375,0,1,0,0,1,1,0,1,0,0,0
0.59191744283022407,1375,0,1,0,0,1,1,0,0,1,0,0
0.64068400577729778,1375,0,1,0,0,1,1,0,0,0,1,0
0.67701796640532685,1375,0,1,0,0,1,1,0,0,0,0,1
0.86196373070562293,1375,0,1,0,0,1,0,1,1,0,0,0
0.85063563317614421,1375,0,1,0,0,1,0,1,0,1,0,0
0.83025437753393327,1375,0,1,0,0,1,0,1,0,0,1,0
0.85361548400253318,1375,0,1,0,0,1,0,1,0,0,0,1
0.62179924548984078,1375,0,1,0,0,1,0,0,1,1,0,0
0.74887833957477423,1375,0,1,0,0,1,0,0,1,0,1,0
0.62683204993071184,1375,0,1,0,0,1,0,0,1,0,0,1
0.64903923848396572,1375,0,1,0,0,1,0,0,0,1,1,0
0.63208661271248112,1375,0,1,0,0,1,0,0,0,1,0,1
0.70219732020004544,1375,0,1,0,0,1,0,0,0,0,1,1
0.82019513375173259,1375,0,1,0,0,0,1,1,1,0,0,0
0.80348141931831218,1375,0,1,0,0,0,1,1,0,1,0,0
0.78585115934320671,1375,0,1,0,0,0,1,1,0,0,1,0
0.80823349930852373,1375,0,1,0,0,0,1,1,0,0,0,1
0.48878403003265919,1375,0,1,0,0,0,1,0,1,1,0,0
0.73503888147617447,1375,0,1,0,0,0,1,0,1,0,1,0
0.53077809083503757,1375,0,1,0,0,0,1,0,1,0,0,1
0.72361057918907601,1375,0,1,0,0,0,1,0,0,1,1,0
0.77888851588535291,1375,0,1,0,0,0,1,0,0,1,0,1
0.75654575699082083,1375,0,1,0,0,0,1,0,0,0,1,1
0.84022635703229698,1375,0,1,0,0,0,0,1,1,1,0,0
0.86450831754021773,1375,0,1,0,0,0,0,1,1,0,1,0
0.84528485799068931,1375,0,1,0,0,0,0,1,1,0,0,1
0.81109740059705282,1375,0,1,0,0,0,0,1,0,1,1,0
0.83178894165710937,1375,0,1,0,0,0,0,1,0,1,0,1
0.82032496246007214,1375,0,1,0,0,0,0,1,0,0,1,1
0.74755990360310687,1375,0,1,0,0,0,0,0,1,1,1,0
0.54582404714550181,1375,0,1,0,0,0,0,0,1,1,0,1
0.77051887714240241,1375,0,1,0,0,0,0,0,1,0,1,1
0.73339058711710925,1375,0,1,0,0,0,0,0,0,1,1,1
0.85568732054009267,1375,0,0,1,1,1,1,0,0,0,0,0
0.78170942097399077,1375,0,0,1,1,1,0,1,0,0,0,0
0.73917466934428977,1375,0,0,1,1,1,0,0,1,0,0,0
0.84863821266513273,1375,0,0,1,1,1,0,0,0,1,0,0
0.75895344644984286,1375,0,0,1,1,1,0,0,0,0,1,0
0.83069423433783951,1375,0,0,1,1,1,0,0,0,0,0,1
0.74680604204076984,1375,0,0,1,1,0,1,1,0,0,0,0
0.78211153665198674,1375,0,0,1,1,0,1,0,1,0,0,0
0.8756937681595901,1375,0,0,1,1,0,1,0,0,1,0,0
0.82336055710085265,1375,0,0,1,1,0,1,0,0,0,1,0
0.86505458045965655,1375,0,0,1,1,0,1,0,0,0,0,1
0.74447202918768662,1375,0,0,1,1,0,0,1,1,0,0,0
0.74489536964819214,1375,0,0,1,1,0,0,1,0,1,0,0
0.57741680236022652,1375,0,0,1,1,0,0,1,0,0,1,0
0.72049550051230227,1375,0,0,1,1,0,0,1,0,0,0,1
0.742928232963179,1375,0,0,1,1,0,0,0,1,1,0,0
0.75394270898501548,1375,0,0,1,1,0,0,0,1,0,1,0
0.72368899781123497,1375,0,0,1,1,0,0,0,1,0,0,1
0.79368562127982956,1375,0,0,1,1,0,0,0,0,1,1,0
0.84987245761452457,1375,0,0,1,1,0,0,0,0,1,0,1
0.79265511829411639,1375,0,0,1,1,0,0,0,0,0,1,1
0.83308842995759258,1375,0,0,1,0,1,1,1,0,0,0,0
0.45268961220006454,1375,0,0,1,0,1,1,0,1,0,0,0
0.56707300215045142,1375,0,0,1,0,1,1,0,0,1,0,0
0.64341365410036377,1375,0,0,1,0,1,1,0,0,0,1,0
0.68045465126820148,1375,0,0,1,0,1,1,0,0,0,0,1
0.86646674682800218,1375,0,0,1,0,1,0,1,1,0,0,0
0.85557091777248295,1375,0,0,1,0,1,0,1,0,1,0,0
0.83722493595798519,1375,0,0,1,0,1,0,1,0,0,1,0
0.85814522624643919,1375,0,0,1,0,1,0,1,0,0,0,1
0.64740972014095355,1375,0,0,1,0,1,0,0,1,1,0,0
0.76079031102186523,1375,0,0,1,0,1,0,0,1,0,1,0
0.65896916204976752,1375,0,0,1,0,1,0,0,1,0,0,1
0.66847783158116325,1375,0,0,1,0,1,0,0,0,1,1,0
0.70815355018424897,1375,0,0,1,0,1,0,0,0,1,0,1
0.71809258302005696,1375,0,0,1,0,1,0,0,0,0,1,1
0.82426831221456476,1375,0,0,1,0,0,1,1,1,0,0,0
0.80738413621060912,1375,0,0,1,0,0,1,1,0,1,0,0
0.79126781222928377,1375,0,0,1,0,0,1,1,0,0,1,0
0.81239595638349926,1375,0,0,1,0,0,1,1,0,0,0,1
0.4365957830366452,1375,0,0,1,0,0,1,0,1,1,0,0
0.73353875619659492,1375,0,0,1,0,0,1,0,1,0,1,0
0.50760094845327108,1375,0,0,1,0,0,1,0,1,0,0,1
0.71693740851294707,1375,0,0,1,0,0,1,0,0,1,1,0
0.75563648730903488,1375,0,0,1,0,0,1,0,0,1,0,1
0.75398597517416011,1375,0,0,1,0,0,1,0,0,0,1,1
0.84516763462448086,1375,0,0,1,0,0,0,1,1,1,0,0
0.86981008963572792,1375,0,0,1,0,0,0,1,1,0,1,0
0.85005770622449717,1375,0,0,1,0,0,0,1,1,0,0,1
0.81826653575479602,1375,0,0,1,0,0,0,1,0,1,1,0
0.83725332700778154,1375,0,0,1,0,0,0,1,0,1,0,1
0.82685512801311611,1375,0,0,1,0,0,0,1,0,0,1,1
0.75419920917858696,1375,0,0,1,0,0,0,0,1,1,1,0
0.56466827863196711,1375,0,0,1,0,0,0,0,1,1,0,1
0.77720060759049736,1375,0,0,1,0,0,0,0,1,0,1,1
0.73887248878819456,1375,0,0,1,0,0,0,0,0,1,1,1
0.76314936392465815,1375,0,0,0,1,1,1,1,0,0,0,0
0.76374479870916945,1375,0,0,0,1,1,1,0,1,0,0,0
0.86059046608472212,1375,0,0,0,1,1,1,0,0,1,0,0
0.79569253090385539,1375,0,0,0,1,1,1,0,0,0,1,0
0.84857457634597688,1375,0,0,0,1,1,1,0,0,0,0,1
0.78996853289190039,1375,0,0,0,1,1,0,1,1,0,0,0
0.77642568535023715,1375,0,0,0,1,1,0,1,0,1,0,0
0.64349182163936747,1375,0,0,0,1,1,0,1,0,0,1,0
0.75918878018324154,1375,0,0,0,1,1,0,1,0,0,0,1
0.73779199335203172,1375,0,0,0,1,1,0,0,1,1,0,0
0.73279616448541463,1375,0,0,0,1,1,0,0,1,0,1,0
0.71427845204308205,1375,0,0,0,1,1,0,0,1,0,0,1
0.76462111341683581,1375,0,0,0,1,1,0,0,0,1,1,0
0.83448913399702562,1375,0,0,0,1,1,0,0,0,1,0,1
0.76599889662515108,1375,0,0,0,1,1,0,0,0,0,1,1
0.71316574281384437,1375,0,0,0,1,0,1,1,1,0,0,0
0.74155904099372172,1375,0,0,0,1,0,1,1,0,1,0,0
0.56920142033110122,1375,0,0,0,1,0,1,1,0,0,1,0
0.71972135284241634,1375,0,0,0,1,0,1,1,0,0,0,1
0.78499276765409887,1375,0,0,0,1,0,1,0,1,1,0,0
0.79737042568445482,1375,0,0,0,1,0,1,0,1,0,1,0
0.77577032325042283,1375,0,0,0,1,0,1,0,1,0,0,1
0.82918752152412178,1375,0,0,0,1,0,1,0,0,1,1,0
0.87167541784978186,1375,0,0,0,1,0,1,0,0,1,0,1
0.82720865928552334,1375,0,0,0,1,0,1,0,0,0,1,1
0.7390738901493652,1375,0,0,0,1,0,0,1,1,1,0,0
0.74926636972828453,1375,0,0,0,1,0,0,1,1,0,1,0
0.71602114074179124,1375,0,0,0,1,0,0,1,1,0,0,1
0.58387832368227222,1375,0,0,0,1,0,0,1,0,1,1,0
0.71286207191892759,1375,0,0,0,1,0,0,1,0,1,0,1
0.58953979061007644,1375,0,0,0,1,0,0,1,0,0,1,1
0.76221094745693718,1375,0,0,0,1,0,0,0,1,1,1,0
0.72429477477818116,1375,0,0,0,1,0,0,0,1,1,0,1
0.76782983971751384,1375,0,0,0,1,0,0,0,1,0,1,1
0.7988653252346386,1375,0,0,0,1,0,0,0,0,1,1,1
0.84501928377699531,1375,0,0,0,0,1,1,1,1,0,0,0
0.82741571535203384,1375,0,0,0,0,1,1,1,0,1,0,0
0.80739693225199138,1375,0,0,0,0,1,1,1,0,0,1,0
0.83204938267445094,1375,0,0,0,0,1,1,1,0,0,0,1
0.43770545012556067,1375,0,0,0,0,1,1,0,1,1,0,0
0.71898081100049316,1375,0,0,0,0,1,1,0,1,0,1,0
0.49838541561411509,1375,0,0,0,0,1,1,0,1,0,0,1
0.65215606431282991,1375,0,0,0,0,1,1,0,0,1,1,0
0.65128552558962871,1375,0,0,0,0,1,1,0,0,1,0,1
0.71130886309148011,1375,0,0,0,0,1,1,0,0,0,1,1
0.86223234459740961,1375,0,0,0,0,1,0,1,1,1,0,0
0.88211203180544229,1375,0,0,0,0,1,0,1,1,0,1,0
0.86708665270605978,1375,0,0,0,0,1,0,1,1,0,0,1
0.83413208881364742,1375,0,0,0,0,1,0,1,0,1,1,0
0.85391131051388425,1375,0,0,0,0,1,0,1,0,1,0,1
0.84042084382241122,1375,0,0,0,0,1,0,1,0,0,1,1
0.76473407501778834,1375,0,0,0,0,1,0,0,1,1,1,0
0.65120074140884887,1375,0,0,0,0,1,0,0,1,1,0,1
0.78422323107964664,1375,0,0,0,0,1,0,0,1,0,1,1
0.72238655633063897,1375,0,0,0,0,1,0,0,0,1,1,1
0.81934206256777886,1375,0,0,0,0,0,1,1,1,1,0,0
0.85536243388936883,1375,0,0,0,0,0,1,1,1,0,1,0
0.82599542357071654,1375,0,0,0,0,0,1,1,1,0,0,1
0.78946693480784358,1375,0,0,0,0,0,1,1,0,1,1,0
0.80664812672567943,1375,0,0,0,0,0,1,1,0,1,0,1
0.80481595584319865,1375,0,0,0,0,0,1,1,0,0,1,1
0.74104929021821975,1375,0,0,0,0,0,1,0,1,1,1,0
0.50138872019881042,1375,0,0,0,0,0,1,0,1,1,0,1
0.77025714250749078,1375,0,0,0,0,0,1,0,1,0,1,1
0.76022560224421443,1375,0,0,0,0,0,1,0,0,1,1,1
0.86577420164315688,1375,0,0,0,0,0,0,1,1,1,1,0
0.84575541920987829,1375,0,0,0,0,0,0,1,1,1,0,1
0.87374644067969243,1375,0,0,0,0,0,0,1,1,0,1,1
0.82457123143268607,1375,0,0,0,0,0,0,1,0,1,1,1
0.78123441167626118,1375,0,0,0,0,0,0,0,1,1,1,1
0.86453368781889184,1375,1,1,1,1,1,0,0,0,0,0,0
0.88544898865917065,1375,1,1,1,1,0,1,0,0,0,0,0
0.76080478822896391,1375,1,1,1,1,0,0,1,0,0,0,0
0.81647494717788571,1375,1,1,1,1,0,0,0,1,0,0,0
0.87842166035031166,1375,1,1,1,1,0,0,0,0,1,0,0
0.84321993273869167,1375,1,1,1,1,0,0,0,0,0,1,0
0.86874577758871063,1375,1,1,1,1,0,0,0,0,0,0,1
0.75375576667103283,1375,1,1,1,0,1,1,0,0,0,0,0
0.80918422513737276,1375,1,1,1,0,1,0,1,0,0,0,0
0.60111186615545564,1375,1,1,1,0,1,0,0,1,0,0,0
0.72690972941315934,1375,1,1,1,0,1,0,0,0,1,0,0
0.66443846888308522,1375,1,1,1,0,1,0,0,0,0,1,0
0.71703399798322132,1375,1,1,1,0,1,0,0,0,0,0,1
0.74887869596273515,1375,1,1,1,0,0,1,1,0,0,0,0
0.63494449609760506,1375,1,1,1,0,0,1,0,1,0,0,0
0.79690926499943238,1375,1,1,1,0,0,1,0,0,1,0,0
0.76182317221106621,1375,1,1,1,0,0,1,0,0,0,1,0
0.79358919261030414,1375,1,1,1,0,0,1,0,0,0,0,1
0.80169631256995866,1375,1,1,1,0,0,0,1,1,0,0,0
0.77626543329621633,1375,1,1,1,0,0,0,1,0,1,0,0
0.74571707537692489,1375,1,1,1,0,0,0,1,0,0,1,0
0.76970230368032111,1375,1,1,1,0,0,0,1,0,0,0,1
0.58278359586372408,1375,1,1,1,0,0,0,0,1,1,0,0
0.72633548596654907,1375,1,1,1,0,0,0,0,1,0,1,0
0.560926028978739,1375,1,1,1,0,0,0,0,1,0,0,1
0.72091822241060288,1375,1,1,1,0,0,0,0,0,1,1,0
0.7400507991835914,1375,1,1,1,0,0,0,0,0,1,0,1
0.7419067841452206,1375,1,1,1,0,0,0,0,0,0,1,1
0.87553343254686011,1375,1,1,0,1,1,1,0,0,0,0,0
0.77609955634899219,1375,1,1,0,1,1,0,1,0,0,0,0
0.80778912528056523,1375,1,1,0,1,1,0,0,1,0,0,0
0.86852223667120998,1375,1,1,0,1,1,0,0,0,1,0,0
0.82389255148550666,1375,1,1,0,1,1,0,0,0,0,1,0
0.85735886421326446,1375,1,1,0,1,1,0,0,0,0,0,1
0.78482281299396883,1375,1,1,0,1,0,1,1,0,0,0,0
0.84097913204007879,1375,1,1,0,1,0,1,0,1,0,0,0
0.88975097936294123,1375,1,1,0,1,0,1,0,0,1,0,0
0.86555122602934087,1375,1,1,0,1,0,1,0,0,0,1,0
0.88363367107599533,1375,1,1,0,1,0,1,0,0,0,0,1
0.71908886761075075,1375,1,1,0,1,0,0,1,1,0,0,0
0.75689983981839648,1375,1,1,0,1,0,0,1,0,1,0,0
0.50983294806083435,1375,1,1,0,1,0,0,1,0,0,1,0
0.72317140532355251,1375,1,1,0,1,0,0,1,0,0,0,1
0.81914664662878522,1375,1,1,0,1,0,0,0,1,1,0,0
0.82846627803725492,1375,1,1,0,1,0,0,0,1,0,1,0
0.80766773502608924,1375,1,1,0,1,0,0,0,1,0,0,1
0.84837866630680991,1375,1,1,0,1,0,0,0,0,1,1,0
0.87386230847874502,1375,1,1,0,1,0,0,0,0,1,0,1
0.84269107568624657,1375,1,1,0,1,0,0,0,0,0,1,1
0.77210325876156849,1375,1,1,0,0,1,1,1,0,0,0,0
0.58940615746431668,1375,1,1,0,0,1,1,0,1,0,0,0
0.7537764425429091,1375,1,1,0,0,1,1,0,0,1,0,0
0.70549549875484108,1375,1,1,0,0,1,1,0,0,0,1,0
0.75130318833416354,1375,1,1,0,0,1,1,0,0,0,0,1
0.82848942936959025,1375,1,1,0,0,1,0,1,1,0,0,0
0.80312202978280267,1375,1,1,0,0,1,0,1,0,1,0,0
0.77432229199867553,1375,1,1,0,0,1,0,1,0,0,1,0
0.79996575733344533,1375,1,1,0,0,1,0,1,0,0,0,1
0.59607146549425827,1375,1,1,0,0,1,0,0,1,1,0,0
0.71359373695603623,1375,1,1,0,0,1,0,0,1,0,1,0
0.57062300446477365,1375,1,1,0,0,1,0,0,1,0,0,1
0.67414788981179985,1375,1,1,0,0,1,0,0,0,1,1,0
0.71208160933912856,1375,1,1,0,0,1,0,0,0,1,0,1
0.70417205271579131,1375,1,1,0,0,1,0,0,0,0,1,1
0.76798909857875641,1375,1,1,0,0,0,1,1,1,0,0,0
0.74242420674890619,1375,1,1,0,0,0,1,1,0,1,0,0
0.70770879687584898,1375,1,1,0,0,0,1,1,0,0,1,0
0.73411059776765875,1375,1,1,0,0,0,1,1,0,0,0,1
0.63637574851131229,1375,1,1,0,0,0,1,0,1,1,0,0
0.74944359871455435,1375,1,1,0,0,0,1,0,1,0,1,0
0.63148593678807041,1375,1,1,0,0,0,1,0,1,0,0,1
0.76920712416030057,1375,1,1,0,0,0,1,0,0,1,1,0
0.79839459799721946,1375,1,1,0,0,0,1,0,0,1,0,1
0.78247590862116578,1375,1,1,0,0,0,1,0,0,0,1,1
0.79672901841089683,1375,1,1,0,0,0,0,1,1,1,0,0
0.8432032040126991,1375,1,1,0,0,0,0,1,1,0,1,0
0.79695587567969728,1375,1,1,0,0,0,0,1,1,0,0,1
0.74550478835359513,1375,1,1,0,0,0,0,1,0,1,1,0
0.76300049274810811,1375,1,1,0,0,0,0,1,0,1,0,1
0.75798044134845222,1375,1,1,0,0,0,0,1,0,0,1,1
0.73489700478779418,1375,1,1,0,0,0,0,0,1,1,1,0
0.56031245423535125,1375,1,1,0,0,0,0,0,1,1,0,1
0.75409590876121224,1375,1,1,0,0,0,0,0,1,0,1,1
0.74966132814872655,1375,1,1,0,0,0,0,0,0,1,1,1
0.87022081482450442,1375,1,0,1,1,1,1,0,0,0,0,0
0.774284472689867,1375,1,0,1,1,1,0,1,0,0,0,0
0.80193129544500918,1375,1,0,1,1,1,0,0,1,0,0,0
0.86398831953442912,1375,1,0,1,1,1,0,0,0,1,0,0
0.81884915446935436,1375,1,0,1,1,1,0,0,0,0,1,0
0.85214528941976242,1375,1,0,1,1,1,0,0,0,0,0,1
0.77388114997479152,1375,1,0,1,1,0,1,1,0,0,0,0
0.83380148597667869,1375,1,0,1,1,0,1,0,1,0,0,0
0.88479634726970557,1375,1,0,1,1,0,1,0,0,1,0,0
0.86037741151161296,1375,1,0,1,1,0,1,0,0,0,1,0
0.87782676645276525,1375,1,0,1,1,0,1,0,0,0,0,1
0.71437992588414367,1375,1,0,1,1,0,0,1,1,0,0,0
0.7504325868144206,1375,1,0,1,1,0,0,1,0,1,0,0
0.50112642212768199,1375,1,0,1,1,0,0,1,0,0,1,0
0.71742111710620682,1375,1,0,1,1,0,0,1,0,0,0,1
0.81206954936976283,1375,1,0,1,1,0,0,0,1,1,0,0
0.82207396274291133,1375,1,0,1,1,0,0,0,1,0,1,0
0.79963894890522247,1375,1,0,1,1,0,0,0,1,0,0,1
0.84303642273831436,1375,1,0,1,1,0,0,0,0,1,1,0
0.86806865731453697,1375,1,0,1,1,0,0,0,0,1,0,1
0.8371518997896682,1375,1,0,1,1,0,0,0,0,0,1,1
0.77315094531207862,1375,1,0,1,0,1,1,1,0,0,0,0
0.55707829112136853,1375,1,0,1,0,1,1,0,1,0,0,0
0.74303326883368015,1375,1,0,1,0,1,1,0,0,1,0,0
0.69546059057951548,1375,1,0,1,0,1,1,0,0,0,1,0
0.74250033585837094,1375,1,0,1,0,1,1,0,0,0,0,1
0.83363445912810907,1375,1,0,1,0,1,0,1,1,0,0,0
0.80818393532133126,1375,1,0,1,0,1,0,1,0,1,0,0
0.78311130589327782,1375,1,0,1,0,1,0,1,0,0,1,0
0.80587935887098594,1375,1,0,1,0,1,0,1,0,0,0,1
0.58784157155545103,1375,1,0,1,0,1,0,0,1,1,0,0
0.71654739572963144,1375,1,0,1,0,1,0,0,1,0,1,0
0.57046819906857438,1375,1,0,1,0,1,0,0,1,0,0,1
0.67311748289086903,1375,1,0,1,0,1,0,0,0,1,1,0
0.71412417009697238,1375,1,0,1,0,1,0,0,0,1,0,1
0.70658759058759446,1375,1,0,1,0,1,0,0,0,0,1,1
0.76744128113525845,1375,1,0,1,0,0,1,1,1,0,0,0
0.73736959707487693,1375,1,0,1,0,0,1,1,0,1,0,0
0.70241588167659397,1375,1,0,1,0,0,1,1,0,0,1,0
0.73011845483560844,1375,1,0,1,0,0,1,1,0,0,0,1
0.59962225337102992,1375,1,0,1,0,0,1,0,1,1,0,0
0.73957391165574893,1375,1,0,1,0,0,1,0,1,0,1,0
0.59869006027601512,1375,1,0,1,0,0,1,0,1,0,0,1
0.75964538433730577,1375,1,0,1,0,0,1,0,0,1,1,0
0.78708605019193245,1375,1,0,1,0,0,1,0,0,1,0,1
0.77557184015156755,1375,1,0,1,0,0,1,0,0,0,1,1
0.80075159076676483,1375,1,0,1,0,0,0,1,1,1,0,0
0.85013154916727862,1375,1,0,1,0,0,0,1,1,0,1,0
0.80165181282613596,1375,1,0,1,0,0,0,1,1,0,0,1
0.75131064978960982,1375,1,0,1,0,0,0,1,0,1,1,0
0.76737750174825325,1375,1,0,1,0,0,0,1,0,1,0,1
0.76471852434257459,1375,1,0,1,0,0,0,1,0,0,1,1
0.73174248413996823,1375,1,0,1,0,0,0,0,1,1,1,0
0.53594455210075354,1375,1,0,1,0,0,0,0,1,1,0,1
0.75367918150585345,1375,1,0,1,0,0,0,0,1,0,1,1
0.74603078958314828,1375,1,0,1,0,0,0,0,0,1,1,1
0.77467291556513684,1375,1,0,0,1,1,1,1,0,0,0,0
0.82207481477697719,1375,1,0,0,1,1,1,0,1,0,0,0
0.87403209359461076,1375,1,0,0,1,1,1,0,0,1,0,0
0.84357720413563553,1375,1,0,0,1,1,1,0,0,0,1,0
0.86607985142119692,1375,1,0,0,1,1,1,0,0,0,0,1
0.76412454410240382,1375,1,0,0,1,1,0,1,1,0,0,0
0.76928423461397721,1375,1,0,0,1,1,0,1,0,1,0,0
0.55563314651257889,1375,1,0,0,1,1,0,1,0,0,1,0
0.74246243301616355,1375,1,0,0,1,1,0,1,0,0,0,1
0.80340165111344031,1375,1,0,0,1,1,0,0,1,1,0,0
0.80546024678297701,1375,1,0,0,1,1,0,0,1,0,1,0
0.78804813960169307,1375,1,0,0,1,1,0,0,1,0,0,1
0.82379123160391343,1375,1,0,0,1,1,0,0,0,1,1,0
0.8561755263640769,1375,1,0,0,1,1,0,0,0,1,0,1
0.81789503704621536,1375,1,0,0,1,1,0,0,0,0,1,1
0.70736943864962987,1375,1,0,0,1,0,1,1,1,0,0,0
0.77071818352666255,1375,1,0,0,1,0,1,1,0,1,0,0
0.61740234573974195,1375,1,0,0,1,0,1,1,0,0,1,0
0.74889732751988014,1375,1,0,0,1,0,1,1,0,0,0,1
0.83654955112416962,1375,1,0,0,1,0,1,0,1,1,0,0
0.85097050481520942,1375,1,0,0,1,0,1,0,1,0,1,0
0.83029612370084149,1375,1,0,0,1,0,1,0,1,0,0,1
0.86474991499664522,1375,1,0,0,1,0,1,0,0,1,1,0
0.88249750654745762,1375,1,0,0,1,0,1,0,0,1,0,1
0.86041131852624086,1375,1,0,0,1,0,1,0,0,0,1,1
0.70910390601234519,1375,1,0,0,1,0,0,1,1,1,0,0
0.66910005388865801,1375,1,0,0,1,0,0,1,1,0,1,0
0.65421923683599015,1375,1,0,0,1,0,0,1,1,0,0,1
0.51536167373947106,1375,1,0,0,1,0,0,1,0,1,1,0
0.71026764204746484,1375,1,0,0,1,0,0,1,0,1,0,1
0.46477377248883794,1375,1,0,0,1,0,0,1,0,0,1,1
0.82768063524896029,1375,1,0,0,1,0,0,0,1,1,1,0
0.80239644973434376,1375,1,0,0,1,0,0,0,1,1,0,1
0.82436477223338966,1375,1,0,0,1,0,0,0,1,0,1,1
0.84228842956102123,1375,1,0,0,1,0,0,0,0,1,1,1
0.7991917843363695,1375,1,0,0,0,1,1,1,1,0,0,0
0.76545012323574146,1375,1,0,0,0,1,1,1,0,1,0,0
0.72622344204974187,1375,1,0,0,0,1,1,1,0,0,1,0
0.76128455779462623,1375,1,0,0,0,1,1,1,0,0,0,1
0.54953596650942416,1375,1,0,0,0,1,1,0,1,1,0,0
0.70436448642344074,1375,1,0,0,0,1,1,0,1,0,1,0
0.54251898344181237,1375,1,0,0,0,1,1,0,1,0,0,1
0.70290931403943813,1375,1,0,0,0,1,1,0,0,1,1,0
0.73969652831232846,1375,1,0,0,0,1,1,0,0,1,0,1
0.73101996233941025,1375,1,0,0,0,1,1,0,0,0,1,1
0.82818400481991272,1375,1,0,0,0,1,0,1,1,1,0,0
0.86857430182358264,1375,1,0,0,0,1,0,1,1,0,1,0
0.83101596637579378,1375,1,0,0,0,1,0,1,1,0,0,1
0.77980713769027776,1375,1,0,0,0,1,0,1,0,1,1,0
0.79928104456854709,1375,1,0,0,0,1,0,1,0,1,0,1
0.78904434545333124,1375,1,0,0,0,1,0,1,0,0,1,1
0.72329474830300633,1375,1,0,0,0,1,0,0,1,1,1,0
0.56013778559901473,1375,1,0,0,0,1,0,0,1,1,0,1
0.74603354221560425,1375,1,0,0,0,1,0,0,1,0,1,1
0.71239954382726778,1375,1,0,0,0,1,0,0,0,1,1,1
0.76194916398596635,1375,1,0,0,0,0,1,1,1,1,0,0
0.8279779550838251,1375,1,0,0,0,0,1,1,1,0,1,0
0.76116583576618058,1375,1,0,0,0,0,1,1,1,0,0,1
0.70488206265925113,1375,1,0,0,0,0,1,1,0,1,1,0
0.72183090990916543,1375,1,0,0,0,0,1,1,0,1,0,1
0.72917688980974549,1375,1,0,0,0,0,1,1,0,0,1,1
0.74715911964272952,1375,1,0,0,0,0,1,0,1,1,1,0
0.59797203628755047,1375,1,0,0,0,0,1,0,1,1,0,1
0.76834052490323412,1375,1,0,0,0,0,1,0,1,0,1,1
0.78154345107848455,1375,1,0,0,0,0,1,0,0,1,1,1
0.84513152022236171,1375,1,0,0,0,0,0,1,1,1,1,0
0.79605993056503777,1375,1,0,0,0,0,0,1,1,1,0,1
0.85720384872860633,1375,1,0,0,0,0,0,1,1,0,1,1
0.76333122620432159,1375,1,0,0,0,0,0,1,0,1,1,1
0.75965419281758739,1375,1,0,0,0,0,0,0,1,1,1,1
0.85742521488533785,1375,0,1,1,1,1,1,0,0,0,0,0
0.7754193250846374,1375,0,1,1,1,1,0,1,0,0,0,0
0.73368138502830282,1375,0,1,1,1,1,0,0,1,0,0,0
0.84704256153333446,1375,0,1,1,1,1,0,0,0,1,0,0
0.75695026884150762,1375,0,1,1,1,1,0,0,0,0,1,0
0.82906353137260869,1375,0,1,1,1,1,0,0,0,0,0,1
0.75110617066544383,1375,0,1,1,1,0,1,1,0,0,0,0
0.7885302261246685,1375,0,1,1,1,0,1,0,1,0,0,0
0.87805844761018359,1375,0,1,1,1,0,1,0,0,1,0,0
0.82730403691393539,1375,0,1,1,1,0,1,0,0,0,1,0
0.86774492574786888,1375,0,1,1,1,0,1,0,0,0,0,1
0.73798872455019693,1375,0,1,1,1,0,0,1,1,0,0,0
0.74118971622096896,1375,0,1,1,1,0,0,1,0,1,0,0
0.54188219597447274,1375,0,1,1,1,0,0,1,0,0,1,0
0.71277595405037231,1375,0,1,1,1,0,0,1,0,0,0,1
0.74573634384232235,1375,0,1,1,1,0,0,0,1,1,0,0
0.75451383074192213,1375,0,1,1,1,0,0,0,1,0,1,0
0.7259617051769095,1375,0,1,1,1,0,0,0,1,0,0,1
0.79638850789488091,1375,0,1,1,1,0,0,0,0,1,1,0
0.85120439195435138,1375,0,1,1,1,0,0,0,0,1,0,1
0.79449688620840331,1375,0,1,1,1,0,0,0,0,0,1,1
0.82882150844879099,1375,0,1,1,0,1,1,1,0,0,0,0
0.46967786506052622,1375,0,1,1,0,1,1,0,1,0,0,0
0.60195957543947165,1375,0,1,1,0,1,1,0,0,1,0,0
0.64247906584270564,1375,0,1,1,0,1,1,0,0,0,1,0
0.68079399564953069,1375,0,1,1,0,1,1,0,0,0,0,1
0.86320408786691361,1375,0,1,1,0,1,0,1,1,0,0,0
0.85199280405276012,1375,0,1,1,0,1,0,1,0,1,0,0
0.83157610350013345,1375,0,1,1,0,1,0,1,0,0,1,0
0.85422335701369001,1375,0,1,1,0,1,0,1,0,0,0,1
0.61540340942379457,1375,0,1,1,0,1,0,0,1,1,0,0
0.74598172693530407,1375,0,1,1,0,1,0,0,1,0,1,0
0.62539318964593127,1375,0,1,1,0,1,0,0,1,0,0,1
0.64739046229520358,1375,0,1,1,0,1,0,0,0,1,1,0
0.64874585205411839,1375,0,1,1,0,1,0,0,0,1,0,1
0.70178206900493834,1375,0,1,1,0,1,0,0,0,0,1,1
0.82125089648785898,1375,0,1,1,0,0,1,1,1,0,0,0
0.80511495078190076,1375,0,1,1,0,0,1,1,0,1,0,0
0.7873370204323481,1375,0,1,1,0,0,1,1,0,0,1,0
0.80924661489008054,1375,0,1,1,0,0,1,1,0,0,0,1
0.4984706923793274,1375,0,1,1,0,0,1,0,1,1,0,0
0.73457830873189101,1375,0,1,1,0,0,1,0,1,0,1,0
0.54479612730407001,1375,0,1,1,0,0,1,0,1,0,0,1
0.72466279153970181,1375,0,1,1,0,0,1,0,0,1,1,0
0.77186306538447425,1375,0,1,1,0,0,1,0,0,1,0,1
0.75687089346325109,1375,0,1,1,0,0,1,0,0,0,1,1
0.84175977056739582,1375,0,1,1,0,0,0,1,1,1,0,0
0.86718795124203385,1375,0,1,1,0,0,0,1,1,0,1,0
0.84642924443311474,1375,0,1,1,0,0,0,1,1,0,0,1
0.81306319546416361,1375,0,1,1,0,0,0,1,0,1,1,0
0.83329049254604448,1375,0,1,1,0,0,0,1,0,1,0,1
0.82200554119353353,1375,0,1,1,0,0,0,1,0,0,1,1
0.74665155413523487,1375,0,1,1,0,0,0,0,1,1,1,0
0.55276512145994527,1375,0,1,1,0,0,0,0,1,1,0,1
0.76994522394505116,1375,0,1,1,0,0,0,0,1,0,1,1
0.73388235563895954,1375,0,1,1,0,0,0,0,0,1,1,1
0.76165195586861967,1375,0,1,0,1,1,1,1,0,0,0,0
0.7672139176380367,1375,0,1,0,1,1,1,0,1,0,0,0
0.86259250502010798,1375,0,1,0,1,1,1,0,0,1,0,0
0.79849994814659386,1375,0,1,0,1,1,1,0,0,0,1,0
0.8506847258300505,1375,0,1,0,1,1,1,0,0,0,0,1
0.78288017794986375,1375,0,1,0,1,1,0,1,1,0,0,0
0.76996158345414023,1375,0,1,0,1,1,0,1,0,1,0,0
0.6065778831419929,1375,0,1,0,1,1,0,1,0,0,1,0
0.74915926917585907,1375,0,1,0,1,1,0,1,0,0,0,1
0.73282232811787695,1375,0,1,0,1,1,0,0,1,1,0,0
0.72546014554709548,1375,0,1,0,1,1,0,0,1,0,1,0
0.70725559407947169,1375,0,1,0,1,1,0,0,1,0,0,1
0.76311123533892666,1375,0,1,0,1,1,0,0,0,1,1,0
0.83340926825682837,1375,0,1,0,1,1,0,0,0,1,0,1
0.76381197074786777,1375,0,1,0,1,1,0,0,0,0,1,1
0.71410995874687977,1375,0,1,0,1,0,1,1,1,0,0,0
0.74648767331204335,1375,0,1,0,1,0,1,1,0,1,0,0
0.56486808295260948,1375,0,1,0,1,0,1,1,0,0,1,0
0.72331425952675821,1375,0,1,0,1,0,1,1,0,0,0,1
0.79179617794111157,1375,0,1,0,1,0,1,0,1,1,0,0
0.80176582017987452,1375,0,1,0,1,0,1,0,1,0,1,0
0.78262263652600883,1375,0,1,0,1,0,1,0,1,0,0,1
0.83312484000528697,1375,0,1,0,1,0,1,0,0,1,1,0
0.87437188038046831,1375,0,1,0,1,0,1,0,0,1,0,1
0.83055992771595644,1375,0,1,0,1,0,1,0,0,0,1,1
0.73275970358206333,1375,0,1,0,1,0,0,1,1,1,0,0
0.74060545068862171,1375,0,1,0,1,0,0,1,1,0,1,0
0.70511438570671747,1375,0,1,0,1,0,0,1,1,0,0,1
0.55194512643254923,1375,0,1,0,1,0,0,1,0,1,1,0
0.7049979322125205,1375,0,1,0,1,0,0,1,0,1,0,1
0.55398108122524981,1375,0,1,0,1,0,0,1,0,0,1,1
0.76321768781784061,1375,0,1,0,1,0,0,0,1,1,1,0
0.72745346059138227,1375,0,1,0,1,0,0,0,1,1,0,1
0.76745457041120524,1375,0,1,0,1,0,0,0,1,0,1,1
0.80096923922476537,1375,0,1,0,1,0,0,0,0,1,1,1
0.84117922047641325,1375,0,1,0,0,1,1,1,1,0,0,0
0.8231580630243106,1375,0,1,0,0,1,1,1,0,1,0,0
0.80123891294177729,1375,0,1,0,0,1,1,1,0,0,1,0
0.82716225215805705,1375,0,1,0,0,1,1,1,0,0,0,1
0.45906786466426269,1375,0,1,0,0,1,1,0,1,1,0,0
0.71185712446684435,1375,0,1,0,0,1,1,0,1,0,1,0
0.50284764418540218,1375,0,1,0,0,1,1,0,1,0,0,1
0.6520736788174557,1375,0,1,0,0,1,1,0,0,1,1,0
0.66040878610589271,1375,0,1,0,0,1,1,0,0,1,0,1
0.70773412133893865,1375,0,1,0,0,1,1,0,0,0,1,1
0.85884425986605706,1375,0,1,0,0,1,0,1,1,1,0,0
0.87961397521151741,1375,0,1,0,0,1,0,1,1,0,1,0
0.86361265450749081,1375,0,1,0,0,1,0,1,1,0,0,1
0.82851055138073182,1375,0,1,0,0,1,0,1,0,1,1,0
0.84979412096018425,1375,0,1,0,0,1,0,1,0,1,0,1
0.83517775223117996,1375,0,1,0,0,1,0,1,0,0,1,1
0.75082897584095853,1375,0,1,0,0,1,0,0,1,1,1,0
0.61687381112074691,1375,0,1,0,0,1,0,0,1,1,0,1
0.77209545310288408,1375,0,1,0,0,1,0,0,1,0,1,1
0.70709774723777541,1375,0,1,0,0,1,0,0,0,1,1,1
0.81642385568550235,1375,0,1,0,0,0,1,1,1,1,0,0
0.85342561738523404,1375,0,1,0,0,0,1,1,1,0,1,0
0.82264392906478767,1375,0,1,0,0,0,1,1,1,0,0,1
0.78593544529417469,1375,0,1,0,0,0,1,1,0,1,1,0
0.80365016229406971,1375,0,1,0,0,0,1,1,0,1,0,1
0.80144920677340314,1375,0,1,0,0,0,1,1,0,0,1,1
0.74217552448072854,1375,0,1,0,0,0,1,0,1,1,1,0
0.54186496681888385,1375,0,1,0,0,0,1,0,1,1,0,1
0.76914398518257698,1375,0,1,0,0,0,1,0,1,0,1,1
0.76336849269276208,1375,0,1,0,0,0,1,0,0,1,1,1
0.86317787520834521,1375,0,1,0,0,0,0,1,1,1,1,0
0.84205357395467006,1375,0,1,0,0,0,0,1,1,1,0,1
0.87145502322233304,1375,0,1,0,0,0,0,1,1,0,1,1
0.81987645242534601,1375,0,1,0,0,0,0,1,0,1,1,1
0.77450957770340501,1375,0,1,0,0,0,0,0,1,1,1,1
0.76135685100251471,1375,0,0,1,1,1,1,1,0,0,0,0
0.76006924868007297,1375,0,0,1,1,1,1,0,1,0,0,0
0.85548266036124676,1375,0,0,1,1,1,1,0,0,1,0,0
0.79339405701578936,1375,0,0,1,1,1,1,0,0,0,1,0
0.84331943788977404,1375,0,0,1,1,1,1,0,0,0,0,1
0.78891774253926361,1375,0,0,1,1,1,0,1,1,0,0,0
0.77510937533507207,1375,0,0,1,1,1,0,1,0,1,0,0
0.63755961550626494,1375,0,0,1,1,1,0,1,0,0,1,0
0.75748972956910821,1375,0,0,1,1,1,0,1,0,0,0,1
0.73430199204775692,1375,0,0,1,1,1,0,0,1,1,0,0
0.72931973073601275,1375,0,0,1,1,1,0,0,1,0,1,0
0.71197354810319313,1375,0,0,1,1,1,0,0,1,0,0,1
0.76278210398652313,1375,0,0,1,1,1,0,0,0,1,1,0
0.82957213102905092,1375,0,0,1,1,1,0,0,0,1,0,1
0.7642382495432033,1375,0,0,1,1,1,0,0,0,0,1,1
0.71159612950732531,1375,0,0,1,1,0,1,1,1,0,0,0
0.74124433584942329,1375,0,0,1,1,0,1,1,0,1,0,0
0.56528225893027928,1375,0,0,1,1,0,1,1,0,0,1,0
0.71987839143565713,1375,0,0,1,1,0,1,1,0,0,0,1
0.78247387858000572,1375,0,0,1,1,0,1,0,1,1,0,0
0.79504815893531711,1375,0,0,1,1,0,1,0,1,0,1,0
0.77327867018899976,1375,0,0,1,1,0,1,0,1,0,0,1
0.82718104513722301,1375,0,0,1,1,0,1,0,0,1,1,0
0.86595929958255169,1375,0,0,1,1,0,1,0,0,1,0,1
0.82494906467092299,1375,0,0,1,1,0,1,0,0,0,1,1
0.73765785784085602,1375,0,0,1,1,0,0,1,1,1,0,0
0.74918320131091898,1375,0,0,1,1,0,0,1,1,0,1,0
0.71421180790862404,1375,0,0,1,1,0,0,1,1,0,0,1
0.5771772968668033,1375,0,0,1,1,0,0,1,0,1,1,0
0.71242505510250342,1375,0,0,1,1,0,0,1,0,1,0,1
0.58667244473463731,1375,0,0,1,1,0,0,1,0,0,1,1
0.76044035720982839,1375,0,0,1,1,0,0,0,1,1,1,0
0.72347845467015959,1375,0,0,1,1,0,0,0,1,1,0,1
0.76599853287845265,1375,0,0,1,1,0,0,0,1,0,1,1
0.79724237643856555,1375,0,0,1,1,0,0,0,0,1,1,1
0.84621723937197779,1375,0,0,1,0,1,1,1,1,0,0,0
0.82877747470536467,1375,0,0,1,0,1,1,1,0,1,0,0
0.80876180094266992,1375,0,0,1,0,1,1,1,0,0,1,0
0.83269008818654011,1375,0,0,1,0,1,1,1,0,0,0,1
0.44520037697223602,1375,0,0,1,0,1,1,0,1,1,0,0
0.7173807132891441,1375,0,0,1,0,1,1,0,1,0,1,0
0.51236507301705003,1375,0,0,1,0,1,1,0,1,0,0,1
0.6544134914583476,1375,0,0,1,0,1,1,0,0,1,1,0
0.66456220068457572,1375,0,0,1,0,1,1,0,0,1,0,1
0.71265387635880717,1375,0,0,1,0,1,1,0,0,0,1,1
0.86384553087990268,1375,0,0,1,0,1,0,1,1,1,0,0
0.88503459129263362,1375,0,0,1,0,1,0,1,1,0,1,0
0.86826377726032822,1375,0,0,1,0,1,0,1,1,0,0,1
0.8360094972532115,1375,0,0,1,0,1,0,1,0,1,1,0
0.85518820506644144,1375,0,0,1,0,1,0,1,0,1,0,1
0.84186424367875312,1375,0,0,1,0,1,0,1,0,0,1,1
0.76292747129175942,1375,0,0,1,0,1,0,0,1,1,1,0
0.6507051122269828,1375,0,0,1,0,1,0,0,1,1,0,1
0.78285657454502366,1375,0,0,1,0,1,0,0,1,0,1,1
0.72228591481518267,1375,0,0,1,0,1,0,0,0,1,1,1
0.82092133927637145,1375,0,0,1,0,0,1,1,1,1,0,0
0.85835289643783363,1375,0,0,1,0,0,1,1,1,0,1,0
0.82723174257379661,1375,0,0,1,0,0,1,1,1,0,0,1
0.79176942347756829,1375,0,0,1,0,0,1,1,0,1,1,0
0.8085751892105183,1375,0,0,1,0,0,1,1,0,1,0,1
0.80690697769763364,1375,0,0,1,0,0,1,1,0,0,1,1
0.74143445541995578,1375,0,0,1,0,0,1,0,1,1,1,0
0.52028969918651391,1375,0,0,1,0,0,1,0,1,1,0,1
0.77048149787116949,1375,0,0,1,0,0,1,0,1,0,1,1
0.76121041775487419,1375,0,0,1,0,0,1,0,0,1,1,1
0.8688149550727603,1375,0,0,1,0,0,0,1,1,1,1,0
0.84733684702532808,1375,0,0,1,0,0,0,1,1,1,0,1
0.87644258214608239,1375,0,0,1,0,0,0,1,1,0,1,1
0.82683763712452607,1375,0,0,1,0,0,0,1,0,1,1,1
0.78139217876639788,1375,0,0,1,0,0,0,0,1,1,1,1
0.75104258201972129,1375,0,0,0,1,1,1,1,1,0,0,0
0.75517392569682651,1375,0,0,0,1,1,1,1,0,1,0,0
0.56667585907208906,1375,0,0,0,1,1,1,1,0,0,1,0
0.73585837183718772,1375,0,0,0,1,1,1,1,0,0,0,1
0.76084794253786647,1375,0,0,0,1,1,1,0,1,1,0,0
0.76575744236136523,1375,0,0,0,1,1,1,0,1,0,1,0
0.74785174407018362,1375,0,0,0,1,1,1,0,1,0,0,1
0.79880148589497102,1375,0,0,0,1,1,1,0,0,1,1,0
0.8480630878943749,1375,0,0,0,1,1,1,0,0,1,0,1
0.79871842320597697,1375,0,0,0,1,1,1,0,0,0,1,1
0.78310654848191152,1375,0,0,0,1,1,0,1,1,1,0,0
0.79636116850168059,1375,0,0,0,1,1,0,1,1,0,1,0
0.77040483215178923,1375,0,0,0,1,1,0,1,1,0,0,1
0.63688385507334122,1375,0,0,0,1,1,0,1,0,1,1,0
0.75048118577243583,1375,0,0,0,1,1,0,1,0,1,0,1
0.63956089209602651,1375,0,0,0,1,1,0,1,0,0,1,1
0.73671839209516987,1375,0,0,0,1,1,0,0,1,1,1,0
0.70902324310609111,1375,0,0,0,1,1,0,0,1,1,0,1
0.74475146847485041,1375,0,0,0,1,1,0,0,1,0,1,1
0.76929186050962484,1375,0,0,0,1,1,0,0,0,1,1,1
0.70515971140766764,1375,0,0,0,1,0,1,1,1,1,0,0
0.71239440386107833,1375,0,0,0,1,0,1,1,1,0,1,0
0.67459380418884396,1375,0,0,0,1,0,1,1,1,0,0,1
0.57330284246023244,1375,0,0,0,1,0,1,1,0,1,1,0
0.71244182345171392,1375,0,0,0,1,0,1,1,0,1,0,1
0.59463919435178336,1375,0,0,0,1,0,1,1,0,0,1,1
0.80164889222669999,1375,0,0,0,1,0,1,0,1,1,1,0
0.77615534096176375,1375,0,0,0,1,0,1,0,1,1,0,1
0.80518554512973028,1375,0,0,0,1,0,1,0,1,0,1,1
0.83036755071883361,1375,0,0,0,1,0,1,0,0,1,1,1
0.75038373375776601,1375,0,0,0,1,0,0,1,1,1,1,0
0.70680637792820922,1375,0,0,0,1,0,0,1,1,1,0,1
0.75192390905490014,1375,0,0,0,1,0,0,1,1,0,1,1
0.59121039582405155,1375,0,0,0,1,0,0,1,0,1,1,1
0.77325952348983162,1375,0,0,0,1,0,0,0,1,1,1,1
0.84110630352577442,1375,0,0,0,0,1,1,1,1,1,0,0
0.87069179785137751,1375,0,0,0,0,1,1,1,1,0,1,0
0.84723239642748505,1375,0,0,0,0,1,1,1,1,0,0,1
0.80573647822767036,1375,0,0,0,0,1,1,1,0,1,1,0
0.82713510528712031,1375,0,0,0,0,1,1,1,0,1,0,1
0.81758082233436136,1375,0,0,0,0,1,1,1,0,0,1,1
0.72383628708300485,1375,0,0,0,0,1,1,0,1,1,1,0
0.49463443171050114,1375,0,0,0,0,1,1,0,1,1,0,1
0.75732149830222906,1375,0,0,0,0,1,1,0,1,0,1,1
0.71725604182732494,1375,0,0,0,0,1,1,0,0,1,1,1
0.88045302880984821,1375,0,0,0,0,1,0,1,1,1,1,0
0.86403676261085005,1375,0,0,0,0,1,0,1,1,1,0,1
0.88704008149298241,1375,0,0,0,0,1,0,1,1,0,1,1
0.83908163493530186,1375,0,0,0,0,1,0,1,0,1,1,1
0.7854050244937798,1375,0,0,0,0,1,0,0,1,1,1,1
0.85414358248819855,1375,0,0,0,0,0,1,1,1,1,1,0
0.82220859480529274,1375,0,0,0,0,0,1,1,1,1,0,1
0.86563094647517314,1375,0,0,0,0,0,1,1,1,0,1,1
0.80509991231953248,1375,0,0,0,0,0,1,1,0,1,1,1
0.7752411854726825,1375,0,0,0,0,0,1,0,1,1,1,1
0.87259424263660135,1375,0,0,0,0,0,0,1,1,1,1,1
0.87259424263660146,1375,1,1,1,1,1,1,0,0,0,0,0
0.77524118547268217,1375,1,1,1,1,1,0,1,0,0,0,0
0.80509991231953237,1375,1,1,1,1,1,0,0,1,0,0,0
0.86563094647517314,1375,1,1,1,1,1,0,0,0,1,0,0
0.82220859480529274,1375,1,1,1,1,1,0,0,0,0,1,0
0.85414358248819855,1375,1,1,1,1,1,0,0,0,0,0,1
0.78540502449377958,1375,1,1,1,1,0,1,1,0,0,0,0
0.83908163493530208,1375,1,1,1,1,0,1,0,1,0,0,0
0.88704008149298208,1375,1,1,1,1,0,1,0,0,1,0,0
0.86403676261085038,1375,1,1,1,1,0,1,0,0,0,1,0
0.88045302880984821,1375,1,1,1,1,0,1,0,0,0,0,1
0.7172560418273255,1375,1,1,1,1,0,0,1,1,0,0,0
0.7573214983022285,1375,1,1,1,1,0,0,1,0,1,0,0
0.4946344317105012,1375,1,1,1,1,0,0,1,0,0,1,0
0.72383628708300474,1375,1,1,1,1,0,0,1,0,0,0,1
0.81758082233436102,1375,1,1,1,1,0,0,0,1,1,0,0
0.8271351052871202,1375,1,1,1,1,0,0,0,1,0,1,0
0.80573647822767058,1375,1,1,1,1,0,0,0,1,0,0,1
0.84723239642748527,1375,1,1,1,1,0,0,0,0,1,1,0
0.87069179785137762,1375,1,1,1,1,0,0,0,0,1,0,1
0.8411063035257742,1375,1,1,1,1,0,0,0,0,0,1,1
0.77325952348983162,1375,1,1,1,0,1,1,1,0,0,0,0
0.59121039582405155,1375,1,1,1,0,1,1,0,1,0,0,0
0.75192390905490081,1375,1,1,1,0,1,1,0,0,1,0,0
0.70680637792820933,1375,1,1,1,0,1,1,0,0,0,1,0
0.75038373375776568,1375,1,1,1,0,1,1,0,0,0,0,1
0.83036755071883361,1375,1,1,1,0,1,0,1,1,0,0,0
0.80518554512972995,1375,1,1,1,0,1,0,1,0,1,0,0
0.7761553409617642,1375,1,1,1,0,1,0,1,0,0,1,0
0.80164889222669999,1375,1,1,1,0,1,0,1,0,0,0,1
0.59463919435178325,1375,1,1,1,0,1,0,0,1,1,0,0
0.71244182345171381,1375,1,1,1,0,1,0,0,1,0,1,0
0.57330284246023222,1375,1,1,1,0,1,0,0,1,0,0,1
0.67459380418884374,1375,1,1,1,0,1,0,0,0,1,1,0
0.71239440386107833,1375,1,1,1,0,1,0,0,0,1,0,1
0.70515971140766787,1375,1,1,1,0,1,0,0,0,0,1,1
0.76929186050962495,1375,1,1,1,0,0,1,1,1,0,0,0
0.74475146847484952,1375,1,1,1,0,0,1,1,0,1,0,0
0.70902324310609133,1375,1,1,1,0,0,1,1,0,0,1,0
0.73671839209517032,1375,1,1,1,0,0,1,1,0,0,0,1
0.63956089209602662,1375,1,1,1,0,0,1,0,1,1,0,0
0.75048118577243639,1375,1,1,1,0,0,1,0,1,0,1,0
0.63688385507334111,1375,1,1,1,0,0,1,0,1,0,0,1
0.77040483215178912,1375,1,1,1,0,0,1,0,0,1,1,0
0.79636116850168026,1375,1,1,1,0,0,1,0,0,1,0,1
0.78310654848191141,1375,1,1,1,0,0,1,0,0,0,1,1
0.79871842320597664,1375,1,1,1,0,0,0,1,1,1,0,0
0.84806308789437457,1375,1,1,1,0,0,0,1,1,0,1,0
0.79880148589497113,1375,1,1,1,0,0,0,1,1,0,0,1
0.74785174407018395,1375,1,1,1,0,0,0,1,0,1,1,0
0.76575744236136511,1375,1,1,1,0,0,0,1,0,1,0,1
0.76084794253786703,1375,1,1,1,0,0,0,1,0,0,1,1
0.7358583718371875,1375,1,1,1,0,0,0,0,1,1,1,0
0.56667585907208862,1375,1,1,1,0,0,0,0,1,1,0,1
0.75517392569682651,1375,1,1,1,0,0,0,0,1,0,1,1
0.75104258201972129,1375,1,1,1,0,0,0,0,0,1,1,1
0.78139217876639755,1375,1,1,0,1,1,1,1,0,0,0,0
0.82683763712452607,1375,1,1,0,1,1,1,0,1,0,0,0
0.87644258214608173,1375,1,1,0,1,1,1,0,0,1,0,0
0.84733684702532874,1375,1,1,0,1,1,1,0,0,0,1,0
0.86881495507276052,1375,1,1,0,1,1,1,0,0,0,0,1
0.76121041775487475,1375,1,1,0,1,1,0,1,1,0,0,0
0.77048149787116971,1375,1,1,0,1,1,0,1,0,1,0,0
0.52028969918651347,1375,1,1,0,1,1,0,1,0,0,1,0
0.74143445541995601,1375,1,1,0,1,1,0,1,0,0,0,1
0.80690697769763375,1375,1,1,0,1,1,0,0,1,1,0,0
0.80857518921051841,1375,1,1,0,1,1,0,0,1,0,1,0
0.79176942347756818,1375,1,1,0,1,1,0,0,1,0,0,1
0.82723174257379672,1375,1,1,0,1,1,0,0,0,1,1,0
0.85835289643783341,1375,1,1,0,1,1,0,0,0,1,0,1
0.8209213392763719,1375,1,1,0,1,1,0,0,0,0,1,1
0.72228591481518223,1375,1,1,0,1,0,1,1,1,0,0,0
0.782856574545024,1375,1,1,0,1,0,1,1,0,1,0,0
0.65070511222698235,1375,1,1,0,1,0,1,1,0,0,1,0
0.76292747129175975,1375,1,1,0,1,0,1,1,0,0,0,1
0.84186424367875257,1375,1,1,0,1,0,1,0,1,1,0,0
0.85518820506644144,1375,1,1,0,1,0,1,0,1,0,1,0
0.83600949725321161,1375,1,1,0,1,0,1,0,1,0,0,1
0.86826377726032822,1375,1,1,0,1,0,1,0,0,1,1,0
0.88503459129263329,1375,1,1,0,1,0,1,0,0,1,0,1
0.86384553087990279,1375,1,1,0,1,0,1,0,0,0,1,1
0.71265387635880717,1375,1,1,0,1,0,0,1,1,1,0,0
0.66456220068457572,1375,1,1,0,1,0,0,1,1,0,1,0
0.65441349145834771,1375,1,1,0,1,0,0,1,1,0,0,1
0.51236507301704981,1375,1,1,0,1,0,0,1,0,1,1,0
0.71738071328914443,1375,1,1,0,1,0,0,1,0,1,0,1
0.44520037697223591,1375,1,1,0,1,0,0,1,0,0,1,1
0.83269008818654056,1375,1,1,0,1,0,0,0,1,1,1,0
0.80876180094266981,1375,1,1,0,1,0,0,0,1,1,0,1
0.828777474705364,1375,1,1,0,1,0,0,0,1,0,1,1
0.84621723937197757,1375,1,1,0,1,0,0,0,0,1,1,1
0.79724237643856488,1375,1,1,0,0,1,1,1,1,0,0,0
0.76599853287845276,1375,1,1,0,0,1,1,1,0,1,0,0
0.7234784546701597,1375,1,1,0,0,1,1,1,0,0,1,0
0.76044035720982839,1375,1,1,0,0,1,1,1,0,0,0,1
0.58667244473463731,1375,1,1,0,0,1,1,0,1,1,0,0
0.71242505510250353,1375,1,1,0,0,1,1,0,1,0,1,0
0.57717729686680264,1375,1,1,0,0,1,1,0,1,0,0,1
0.71421180790862393,1375,1,1,0,0,1,1,0,0,1,1,0
0.74918320131091853,1375,1,1,0,0,1,1,0,0,1,0,1
0.73765785784085569,1375,1,1,0,0,1,1,0,0,0,1,1
0.82494906467092288,1375,1,1,0,0,1,0,1,1,1,0,0
0.86595929958255202,1375,1,1,0,0,1,0,1,1,0,1,0
0.82718104513722324,1375,1,1,0,0,1,0,1,1,0,0,1
0.77327867018899987,1375,1,1,0,0,1,0,1,0,1,1,0
0.79504815893531744,1375,1,1,0,0,1,0,1,0,1,0,1
0.78247387858000494,1375,1,1,0,0,1,0,1,0,0,1,1
0.71987839143565724,1375,1,1,0,0,1,0,0,1,1,1,0
0.56528225893027895,1375,1,1,0,0,1,0,0,1,1,0,1
0.74124433584942395,1375,1,1,0,0,1,0,0,1,0,1,1
0.71159612950732531,1375,1,1,0,0,1,0,0,0,1,1,1
0.76423824954320285,1375,1,1,0,0,0,1,1,1,1,0,0
0.82957213102905103,1375,1,1,0,0,0,1,1,1,0,1,0
0.7627821039865228,1375,1,1,0,0,0,1,1,1,0,0,1
0.7119735481031938,1375,1,1,0,0,0,1,1,0,1,1,0
0.72931973073601231,1375,1,1,0,0,0,1,1,0,1,0,1
0.73430199204775648,1375,1,1,0,0,0,1,1,0,0,1,1
0.75748972956910798,1375,1,1,0,0,0,1,0,1,1,1,0
0.63755961550626461,1375,1,1,0,0,0,1,0,1,1,0,1
0.77510937533507207,1375,1,1,0,0,0,1,0,1,0,1,1
0.78891774253926317,1375,1,1,0,0,0,1,0,0,1,1,1
0.84331943788977437,1375,1,1,0,0,0,0,1,1,1,1,0
0.79339405701578891,1375,1,1,0,0,0,0,1,1,1,0,1
0.85548266036124609,1375,1,1,0,0,0,0,1,1,0,1,1
0.7600692486800732,1375,1,1,0,0,0,0,1,0,1,1,1
0.76135685100251482,1375,1,1,0,0,0,0,0,1,1,1,1
0.77450957770340523,1375,1,0,1,1,1,1,1,0,0,0,0
0.81987645242534601,1375,1,0,1,1,1,1,0,1,0,0,0
0.87145502322233304,1375,1,0,1,1,1,1,0,0,1,0,0
0.84205357395466984,1375,1,0,1,1,1,1,0,0,0,1,0
0.86317787520834477,1375,1,0,1,1,1,1,0,0,0,0,1
0.76336849269276219,1375,1,0,1,1,1,0,1,1,0,0,0
0.76914398518257676,1375,1,0,1,1,1,0,1,0,1,0,0
0.54186496681888341,1375,1,0,1,1,1,0,1,0,0,1,0
0.74217552448072843,1375,1,0,1,1,1,0,1,0,0,0,1
0.8014492067734027,1375,1,0,1,1,1,0,0,1,1,0,0
0.80365016229406994,1375,1,0,1,1,1,0,0,1,0,1,0
0.78593544529417447,1375,1,0,1,1,1,0,0,1,0,0,1
0.82264392906478767,1375,1,0,1,1,1,0,0,0,1,1,0
0.85342561738523381,1375,1,0,1,1,1,0,0,0,1,0,1
0.81642385568550224,1375,1,0,1,1,1,0,0,0,0,1,1
0.7070977472377753,1375,1,0,1,1,0,1,1,1,0,0,0
0.77209545310288408,1375,1,0,1,1,0,1,1,0,1,0,0
0.61687381112074691,1375,1,0,1,1,0,1,1,0,0,1,0
0.75082897584095809,1375,1,0,1,1,0,1,1,0,0,0,1
0.83517775223118029,1375,1,0,1,1,0,1,0,1,1,0,0
0.84979412096018403,1375,1,0,1,1,0,1,0,1,0,1,0
0.82851055138073193,1375,1,0,1,1,0,1,0,1,0,0,1
0.8636126545074907,1375,1,0,1,1,0,1,0,0,1,1,0
0.87961397521151685,1375,1,0,1,1,0,1,0,0,1,0,1
0.85884425986605717,1375,1,0,1,1,0,1,0,0,0,1,1
0.70773412133893843,1375,1,0,1,1,0,0,1,1,1,0,0
0.66040878610589304,1375,1,0,1,1,0,0,1,1,0,1,0
0.65207367881745582,1375,1,0,1,1,0,0,1,1,0,0,1
0.50284764418540251,1375,1,0,1,1,0,0,1,0,1,1,0
0.71185712446684457,1375,1,0,1,1,0,0,1,0,1,0,1
0.45906786466426297,1375,1,0,1,1,0,0,1,0,0,1,1
0.82716225215805705,1375,1,0,1,1,0,0,0,1,1,1,0
0.80123891294177785,1375,1,0,1,1,0,0,0,1,1,0,1
0.8231580630243106,1375,1,0,1,1,0,0,0,1,0,1,1
0.84117922047641336,1375,1,0,1,1,0,0,0,0,1,1,1
0.80096923922476526,1375,1,0,1,0,1,1,1,1,0,0,0
0.76745457041120468,1375,1,0,1,0,1,1,1,0,1,0,0
0.72745346059138216,1375,1,0,1,0,1,1,1,0,0,1,0
0.76321768781784072,1375,1,0,1,0,1,1,1,0,0,0,1
0.55398108122524981,1375,1,0,1,0,1,1,0,1,1,0,0
0.70499793221252027,1375,1,0,1,0,1,1,0,1,0,1,0
0.55194512643254956,1375,1,0,1,0,1,1,0,1,0,0,1
0.70511438570671792,1375,1,0,1,0,1,1,0,0,1,1,0
0.74060545068862149,1375,1,0,1,0,1,1,0,0,1,0,1
0.73275970358206322,1375,1,0,1,0,1,1,0,0,0,1,1
0.83055992771595621,1375,1,0,1,0,1,0,1,1,1,0,0
0.87437188038046831,1375,1,0,1,0,1,0,1,1,0,1,0
0.83312484000528708,1375,1,0,1,0,1,0,1,1,0,0,1
0.78262263652600883,1375,1,0,1,0,1,0,1,0,1,1,0
0.80176582017987508,1375,1,0,1,0,1,0,1,0,1,0,1
0.79179617794111212,1375,1,0,1,0,1,0,1,0,0,1,1
0.72331425952675776,1375,1,0,1,0,1,0,0,1,1,1,0
0.56486808295260937,1375,1,0,1,0,1,0,0,1,1,0,1
0.7464876733120428,1375,1,0,1,0,1,0,0,1,0,1,1
0.71410995874687977,1375,1,0,1,0,1,0,0,0,1,1,1
0.76381197074786811,1375,1,0,1,0,0,1,1,1,1,0,0
0.83340926825682871,1375,1,0,1,0,0,1,1,1,0,1,0
0.76311123533892677,1375,1,0,1,0,0,1,1,1,0,0,1
0.70725559407947158,1375,1,0,1,0,0,1,1,0,1,1,0
0.72546014554709515,1375,1,0,1,0,0,1,1,0,1,0,1
0.73282232811787706,1375,1,0,1,0,0,1,1,0,0,1,1
0.74915926917585929,1375,1,0,1,0,0,1,0,1,1,1,0
0.60657788314199301,1375,1,0,1,0,0,1,0,1,1,0,1
0.76996158345414012,1375,1,0,1,0,0,1,0,1,0,1,1
0.78288017794986398,1375,1,0,1,0,0,1,0,0,1,1,1
0.8506847258300505,1375,1,0,1,0,0,0,1,1,1,1,0
0.79849994814659409,1375,1,0,1,0,0,0,1,1,1,0,1
0.86259250502010765,1375,1,0,1,0,0,0,1,1,0,1,1
0.7672139176380367,1375,1,0,1,0,0,0,1,0,1,1,1
0.76165195586861945,1375,1,0,1,0,0,0,0,1,1,1,1
0.73388235563895976,1375,1,0,0,1,1,1,1,1,0,0,0
0.7699452239450516,1375,1,0,0,1,1,1,1,0,1,0,0
0.55276512145994483,1375,1,0,0,1,1,1,1,0,0,1,0
0.74665155413523476,1375,1,0,0,1,1,1,1,0,0,0,1
0.82200554119353408,1375,1,0,0,1,1,1,0,1,1,0,0
0.83329049254604415,1375,1,0,0,1,1,1,0,1,0,1,0
0.81306319546416361,1375,1,0,0,1,1,1,0,1,0,0,1
0.84642924443311429,1375,1,0,0,1,1,1,0,0,1,1,0
0.86718795124203341,1375,1,0,0,1,1,1,0,0,1,0,1
0.84175977056739582,1375,1,0,0,1,1,1,0,0,0,1,1
0.75687089346325154,1375,1,0,0,1,1,0,1,1,1,0,0
0.77186306538447425,1375,1,0,0,1,1,0,1,1,0,1,0
0.72466279153970137,1375,1,0,0,1,1,0,1,1,0,0,1
0.54479612730407023,1375,1,0,0,1,1,0,1,0,1,1,0
0.73457830873189112,1375,1,0,0,1,1,0,1,0,1,0,1
0.49847069237932734,1375,1,0,0,1,1,0,1,0,0,1,1
0.80924661489008032,1375,1,0,0,1,1,0,0,1,1,1,0
0.78733702043234843,1375,1,0,0,1,1,0,0,1,1,0,1
0.80511495078190054,1375,1,0,0,1,1,0,0,1,0,1,1
0.82125089648785876,1375,1,0,0,1,1,0,0,0,1,1,1
0.701782069004938,1375,1,0,0,1,0,1,1,1,1,0,0
0.6487458520541185,1375,1,0,0,1,0,1,1,1,0,1,0
0.64739046229520358,1375,1,0,0,1,0,1,1,1,0,0,1
0.62539318964593127,1375,1,0,0,1,0,1,1,0,1,1,0
0.74598172693530374,1375,1,0,0,1,0,1,1,0,1,0,1
0.61540340942379479,1375,1,0,0,1,0,1,1,0,0,1,1
0.85422335701369012,1375,1,0,0,1,0,1,0,1,1,1,0
0.83157610350013345,1375,1,0,0,1,0,1,0,1,1,0,1
0.85199280405276034,1375,1,0,0,1,0,1,0,1,0,1,1
0.86320408786691316,1375,1,0,0,1,0,1,0,0,1,1,1
0.68079399564953058,1375,1,0,0,1,0,0,1,1,1,1,0
0.64247906584270598,1375,1,0,0,1,0,0,1,1,1,0,1
0.60195957543947154,1375,1,0,0,1,0,0,1,1,0,1,1
0.46967786506052589,1375,1,0,0,1,0,0,1,0,1,1,1
0.82882150844879077,1375,1,0,0,1,0,0,0,1,1,1,1
0.79449688620840331,1375,1,0,0,0,1,1,1,1,1,0,0
0.85120439195435138,1375,1,0,0,0,1,1,1,1,0,1,0
0.79638850789488103,1375,1,0,0,0,1,1,1,1,0,0,1
0.72596170517690961,1375,1,0,0,0,1,1,1,0,1,1,0
0.7545138307419218,1375,1,0,0,0,1,1,1,0,1,0,1
0.74573634384232201,1375,1,0,0,0,1,1,1,0,0,1,1
0.7127759540503722,1375,1,0,0,0,1,1,0,1,1,1,0
0.54188219597447296,1375,1,0,0,0,1,1,0,1,1,0,1
0.74118971622096874,1375,1,0,0,0,1,1,0,1,0,1,1
0.73798872455019759,1375,1,0,0,0,1,1,0,0,1,1,1
0.86774492574786932,1375,1,0,0,0,1,0,1,1,1,1,0
0.82730403691393539,1375,1,0,0,0,1,0,1,1,1,0,1
0.87805844761018359,1375,1,0,0,0,1,0,1,1,0,1,1
0.78853022612466905,1375,1,0,0,0,1,0,1,0,1,1,1
0.75110617066544394,1375,1,0,0,0,1,0,0,1,1,1,1
0.82906353137260891,1375,1,0,0,0,0,1,1,1,1,1,0
0.75695026884150773,1375,1,0,0,0,0,1,1,1,1,0,1
0.84704256153333457,1375,1,0,0,0,0,1,1,1,0,1,1
0.73368138502830293,1375,1,0,0,0,0,1,1,0,1,1,1
0.7754193250846374,1375,1,0,0,0,0,1,0,1,1,1,1
0.85742521488533763,1375,1,0,0,0,0,0,1,1,1,1,1
0.75965419281758739,1375,0,1,1,1,1,1,1,0,0,0,0
0.76333122620432148,1375,0,1,1,1,1,1,0,1,0,0,0
0.85720384872860644,1375,0,1,1,1,1,1,0,0,1,0,0
0.79605993056503821,1375,0,1,1,1,1,1,0,0,0,1,0
0.84513152022236171,1375,0,1,1,1,1,1,0,0,0,0,1
0.78154345107848433,1375,0,1,1,1,1,0,1,1,0,0,0
0.76834052490323423,1375,0,1,1,1,1,0,1,0,1,0,0
0.59797203628755047,1375,0,1,1,1,1,0,1,0,0,1,0
0.74715911964272974,1375,0,1,1,1,1,0,1,0,0,0,1
0.72917688980974471,1375,0,1,1,1,1,0,0,1,1,0,0
0.72183090990916521,1375,0,1,1,1,1,0,0,1,0,1,0
0.70488206265925113,1375,0,1,1,1,1,0,0,1,0,0,1
0.76116583576618102,1375,0,1,1,1,1,0,0,0,1,1,0
0.8279779550838251,1375,0,1,1,1,1,0,0,0,1,0,1
0.76194916398596635,1375,0,1,1,1,1,0,0,0,0,1,1
0.71239954382726811,1375,0,1,1,1,0,1,1,1,0,0,0
0.74603354221560458,1375,0,1,1,1,0,1,1,0,1,0,0
0.56013778559901473,1375,0,1,1,1,0,1,1,0,0,1,0
0.72329474830300655,1375,0,1,1,1,0,1,1,0,0,0,1
0.78904434545333091,1375,0,1,1,1,0,1,0,1,1,0,0
0.79928104456854687,1375,0,1,1,1,0,1,0,1,0,1,0
0.77980713769027832,1375,0,1,1,1,0,1,0,1,0,0,1
0.83101596637579411,1375,0,1,1,1,0,1,0,0,1,1,0
0.86857430182358297,1375,0,1,1,1,0,1,0,0,1,0,1
0.82818400481991261,1375,0,1,1,1,0,1,0,0,0,1,1
0.73101996233941036,1375,0,1,1,1,0,0,1,1,1,0,0
0.73969652831232824,1375,0,1,1,1,0,0,1,1,0,1,0
0.70290931403943802,1375,0,1,1,1,0,0,1,1,0,0,1
0.54251898344181271,1375,0,1,1,1,0,0,1,0,1,1,0
0.70436448642344085,1375,0,1,1,1,0,0,1,0,1,0,1
0.54953596650942438,1375,0,1,1,1,0,0,1,0,0,1,1
0.76128455779462589,1375,0,1,1,1,0,0,0,1,1,1,0
0.72622344204974187,1375,0,1,1,1,0,0,0,1,1,0,1
0.76545012323574113,1375,0,1,1,1,0,0,0,1,0,1,1
0.79919178433636984,1375,0,1,1,1,0,0,0,0,1,1,1
0.84228842956102101,1375,0,1,1,0,1,1,1,1,0,0,0
0.82436477223338966,1375,0,1,1,0,1,1,1,0,1,0,0
0.80239644973434421,1375,0,1,1,0,1,1,1,0,0,1,0
0.82768063524895996,1375,0,1,1,0,1,1,1,0,0,0,1
0.46477377248883794,1375,0,1,1,0,1,1,0,1,1,0,0
0.71026764204746495,1375,0,1,1,0,1,1,0,1,0,1,0
0.5153616737394715,1375,0,1,1,0,1,1,0,1,0,0,1
0.65421923683599015,1375,0,1,1,0,1,1,0,0,1,1,0
0.6691000538886579,1375,0,1,1,0,1,1,0,0,1,0,1
0.70910390601234474,1375,0,1,1,0,1,1,0,0,0,1,1
0.86041131852624086,1375,0,1,1,0,1,0,1,1,1,0,0
0.88249750654745751,1375,0,1,1,0,1,0,1,1,0,1,0
0.864749914996645,1375,0,1,1,0,1,0,1,1,0,0,1
0.83029612370084072,1375,0,1,1,0,1,0,1,0,1,1,0
0.85097050481520919,1375,0,1,1,0,1,0,1,0,1,0,1
0.83654955112416907,1375,0,1,1,0,1,0,1,0,0,1,1
0.74889732751988025,1375,0,1,1,0,1,0,0,1,1,1,0
0.61740234573974195,1375,0,1,1,0,1,0,0,1,1,0,1
0.77071818352666233,1375,0,1,1,0,1,0,0,1,0,1,1
0.70736943864962976,1375,0,1,1,0,1,0,0,0,1,1,1
0.81789503704621525,1375,0,1,1,0,0,1,1,1,1,0,0
0.85617552636407701,1375,0,1,1,0,0,1,1,1,0,1,0
0.82379123160391343,1375,0,1,1,0,0,1,1,1,0,0,1
0.78804813960169262,1375,0,1,1,0,0,1,1,0,1,1,0
0.80546024678297734,1375,0,1,1,0,0,1,1,0,1,0,1
0.80340165111343964,1375,0,1,1,0,0,1,1,0,0,1,1
0.7424624330161631,1375,0,1,1,0,0,1,0,1,1,1,0
0.55563314651257867,1375,0,1,1,0,0,1,0,1,1,0,1
0.76928423461397677,1375,0,1,1,0,0,1,0,1,0,1,1
0.76412454410240482,1375,0,1,1,0,0,1,0,0,1,1,1
0.86607985142119681,1375,0,1,1,0,0,0,1,1,1,1,0
0.84357720413563519,1375,0,1,1,0,0,0,1,1,1,0,1
0.87403209359461131,1375,0,1,1,0,0,0,1,1,0,1,1
0.82207481477697697,1375,0,1,1,0,0,0,1,0,1,1,1
0.77467291556513673,1375,0,1,1,0,0,0,0,1,1,1,1
0.74603078958314806,1375,0,1,0,1,1,1,1,1,0,0,0
0.75367918150585356,1375,0,1,0,1,1,1,1,0,1,0,0
0.53594455210075376,1375,0,1,0,1,1,1,1,0,0,1,0
0.73174248413996867,1375,0,1,0,1,1,1,1,0,0,0,1
0.76471852434257404,1375,0,1,0,1,1,1,0,1,1,0,0
0.76737750174825314,1375,0,1,0,1,1,1,0,1,0,1,0
0.75131064978960993,1375,0,1,0,1,1,1,0,1,0,0,1
0.80165181282613607,1375,0,1,0,1,1,1,0,0,1,1,0
0.85013154916727895,1375,0,1,0,1,1,1,0,0,1,0,1
0.80075159076676472,1375,0,1,0,1,1,1,0,0,0,1,1
0.77557184015156755,1375,0,1,0,1,1,0,1,1,1,0,0
0.78708605019193201,1375,0,1,0,1,1,0,1,1,0,1,0
0.75964538433730566,1375,0,1,0,1,1,0,1,1,0,0,1
0.59869006027601579,1375,0,1,0,1,1,0,1,0,1,1,0
0.73957391165574882,1375,0,1,0,1,1,0,1,0,1,0,1
0.59962225337103014,1375,0,1,0,1,1,0,1,0,0,1,1
0.73011845483560822,1375,0,1,0,1,1,0,0,1,1,1,0
0.70241588167659375,1375,0,1,0,1,1,0,0,1,1,0,1
0.73736959707487648,1375,0,1,0,1,1,0,0,1,0,1,1
0.76744128113525834,1375,0,1,0,1,1,0,0,0,1,1,1
0.70658759058759424,1375,0,1,0,1,0,1,1,1,1,0,0
0.71412417009697249,1375,0,1,0,1,0,1,1,1,0,1,0
0.67311748289086881,1375,0,1,0,1,0,1,1,1,0,0,1
0.57046819906857404,1375,0,1,0,1,0,1,1,0,1,1,0
0.71654739572963144,1375,0,1,0,1,0,1,1,0,1,0,1
0.58784157155545091,1375,0,1,0,1,0,1,1,0,0,1,1
0.80587935887098627,1375,0,1,0,1,0,1,0,1,1,1,0
0.78311130589327815,1375,0,1,0,1,0,1,0,1,1,0,1
0.80818393532133115,1375,0,1,0,1,0,1,0,1,0,1,1
0.8336344591281093,1375,0,1,0,1,0,1,0,0,1,1,1
0.74250033585837127,1375,0,1,0,1,0,0,1,1,1,1,0
0.69546059057951548,1375,0,1,0,1,0,0,1,1,1,0,1
0.74303326883367993,1375,0,1,0,1,0,0,1,1,0,1,1
0.55707829112136908,1375,0,1,0,1,0,0,1,0,1,1,1
0.77315094531207862,1375,0,1,0,1,0,0,0,1,1,1,1
0.83715189978966775,1375,0,1,0,0,1,1,1,1,1,0,0
0.86806865731453697,1375,0,1,0,0,1,1,1,1,0,1,0
0.84303642273831481,1375,0,1,0,0,1,1,1,1,0,0,1
0.79963894890522269,1375,0,1,0,0,1,1,1,0,1,1,0
0.82207396274291133,1375,0,1,0,0,1,1,1,0,1,0,1
0.8120695493697625,1375,0,1,0,0,1,1,1,0,0,1,1
0.71742111710620682,1375,0,1,0,0,1,1,0,1,1,1,0
0.50112642212768166,1375,0,1,0,0,1,1,0,1,1,0,1
0.75043258681442049,1375,0,1,0,0,1,1,0,1,0,1,1
0.71437992588414434,1375,0,1,0,0,1,1,0,0,1,1,1
0.87782676645276525,1375,0,1,0,0,1,0,1,1,1,1,0
0.86037741151161296,1375,0,1,0,0,1,0,1,1,1,0,1
0.88479634726970591,1375,0,1,0,0,1,0,1,1,0,1,1
0.83380148597667914,1375,0,1,0,0,1,0,1,0,1,1,1
0.77388114997479152,1375,0,1,0,0,1,0,0,1,1,1,1
0.85214528941976242,1375,0,1,0,0,0,1,1,1,1,1,0
0.81884915446935469,1375,0,1,0,0,0,1,1,1,1,0,1
0.86398831953442912,1375,0,1,0,0,0,1,1,1,0,1,1
0.80193129544500918,1375,0,1,0,0,0,1,1,0,1,1,1
0.77428447268986689,1375,0,1,0,0,0,1,0,1,1,1,1
0.8702208148245042,1375,0,1,0,0,0,0,1,1,1,1,1
0.74966132814872655,1375,0,0,1,1,1,1,1,1,0,0,0
0.7540959087612118,1375,0,0,1,1,1,1,1,0,1,0,0
0.56031245423535148,1375,0,0,1,1,1,1,1,0,0,1,0
0.73489700478779441,1375,0,0,1,1,1,1,1,0,0,0,1
0.75798044134845222,1375,0,0,1,1,1,1,0,1,1,0,0
0.76300049274810788,1375,0,0,1,1,1,1,0,1,0,1,0
0.74550478835359524,1375,0,0,1,1,1,1,0,1,0,0,1
0.79695587567969794,1375,0,0,1,1,1,1,0,0,1,1,0
0.84320320401269921,1375,0,0,1,1,1,1,0,0,1,0,1
0.79672901841089705,1375,0,0,1,1,1,1,0,0,0,1,1
0.78247590862116589,1375,0,0,1,1,1,0,1,1,1,0,0
0.79839459799721979,1375,0,0,1,1,1,0,1,1,0,1,0
0.76920712416030024,1375,0,0,1,1,1,0,1,1,0,0,1
0.6314859367880703,1375,0,0,1,1,1,0,1,0,1,1,0
0.74944359871455435,1375,0,0,1,1,1,0,1,0,1,0,1
0.63637574851131207,1375,0,0,1,1,1,0,1,0,0,1,1
0.73411059776765852,1375,0,0,1,1,1,0,0,1,1,1,0
0.70770879687584887,1375,0,0,1,1,1,0,0,1,1,0,1
0.74242420674890608,1375,0,0,1,1,1,0,0,1,0,1,1
0.7679890985787563,1375,0,0,1,1,1,0,0,0,1,1,1
0.70417205271579142,1375,0,0,1,1,0,1,1,1,1,0,0
0.7120816093391289,1375,0,0,1,1,0,1,1,1,0,1,0
0.67414788981180007,1375,0,0,1,1,0,1,1,1,0,0,1
0.57062300446477343,1375,0,0,1,1,0,1,1,0,1,1,0
0.71359373695603634,1375,0,0,1,1,0,1,1,0,1,0,1
0.59607146549425793,1375,0,0,1,1,0,1,1,0,0,1,1
0.7999657573334451,1375,0,0,1,1,0,1,0,1,1,1,0
0.77432229199867519,1375,0,0,1,1,0,1,0,1,1,0,1
0.80312202978280334,1375,0,0,1,1,0,1,0,1,0,1,1
0.82848942936958936,1375,0,0,1,1,0,1,0,0,1,1,1
0.75130318833416354,1375,0,0,1,1,0,0,1,1,1,1,0
0.70549549875484063,1375,0,0,1,1,0,0,1,1,1,0,1
0.75377644254290876,1375,0,0,1,1,0,0,1,1,0,1,1
0.58940615746431679,1375,0,0,1,1,0,0,1,0,1,1,1
0.77210325876156816,1375,0,0,1,1,0,0,0,1,1,1,1
0.84269107568624624,1375,0,0,1,0,1,1,1,1,1,0,0
0.87386230847874469,1375,0,0,1,0,1,1,1,1,0,1,0
0.84837866630681003,1375,0,0,1,0,1,1,1,1,0,0,1
0.80766773502608913,1375,0,0,1,0,1,1,1,0,1,1,0
0.82846627803725481,1375,0,0,1,0,1,1,1,0,1,0,1
0.81914664662878522,1375,0,0,1,0,1,1,1,0,0,1,1
0.72317140532355262,1375,0,0,1,0,1,1,0,1,1,1,0
0.50983294806083412,1375,0,0,1,0,1,1,0,1,1,0,1
0.75689983981839704,1375,0,0,1,0,1,1,0,1,0,1,1
0.71908886761075097,1375,0,0,1,0,1,1,0,0,1,1,1
0.88363367107599544,1375,0,0,1,0,1,0,1,1,1,1,0
0.86555122602934065,1375,0,0,1,0,1,0,1,1,1,0,1
0.88975097936294123,1375,0,0,1,0,1,0,1,1,0,1,1
0.84097913204007879,1375,0,0,1,0,1,0,1,0,1,1,1
0.78482281299396894,1375,0,0,1,0,1,0,0,1,1,1,1
0.85735886421326402,1375,0,0,1,0,0,1,1,1,1,1,0
0.82389255148550633,1375,0,0,1,0,0,1,1,1,1,0,1
0.86852223667120998,1375,0,0,1,0,0,1,1,1,0,1,1
0.80778912528056557,1375,0,0,1,0,0,1,1,0,1,1,1
0.77609955634899219,1375,0,0,1,0,0,1,0,1,1,1,1
0.87553343254685978,1375,0,0,1,0,0,0,1,1,1,1,1
0.7419067841452206,1375,0,0,0,1,1,1,1,1,1,0,0
0.74005079918359129,1375,0,0,0,1,1,1,1,1,0,1,0
0.72091822241060333,1375,0,0,0,1,1,1,1,1,0,0,1
0.560926028978739,1375,0,0,0,1,1,1,1,0,1,1,0
0.72633548596654851,1375,0,0,0,1,1,1,1,0,1,0,1
0.58278359586372408,1375,0,0,0,1,1,1,1,0,0,1,1
0.76970230368032155,1375,0,0,0,1,1,1,0,1,1,1,0
0.74571707537692444,1375,0,0,0,1,1,1,0,1,1,0,1
0.77626543329621622,1375,0,0,0,1,1,1,0,1,0,1,1
0.80169631256995766,1375,0,0,0,1,1,1,0,0,1,1,1
0.79358919261030414,1375,0,0,0,1,1,0,1,1,1,1,0
0.76182317221106644,1375,0,0,0,1,1,0,1,1,1,0,1
0.79690926499943238,1375,0,0,0,1,1,0,1,1,0,1,1
0.63494449609760517,1375,0,0,0,1,1,0,1,0,1,1,1
0.74887869596273526,1375,0,0,0,1,1,0,0,1,1,1,1
0.71703399798322121,1375,0,0,0,1,0,1,1,1,1,1,0
0.66443846888308533,1375,0,0,0,1,0,1,1,1,1,0,1
0.72690972941315901,1375,0,0,0,1,0,1,1,1,0,1,1
0.60111186615545686,1375,0,0,0,1,0,1,1,0,1,1,1
0.80918422513737276,1375,0,0,0,1,0,1,0,1,1,1,1
0.7537557666710325,1375,0,0,0,1,0,0,1,1,1,1,1
0.86874577758871008,1375,0,0,0,0,1,1,1,1,1,1,0
0.84321993273869156,1375,0,0,0,0,1,1,1,1,1,0,1
0.87842166035031177,1375,0,0,0,0,1,1,1,1,0,1,1
0.81647494717788671,1375,0,0,0,0,1,1,1,0,1,1,1
0.76080478822896425,1375,0,0,0,0,1,1,0,1,1,1,1
0.88544898865917054,1375,0,0,0,0,1,0,1,1,1,1,1
0.86453368781889173,1375,0,0,0,0,0,1,1,1,1,1,1
0.78123441167626084,1375,1,1,1,1,1,1,1,0,0,0,0
0.82457123143268674,1375,1,1,1,1,1,1,0,1,0,0,0
0.87374644067969265,1375,1,1,1,1,1,1,0,0,1,0,0
0.84575541920987829,1375,1,1,1,1,1,1,0,0,0,1,0
0.86577420164315744,1375,1,1,1,1,1,1,0,0,0,0,1
0.76022560224421465,1375,1,1,1,1,1,0,1,1,0,0,0
0.77025714250749044,1375,1,1,1,1,1,0,1,0,1,0,0
0.50138872019881042,1375,1,1,1,1,1,0,1,0,0,1,0
0.74104929021821953,1375,1,1,1,1,1,0,1,0,0,0,1
0.80481595584319821,1375,1,1,1,1,1,0,0,1,1,0,0
0.80664812672567954,1375,1,1,1,1,1,0,0,1,0,1,0
0.78946693480784291,1375,1,1,1,1,1,0,0,1,0,0,1
0.82599542357071631,1375,1,1,1,1,1,0,0,0,1,1,0
0.85536243388936861,1375,1,1,1,1,1,0,0,0,1,0,1
0.81934206256777853,1375,1,1,1,1,1,0,0,0,0,1,1
0.7223865563306392,1375,1,1,1,1,0,1,1,1,0,0,0
0.78422323107964698,1375,1,1,1,1,0,1,1,0,1,0,0
0.65120074140884932,1375,1,1,1,1,0,1,1,0,0,1,0
0.76473407501778801,1375,1,1,1,1,0,1,1,0,0,0,1
0.840420843822411,1375,1,1,1,1,0,1,0,1,1,0,0
0.85391131051388458,1375,1,1,1,1,0,1,0,1,0,1,0
0.83413208881364753,1375,1,1,1,1,0,1,0,1,0,0,1
0.86708665270605967,1375,1,1,1,1,0,1,0,0,1,1,0
0.88211203180544151,1375,1,1,1,1,0,1,0,0,1,0,1
0.86223234459740938,1375,1,1,1,1,0,1,0,0,0,1,1
0.71130886309148045,1375,1,1,1,1,0,0,1,1,1,0,0
0.65128552558962904,1375,1,1,1,1,0,0,1,1,0,1,0
0.6521560643128298,1375,1,1,1,1,0,0,1,1,0,0,1
0.49838541561411537,1375,1,1,1,1,0,0,1,0,1,1,0
0.71898081100049316,1375,1,1,1,1,0,0,1,0,1,0,1
0.43770545012556145,1375,1,1,1,1,0,0,1,0,0,1,1
0.83204938267445083,1375,1,1,1,1,0,0,0,1,1,1,0
0.80739693225199105,1375,1,1,1,1,0,0,0,1,1,0,1
0.82741571535203373,1375,1,1,1,1,0,0,0,1,0,1,1
0.84501928377699576,1375,1,1,1,1,0,0,0,0,1,1,1
0.79886532523463827,1375,1,1,1,0,1,1,1,1,0,0,0
0.76782983971751384,1375,1,1,1,0,1,1,1,0,1,0,0
0.72429477477818127,1375,1,1,1,0,1,1,1,0,0,1,0
0.76221094745693752,1375,1,1,1,0,1,1,1,0,0,0,1
0.58953979061007578,1375,1,1,1,0,1,1,0,1,1,0,0
0.71286207191892781,1375,1,1,1,0,1,1,0,1,0,1,0
0.58387832368227222,1375,1,1,1,0,1,1,0,1,0,0,1
0.7160211407417908,1375,1,1,1,0,1,1,0,0,1,1,0
0.74926636972828486,1375,1,1,1,0,1,1,0,0,1,0,1
0.73907389014936453,1375,1,1,1,0,1,1,0,0,0,1,1
0.82720865928552345,1375,1,1,1,0,1,0,1,1,1,0,0
0.87167541784978175,1375,1,1,1,0,1,0,1,1,0,1,0
0.82918752152412156,1375,1,1,1,0,1,0,1,1,0,0,1
0.77577032325042217,1375,1,1,1,0,1,0,1,0,1,1,0
0.79737042568445482,1375,1,1,1,0,1,0,1,0,1,0,1
0.78499276765409909,1375,1,1,1,0,1,0,1,0,0,1,1
0.71972135284241545,1375,1,1,1,0,1,0,0,1,1,1,0
0.56920142033110166,1375,1,1,1,0,1,0,0,1,1,0,1
0.74155904099372172,1375,1,1,1,0,1,0,0,1,0,1,1
0.71316574281384471,1375,1,1,1,0,1,0,0,0,1,1,1
0.7659988966251513,1375,1,1,1,0,0,1,1,1,1,0,0
0.83448913399702551,1375,1,1,1,0,0,1,1,1,0,1,0
0.76462111341683514,1375,1,1,1,0,0,1,1,1,0,0,1
0.71427845204308216,1375,1,1,1,0,0,1,1,0,1,1,0
0.73279616448541451,1375,1,1,1,0,0,1,1,0,1,0,1
0.73779199335203161,1375,1,1,1,0,0,1,1,0,0,1,1
0.75918878018324154,1375,1,1,1,0,0,1,0,1,1,1,0
0.64349182163936758,1375,1,1,1,0,0,1,0,1,1,0,1
0.77642568535023682,1375,1,1,1,0,0,1,0,1,0,1,1
0.78996853289190072,1375,1,1,1,0,0,1,0,0,1,1,1
0.84857457634597655,1375,1,1,1,0,0,0,1,1,1,1,0
0.7956925309038555,1375,1,1,1,0,0,0,1,1,1,0,1
0.86059046608472178,1375,1,1,1,0,0,0,1,1,0,1,1
0.76374479870916967,1375,1,1,1,0,0,0,1,0,1,1,1
0.76314936392465837,1375,1,1,1,0,0,0,0,1,1,1,1
0.73887248878819434,1375,1,1,0,1,1,1,1,1,0,0,0
0.77720060759049681,1375,1,1,0,1,1,1,1,0,1,0,0
0.56466827863196767,1375,1,1,0,1,1,1,1,0,0,1,0
0.75419920917858718,1375,1,1,0,1,1,1,1,0,0,0,1
0.82685512801311645,1375,1,1,0,1,1,1,0,1,1,0,0
0.83725332700778177,1375,1,1,0,1,1,1,0,1,0,1,0
0.81826653575479658,1375,1,1,0,1,1,1,0,1,0,0,1
0.85005770622449739,1375,1,1,0,1,1,1,0,0,1,1,0
0.86981008963572826,1375,1,1,0,1,1,1,0,0,1,0,1
0.84516763462448086,1375,1,1,0,1,1,1,0,0,0,1,1
0.75398597517415955,1375,1,1,0,1,1,0,1,1,1,0,0
0.75563648730903499,1375,1,1,0,1,1,0,1,1,0,1,0
0.71693740851294752,1375,1,1,0,1,1,0,1,1,0,0,1
0.50760094845327131,1375,1,1,0,1,1,0,1,0,1,1,0
0.73353875619659548,1375,1,1,0,1,1,0,1,0,1,0,1
0.43659578303664498,1375,1,1,0,1,1,0,1,0,0,1,1
0.81239595638349915,1375,1,1,0,1,1,0,0,1,1,1,0
0.79126781222928366,1375,1,1,0,1,1,0,0,1,1,0,1
0.80738413621060934,1375,1,1,0,1,1,0,0,1,0,1,1
0.82426831221456431,1375,1,1,0,1,1,0,0,0,1,1,1
0.71809258302005652,1375,1,1,0,1,0,1,1,1,1,0,0
0.70815355018424897,1375,1,1,0,1,0,1,1,1,0,1,0
0.66847783158116347,1375,1,1,0,1,0,1,1,1,0,0,1
0.6589691620497673,1375,1,1,0,1,0,1,1,0,1,1,0
0.76079031102186523,1375,1,1,0,1,0,1,1,0,1,0,1
0.64740972014095344,1375,1,1,0,1,0,1,1,0,0,1,1
0.85814522624643941,1375,1,1,0,1,0,1,0,1,1,1,0
0.83722493595798519,1375,1,1,0,1,0,1,0,1,1,0,1
0.85557091777248284,1375,1,1,0,1,0,1,0,1,0,1,1
0.86646674682800195,1375,1,1,0,1,0,1,0,0,1,1,1
0.68045465126820159,1375,1,1,0,1,0,0,1,1,1,1,0
0.64341365410036377,1375,1,1,0,1,0,0,1,1,1,0,1
0.56707300215045164,1375,1,1,0,1,0,0,1,1,0,1,1
0.45268961220006498,1375,1,1,0,1,0,0,1,0,1,1,1
0.83308842995759347,1375,1,1,0,1,0,0,0,1,1,1,1
0.7926551182941165,1375,1,1,0,0,1,1,1,1,1,0,0
0.84987245761452457,1375,1,1,0,0,1,1,1,1,0,1,0
0.79368562127982922,1375,1,1,0,0,1,1,1,1,0,0,1
0.7236889978112353,1375,1,1,0,0,1,1,1,0,1,1,0
0.7539427089850157,1375,1,1,0,0,1,1,1,0,1,0,1
0.74292823296317934,1375,1,1,0,0,1,1,1,0,0,1,1
0.72049550051230238,1375,1,1,0,0,1,1,0,1,1,1,0
0.57741680236022663,1375,1,1,0,0,1,1,0,1,1,0,1
0.74489536964819258,1375,1,1,0,0,1,1,0,1,0,1,1
0.74447202918768585,1375,1,1,0,0,1,1,0,0,1,1,1
0.86505458045965633,1375,1,1,0,0,1,0,1,1,1,1,0
0.82336055710085243,1375,1,1,0,0,1,0,1,1,1,0,1
0.87569376815958977,1375,1,1,0,0,1,0,1,1,0,1,1
0.78211153665198652,1375,1,1,0,0,1,0,1,0,1,1,1
0.74680604204077017,1375,1,1,0,0,1,0,0,1,1,1,1
0.83069423433783984,1375,1,1,0,0,0,1,1,1,1,1,0
0.75895344644984297,1375,1,1,0,0,0,1,1,1,1,0,1
0.84863821266513317,1375,1,1,0,0,0,1,1,1,0,1,1
0.73917466934428966,1375,1,1,0,0,0,1,1,0,1,1,1
0.78170942097399077,1375,1,1,0,0,0,1,0,1,1,1,1
0.85568732054009267,1375,1,1,0,0,0,0,1,1,1,1,1
0.73339058711710881,1375,1,0,1,1,1,1,1,1,0,0,0
0.77051887714240297,1375,1,0,1,1,1,1,1,0,1,0,0
0.54582404714550148,1375,1,0,1,1,1,1,1,0,0,1,0
0.74755990360310676,1375,1,0,1,1,1,1,1,0,0,0,1
0.82032496246007192,1375,1,0,1,1,1,1,0,1,1,0,0
0.83178894165710993,1375,1,0,1,1,1,1,0,1,0,1,0
0.81109740059705282,1375,1,0,1,1,1,1,0,1,0,0,1
0.8452848579906892,1375,1,0,1,1,1,1,0,0,1,1,0
0.8645083175402174,1375,1,0,1,1,1,1,0,0,1,0,1
0.84022635703229764,1375,1,0,1,1,1,1,0,0,0,1,1
0.75654575699082149,1375,1,0,1,1,1,0,1,1,1,0,0
0.77888851588535279,1375,1,0,1,1,1,0,1,1,0,1,0
0.72361057918907601,1375,1,0,1,1,1,0,1,1,0,0,1
0.53077809083503757,1375,1,0,1,1,1,0,1,0,1,1,0
0.73503888147617424,1375,1,0,1,1,1,0,1,0,1,0,1
0.48878403003265941,1375,1,0,1,1,1,0,1,0,0,1,1
0.8082334993085234,1375,1,0,1,1,1,0,0,1,1,1,0
0.7858511593432066,1375,1,0,1,1,1,0,0,1,1,0,1
0.80348141931831241,1375,1,0,1,1,1,0,0,1,0,1,1
0.82019513375173236,1375,1,0,1,1,1,0,0,0,1,1,1
0.70219732020004522,1375,1,0,1,1,0,1,1,1,1,0,0
0.63208661271248123,1375,1,0,1,1,0,1,1,1,0,1,0
0.64903923848396539,1375,1,0,1,1,0,1,1,1,0,0,1
0.62683204993071107,1375,1,0,1,1,0,1,1,0,1,1,0
0.74887833957477423,1375,1,0,1,1,0,1,1,0,1,0,1
0.62179924548984089,1375,1,0,1,1,0,1,1,0,0,1,1
0.85361548400253351,1375,1,0,1,1,0,1,0,1,1,1,0
0.83025437753393416,1375,1,0,1,1,0,1,0,1,1,0,1
0.85063563317614443,1375,1,0,1,1,0,1,0,1,0,1,1
0.86196373070562282,1375,1,0,1,1,0,1,0,0,1,1,1
0.67701796640532685,1375,1,0,1,1,0,0,1,1,1,1,0
0.64068400577729712,1375,1,0,1,1,0,0,1,1,1,0,1
0.59191744283022452,1375,1,0,1,1,0,0,1,1,0,1,1
0.46558140708116214,1375,1,0,1,1,0,0,1,0,1,1,1
0.8282826490109374,1375,1,0,1,1,0,0,0,1,1,1,1
0.79671307982335315,1375,1,0,1,0,1,1,1,1,1,0,0
0.85776438534551802,1375,1,0,1,0,1,1,1,1,0,1,0
0.7984565623420532,1375,1,0,1,0,1,1,1,1,0,0,1
0.7280177416761785,1375,1,0,1,0,1,1,1,0,1,1,0
0.75722809856620554,1375,1,0,1,0,1,1,1,0,1,0,1
0.74851130094667295,1375,1,0,1,0,1,1,1,0,0,1,1
0.71425900718396462,1375,1,0,1,0,1,1,0,1,1,1,0
0.55220935095338008,1375,1,0,1,0,1,1,0,1,1,0,1
0.74262636188671238,1375,1,0,1,0,1,1,0,1,0,1,1
0.74017560831861806,1375,1,0,1,0,1,1,0,0,1,1,1
0.87404462078191736,1375,1,0,1,0,1,0,1,1,1,1,0
0.82983007538525333,1375,1,0,1,0,1,0,1,1,1,0,1
0.88393087101540857,1375,1,0,1,0,1,0,1,1,0,1,1
0.7919676307171114,1375,1,0,1,0,1,0,1,0,1,1,1
0.75239333696178901,1375,1,0,1,0,1,0,0,1,1,1,1
0.83486249591497419,1375,1,0,1,0,0,1,1,1,1,1,0
0.7594195136494799,1375,1,0,1,0,0,1,1,1,1,0,1
0.85269595067501469,1375,1,0,1,0,0,1,1,1,0,1,1
0.73827057754267866,1375,1,0,1,0,0,1,1,0,1,1,1
0.77762513089394603,1375,1,0,1,0,0,1,0,1,1,1,1
0.86322376419342872,1375,1,0,1,0,0,0,1,1,1,1,1
0.72562023408299281,1375,1,0,0,1,1,1,1,1,1,0,0
0.66249213970992615,1375,1,0,0,1,1,1,1,1,0,1,0
0.68025689404658896,1375,1,0,0,1,1,1,1,1,0,0,1
0.54949814316740919,1375,1,0,0,1,1,1,1,0,1,1,0
0.74062060054312495,1375,1,0,0,1,1,1,1,0,1,0,1
0.52814490544364823,1375,1,0,0,1,1,1,1,0,0,1,1
0.83650414643998339,1375,1,0,0,1,1,1,0,1,1,1,0
0.81337373161629511,1375,1,0,0,1,1,1,0,1,1,0,1
0.83374110297836468,1375,1,0,0,1,1,1,0,1,0,1,1
0.844565234946831,1375,1,0,0,1,1,1,0,0,1,1,1
0.77417192605588947,1375,1,0,0,1,1,0,1,1,1,1,0
0.71339030506897438,1375,1,0,0,1,1,0,1,1,1,0,1
0.76008798971245617,1375,1,0,0,1,1,0,1,1,0,1,1
0.48735969740886464,1375,1,0,0,1,1,0,1,0,1,1,1
0.80915251184592396,1375,1,0,0,1,1,0,0,1,1,1,1
0.67372939620557415,1375,1,0,0,1,0,1,1,1,1,1,0
0.63854161880293203,1375,1,0,0,1,0,1,1,1,1,0,1
0.58715822674858009,1375,1,0,0,1,0,1,1,1,0,1,1
0.6266441211088567,1375,1,0,0,1,0,1,1,0,1,1,1
0.85522263476244365,1375,1,0,0,1,0,1,0,1,1,1,1
0.62121463385302145,1375,1,0,0,1,0,0,1,1,1,1,1
0.85065470559519885,1375,1,0,0,0,1,1,1,1,1,1,0
0.79133369213596338,1375,1,0,0,0,1,1,1,1,1,0,1
0.86629013184156245,1375,1,0,0,0,1,1,1,1,0,1,1
0.74661945411026942,1375,1,0,0,0,1,1,1,0,1,1,1
0.74790627016829558,1375,1,0,0,0,1,1,0,1,1,1,1
0.87726168798776738,1375,1,0,0,0,1,0,1,1,1,1,1
0.84815158320057982,1375,1,0,0,0,0,1,1,1,1,1,1
0.74439177364045306,1375,0,1,1,1,1,1,1,1,0,0,0
0.75241972174896621,1375,0,1,1,1,1,1,1,0,1,0,0
0.52740576006467399,1375,0,1,1,1,1,1,1,0,0,1,0
0.73063583486355155,1375,0,1,1,1,1,1,1,0,0,0,1
0.7616266738074583,1375,0,1,1,1,1,1,0,1,1,0,0
0.76444994521661291,1375,0,1,1,1,1,1,0,1,0,1,0
0.7486559421845328,1375,0,1,1,1,1,1,0,1,0,0,1
0.79966673978377667,1375,0,1,1,1,1,1,0,0,1,1,0
0.84501680091530706,1375,0,1,1,1,1,1,0,0,1,0,1
0.79861579850602715,1375,0,1,1,1,1,1,0,0,0,1,1
0.77466458169561891,1375,0,1,1,1,1,0,1,1,1,0,0
0.78874857287379851,1375,0,1,1,1,1,0,1,1,0,1,0
0.7581282319409085,1375,0,1,1,1,1,0,1,1,0,0,1
0.59048832410874652,1375,0,1,1,1,1,0,1,0,1,1,0
0.73827313716671972,1375,0,1,1,1,1,0,1,0,1,0,1
0.59473451809556377,1375,0,1,1,1,1,0,1,0,0,1,1
0.72737617277246802,1375,0,1,1,1,1,0,0,1,1,1,0
0.70104435445819102,1375,0,1,1,1,1,0,0,1,1,0,1
0.73496196736454866,1375,0,1,1,1,1,0,0,1,0,1,1
0.76604244576175728,1375,0,1,1,1,1,0,0,0,1,1,1
0.70548577151478153,1375,0,1,1,1,0,1,1,1,1,0,0
0.71281226078476778,1375,0,1,1,1,0,1,1,1,0,1,0
0.67253411261230667,1375,0,1,1,1,0,1,1,1,0,0,1
0.56709970313467517,1375,0,1,1,1,0,1,1,0,1,1,0
0.71753881866334279,1375,0,1,1,1,0,1,1,0,1,0,1
0.58886865387612364,1375,0,1,1,1,0,1,1,0,0,1,1
0.80402620585053186,1375,0,1,1,1,0,1,0,1,1,1,0
0.78094110406003925,1375,0,1,1,1,0,1,0,1,1,0,1
0.80593324912004094,1375,0,1,1,1,0,1,0,1,0,1,1
0.8316405094884276,1375,0,1,1,1,0,1,0,0,1,1,1
0.742643409266739,1375,0,1,1,1,0,0,1,1,1,1,0
0.69375985301793552,1375,0,1,1,1,0,0,1,1,1,0,1
0.74476520183949346,1375,0,1,1,1,0,0,1,1,0,1,1
0.55378540884656913,1375,0,1,1,1,0,0,1,0,1,1,1
0.77183010558993925,1375,0,1,1,1,0,0,0,1,1,1,1
0.83864356481988533,1375,0,1,1,0,1,1,1,1,1,0,0
0.8710804163975211,1375,0,1,1,0,1,1,1,1,0,1,0
0.84410649522102943,1375,0,1,1,0,1,1,1,1,0,0,1
0.80136552652700321,1375,0,1,1,0,1,1,1,0,1,1,0
0.8232862236740659,1375,0,1,1,0,1,1,1,0,1,0,1
0.81348898769796396,1375,0,1,1,0,1,1,1,0,0,1,1
0.71672185889723805,1375,0,1,1,0,1,1,0,1,1,1,0
0.51460279859544511,1375,0,1,1,0,1,1,0,1,1,0,1
0.75001423399320022,1375,0,1,1,0,1,1,0,1,0,1,1
0.71617477084490377,1375,0,1,1,0,1,1,0,0,1,1,1
0.88094535061117052,1375,0,1,1,0,1,0,1,1,1,1,0
0.86185584118873237,1375,0,1,1,0,1,0,1,1,1,0,1
0.88745517963237541,1375,0,1,1,0,1,0,1,1,0,1,1
0.83563854105978863,1375,0,1,1,0,1,0,1,0,1,1,1
0.77328753667065175,1375,0,1,1,0,1,0,0,1,1,1,1
0.85505825666043422,1375,0,1,1,0,0,1,1,1,1,1,0
0.8204370766132949,1375,0,1,1,0,0,1,1,1,1,0,1
0.8666208923394435,1375,0,1,1,0,0,1,1,1,0,1,1
0.80447837905154396,1375,0,1,1,0,0,1,1,0,1,1,1
0.77502503671737766,1375,0,1,1,0,0,1,0,1,1,1,1
0.87300554125757224,1375,0,1,1,0,0,0,1,1,1,1,1
0.73677664358969408,1375,0,1,0,1,1,1,1,1,1,0,0
0.7311166503903348,1375,0,1,0,1,1,1,1,1,0,1,0
0.71180949708882624,1375,0,1,0,1,1,1,1,1,0,0,1
0.53045404226338511,1375,0,1,0,1,1,1,1,0,1,1,0
0.72205398854656111,1375,0,1,0,1,1,1,1,0,1,0,1
0.55172270699637227,1375,0,1,0,1,1,1,1,0,0,1,1
0.77143944147995513,1375,0,1,0,1,1,1,0,1,1,1,0
0.74954858411697622,1375,0,1,0,1,1,1,0,1,1,0,1
0.77652370155914863,1375,0,1,0,1,1,1,0,1,0,1,1
0.80377342723985346,1375,0,1,0,1,1,1,0,0,1,1,1
0.78434206454903521,1375,0,1,0,1,1,0,1,1,1,1,0
0.75026892173831472,1375,0,1,0,1,1,0,1,1,1,0,1
0.78839016832356823,1375,0,1,0,1,1,0,1,1,0,1,1
0.5942491874014354,1375,0,1,0,1,1,0,1,0,1,1,1
0.74216558915799002,1375,0,1,0,1,1,0,0,1,1,1,1
0.71995549577377604,1375,0,1,0,1,0,1,1,1,1,1,0
0.6634814916940931,1375,0,1,0,1,0,1,1,1,1,0,1
0.72894684977577162,1375,0,1,0,1,0,1,1,1,0,1,1
0.5957972753990064,1375,0,1,0,1,0,1,1,0,1,1,1
0.81206390881928492,1375,0,1,0,1,0,1,0,1,1,1,1
0.74600633771625113,1375,0,1,0,1,0,0,1,1,1,1,1
0.86599831237991964,1375,0,1,0,0,1,1,1,1,1,1,0
0.8388949998961408,1375,0,1,0,0,1,1,1,1,1,0,1
0.87623192087432367,1375,0,1,0,0,1,1,1,1,0,1,1
0.81105378857022725,1375,0,1,0,0,1,1,1,0,1,1,1
0.75446435877429596,1375,0,1,0,0,1,1,0,1,1,1,1
0.8830838649432432,1375,0,1,0,0,1,0,1,1,1,1,1
0.86283005515988587,1375,0,1,0,0,0,1,1,1,1,1,1
0.74105244548610893,1375,0,0,1,1,1,1,1,1,1,0,0
0.74071369841710111,1375,0,0,1,1,1,1,1,1,0,1,0
0.71997064413821876,1375,0,0,1,1,1,1,1,1,0,0,1
0.55537025814808294,1375,0,0,1,1,1,1,1,0,1,1,0
0.72625782597964172,1375,0,0,1,1,1,1,1,0,1,0,1
0.58174884070636712,1375,0,0,1,1,1,1,1,0,0,1,1
0.76768234186267137,1375,0,0,1,1,1,1,0,1,1,1,0
0.74415798462775196,1375,0,0,1,1,1,1,0,1,1,0,1
0.77403640577096477,1375,0,0,1,1,1,1,0,1,0,1,1
0.8001136762838803,1375,0,0,1,1,1,1,0,0,1,1,1
0.79636449987660018,1375,0,0,1,1,1,0,1,1,1,1,0
0.76109445996096359,1375,0,0,1,1,1,0,1,1,1,0,1
0.79919895284677211,1375,0,0,1,1,1,0,1,1,0,1,1
0.63256036418570538,1375,0,0,1,1,1,0,1,0,1,1,1
0.74730861295165318,1375,0,0,1,1,1,0,0,1,1,1,1
0.71808712537340447,1375,0,0,1,1,0,1,1,1,1,1,0
0.66471533402069849,1375,0,0,1,1,0,1,1,1,1,0,1
0.73174921293637651,1375,0,0,1,1,0,1,1,1,0,1,1
0.60375090106528828,1375,0,0,1,1,0,1,1,0,1,1,1
0.80769845905765603,1375,0,0,1,1,0,1,0,1,1,1,1
0.75679101324226705,1375,0,0,1,1,0,0,1,1,1,1,1
0.87216323820305042,1375,0,0,1,0,1,1,1,1,1,1,0
0.84477203867144823,1375,0,0,1,0,1,1,1,1,1,0,1
0.88130831941962229,1375,0,0,1,0,1,1,1,1,0,1,1
0.81859756155517793,1375,0,0,1,0,1,1,1,0,1,1,1
0.76111637826915501,1375,0,0,1,0,1,1,0,1,1,1,1
0.88840744731349075,1375,0,0,1,0,1,0,1,1,1,1,1
0.8676213264190743,1375,0,0,1,0,0,1,1,1,1,1,1
0.73760940723559587,1375,0,0,0,1,1,1,1,1,1,1,0
0.70909612275130651,1375,0,0,0,1,1,1,1,1,1,0,1
0.74804610080501055,1375,0,0,0,1,1,1,1,1,0,1,1
0.58091687644971601,1375,0,0,0,1,1,1,1,0,1,1,1
0.7801171528380072,1375,0,0,0,1,1,1,0,1,1,1,1
0.79428623978348156,1375,0,0,0,1,1,0,1,1,1,1,1
0.7310238931991162,1375,0,0,0,1,0,1,1,1,1,1,1
0.87663720747624896,1375,0,0,0,0,1,1,1,1,1,1,1
0.73846998754187443,1375,1,1,1,1,1,1,1,1,0,0,0
0.77780278756555454,1375,1,1,1,1,1,1,1,0,1,0,0
0.55837997749278112,1375,1,1,1,1,1,1,1,0,0,1,0
0.75510786351050641,1375,1,1,1,1,1,1,1,0,0,0,1
0.825098309432864,1375,1,1,1,1,1,1,0,1,1,0,0
0.83564881661797807,1375,1,1,1,1,1,1,0,1,0,1,0
0.81618984017820051,1375,1,1,1,1,1,1,0,1,0,0,1
0.84885466507577034,1375,1,1,1,1,1,1,0,0,1,1,0
0.86702146464107166,1375,1,1,1,1,1,1,0,0,1,0,1
0.84356452915541491,1375,1,1,1,1,1,1,0,0,0,1,1
0.75346524623756972,1375,1,1,1,1,1,0,1,1,1,0,0
0.7591754240718267,1375,1,1,1,1,1,0,1,1,0,1,0
0.71553687385299325,1375,1,1,1,1,1,0,1,1,0,0,1
0.48789269375785665,1375,1,1,1,1,1,0,1,0,1,1,0
0.73395156254133131,1375,1,1,1,1,1,0,1,0,1,0,1
0.42117847242699274,1375,1,1,1,1,1,0,1,0,0,1,1
0.81127358844487096,1375,1,1,1,1,1,0,0,1,1,1,0
0.7895954784783199,1375,1,1,1,1,1,0,0,1,1,0,1
0.80560251171028407,1375,1,1,1,1,1,0,0,1,0,1,1
0.82311286480005297,1375,1,1,1,1,1,0,0,0,1,1,1
0.71897455319098125,1375,1,1,1,1,0,1,1,1,1,0,0
0.69959549158263379,1375,1,1,1,1,0,1,1,1,0,1,0
0.67060808033717678,1375,1,1,1,1,0,1,1,1,0,0,1
0.66151905571118319,1375,1,1,1,1,0,1,1,0,1,1,0
0.7635536100182635,1375,1,1,1,1,0,1,1,0,1,0,1
0.654070515859562,1375,1,1,1,1,0,1,1,0,0,1,1
0.85742258753665757,1375,1,1,1,1,0,1,0,1,1,1,0
0.83580266353294652,1375,1,1,1,1,0,1,0,1,1,0,1
0.85409427937428273,1375,1,1,1,1,0,1,0,1,0,1,1
0.8651782900198286,1375,1,1,1,1,0,1,0,0,1,1,1
0.67345067883569265,1375,1,1,1,1,0,0,1,1,1,1,0
0.64158273686638989,1375,1,1,1,1,0,0,1,1,1,0,1
0.54527915363938739,1375,1,1,1,1,0,0,1,1,0,1,1
0.44704137760989215,1375,1,1,1,1,0,0,1,0,1,1,1
0.8323990746790596,1375,1,1,1,1,0,0,0,1,1,1,1
0.79470945829535777,1375,1,1,1,0,1,1,1,1,1,0,0
0.85605840004248657,1375,1,1,1,0,1,1,1,1,0,1,0
0.79560762213757008,1375,1,1,1,0,1,1,1,1,0,0,1
0.72534147246395086,1375,1,1,1,0,1,1,1,0,1,1,0
0.75648818813823382,1375,1,1,1,0,1,1,1,0,1,0,1
0.74540906395011952,1375,1,1,1,0,1,1,1,0,0,1,1
0.72174022782632985,1375,1,1,1,0,1,1,0,1,1,1,0
0.58496777646610387,1375,1,1,1,0,1,1,0,1,1,0,1
0.74607660234408657,1375,1,1,1,0,1,1,0,1,0,1,1
0.74632614710420586,1375,1,1,1,0,1,1,0,0,1,1,1
0.87124895119939483,1375,1,1,1,0,1,0,1,1,1,1,0
0.82578583682192963,1375,1,1,1,0,1,0,1,1,1,0,1
0.88147165253036552,1375,1,1,1,0,1,0,1,1,0,1,1
0.78533620221649569,1375,1,1,1,0,1,0,1,0,1,1,1
0.74794075567049456,1375,1,1,1,0,1,0,0,1,1,1,1
0.83585642047336728,1375,1,1,1,0,0,1,1,1,1,1,0
0.76130852826370077,1375,1,1,1,0,0,1,1,1,1,0,1
0.85365193595934374,1375,1,1,1,0,0,1,1,1,0,1,1
0.74358684812086107,1375,1,1,1,0,0,1,1,0,1,1,1
0.78358924242343009,1375,1,1,1,0,0,1,0,1,1,1,1
0.86114352254293114,1375,1,1,1,0,0,0,1,1,1,1,1
0.73154563667018324,1375,1,1,0,1,1,1,1,1,1,0,0
0.67322075640925672,1375,1,1,0,1,1,1,1,1,0,1,0
0.68496513074688903,1375,1,1,0,1,1,1,1,1,0,0,1
0.56342617823149643,1375,1,1,0,1,1,1,1,0,1,1,0
0.74886876012905523,1375,1,1,0,1,1,1,1,0,1,0,1
0.53479187919659998,1375,1,1,0,1,1,1,1,0,0,1,1
0.84024820526853117,1375,1,1,0,1,1,1,0,1,1,1,0
0.81864149254439234,1375,1,1,0,1,1,1,0,1,1,0,1
0.83693119498383417,1375,1,1,0,1,1,1,0,1,0,1,1
0.84784900356989279,1375,1,1,0,1,1,1,0,0,1,1,1
0.76080809588794907,1375,1,1,0,1,1,0,1,1,1,1,0
0.70522608685614907,1375,1,1,0,1,1,0,1,1,1,0,1
0.7285273813976556,1375,1,1,0,1,1,0,1,1,0,1,1
0.42225005498571366,1375,1,1,0,1,1,0,1,0,1,1,1
0.81147594251696042,1375,1,1,0,1,1,0,0,1,1,1,1
0.73977531021286136,1375,1,1,0,1,0,1,1,1,1,1,0
0.66194501299775221,1375,1,1,0,1,0,1,1,1,1,0,1
0.65912655908309536,1372,1,1,0,1,0,1,1,1,0,1,1
0.65853769776636517,1375,1,1,0,1,0,1,1,0,1,1,1
0.85852050188214679,1375,1,1,0,1,0,1,0,1,1,1,1
0.59555352217538615,1375,1,1,0,1,0,0,1,1,1,1,1
0.8493144150074915,1375,1,1,0,0,1,1,1,1,1,1,0
0.78873811995000853,1375,1,1,0,0,1,1,1,1,1,0,1
0.86541285531391421,1375,1,1,0,0,1,1,1,1,0,1,1
0.74429577968828786,1375,1,1,0,0,1,1,1,0,1,1,1
0.75151212967666925,1375,1,1,0,0,1,1,0,1,1,1,1
0.87480136806345776,1375,1,1,0,0,1,0,1,1,1,1,1
0.8497799352183546,1375,1,1,0,0,0,1,1,1,1,1,1
0.72571678686151075,1375,1,0,1,1,1,1,1,1,1,0,0
0.65255118672584889,1375,1,0,1,1,1,1,1,1,0,1,0
0.68062884846270222,1375,1,0,1,1,1,1,1,1,0,0,1
0.5440406872276774,1375,1,0,1,1,1,1,1,0,1,1,0
0.74247296478890989,1375,1,0,1,1,1,1,1,0,1,0,1
0.53065865339485496,1375,1,0,1,1,1,1,1,0,0,1,1
0.83567218203836324,1375,1,0,1,1,1,1,0,1,1,1,0
0.81193335846383796,1375,1,0,1,1,1,1,0,1,1,0,1
0.83214024253180252,1375,1,0,1,1,1,1,0,1,0,1,1
0.84339212112024775,1375,1,0,1,1,1,1,0,0,1,1,1
0.78524061903310527,1375,1,0,1,1,1,0,1,1,1,1,0
0.71275055095733486,1375,1,0,1,1,1,0,1,1,1,0,1
0.77441032774175678,1373,1,0,1,1,1,0,1,1,0,1,1
0.47804132019556128,1375,1,0,1,1,1,0,1,0,1,1,1
0.80828330369018675,1375,1,0,1,1,1,0,0,1,1,1,1
0.66213928586281401,1375,1,0,1,1,0,1,1,1,1,1,0
0.64106695642939115,1375,1,0,1,1,0,1,1,1,1,0,1
0.56517234204522693,1375,1,0,1,1,0,1,1,1,0,1,1
0.63512227287994816,1375,1,0,1,1,0,1,1,0,1,1,1
0.85442329768166025,1375,1,0,1,1,0,1,0,1,1,1,1
0.62121442842872365,1375,1,0,1,1,0,0,1,1,1,1,1
0.85770901208154426,1375,1,0,1,0,1,1,1,1,1,1,0
0.79389150381065865,1375,1,0,1,0,1,1,1,1,1,0,1
0.87276735070208944,1375,1,0,1,0,1,1,1,1,0,1,1
0.75026422791618241,1375,1,0,1,0,1,1,1,0,1,1,1
0.7500365055041377,1375,1,0,1,0,1,1,0,1,1,1,1
0.8836128467092963,1375,1,0,1,0,1,0,1,1,1,1,1
0.85399511635269498,1375,1,0,1,0,0,1,1,1,1,1,1
0.66817523832107628,1375,1,0,0,1,1,1,1,1,1,1,0
0.66671797882741524,1375,1,0,0,1,1,1,1,1,1,0,1
0.54422072344914108,1375,1,0,0,1,1,1,1,1,0,1,1
0.52904927031230842,1375,1,0,0,1,1,1,1,0,1,1,1
0.83705110427357632,1375,1,0,0,1,1,1,0,1,1,1,1
0.76557965476395562,1375,1,0,0,1,1,0,1,1,1,1,1
0.62779094436355609,1375,1,0,0,1,0,1,1,1,1,1,1
0.86587156597859971,1375,1,0,0,0,1,1,1,1,1,1,1
0.73568134662042051,1375,0,1,1,1,1,1,1,1,1,0,0
0.73045257205821434,1375,0,1,1,1,1,1,1,1,0,1,0
0.71063077097936167,1375,0,1,1,1,1,1,1,1,0,0,1
0.52272027573170898,1375,0,1,1,1,1,1,1,0,1,1,0
0.72187237669931426,1375,0,1,1,1,1,1,1,0,1,0,1
0.54983243489133737,1375,0,1,1,1,1,1,1,0,0,1,1
0.76924674505650348,1375,0,1,1,1,1,1,0,1,1,1,0
0.74766426875754466,1375,0,1,1,1,1,1,0,1,1,0,1
0.77411140645683096,1375,0,1,1,1,1,1,0,1,0,1,1
0.80204773736009427,1375,0,1,1,1,1,1,0,0,1,1,1
0.78676097317190108,1375,0,1,1,1,1,0,1,1,1,1,0
0.74923090941188863,1375,0,1,1,1,1,0,1,1,1,0,1
0.79077348098095579,1375,0,1,1,1,1,0,1,1,0,1,1
0.59014471901916099,1375,0,1,1,1,1,0,1,0,1,1,1
0.74052782822449614,1375,0,1,1,1,1,0,0,1,1,1,1
0.71994582709444921,1375,0,1,1,1,0,1,1,1,1,1,0
0.66365035547496709,1375,0,1,1,1,0,1,1,1,1,0,1
0.73406866532335535,1375,0,1,1,1,0,1,1,1,0,1,1
0.59810111189794157,1375,0,1,1,1,0,1,1,0,1,1,1
0.81039015325773323,1375,0,1,1,1,0,1,0,1,1,1,1
0.74909071278669925,1375,0,1,1,1,0,0,1,1,1,1,1
0.86920194059788336,1375,0,1,1,0,1,1,1,1,1,1,0
0.84036863835949416,1375,0,1,1,0,1,1,1,1,1,0,1
0.87893850440200627,1375,0,1,1,0,1,1,1,1,0,1,1
0.81303488464238394,1375,0,1,1,0,1,1,1,0,1,1,1
0.75474619786237263,1375,0,1,1,0,1,1,0,1,1,1,1
0.88596220929036862,1375,0,1,1,0,1,0,1,1,1,1,1
0.865585163972451,1375,0,1,1,0,0,1,1,1,1,1,1
0.72953686691851449,1375,0,1,0,1,1,1,1,1,1,1,0
0.69955000963094571,1375,0,1,0,1,1,1,1,1,1,0,1
0.74144196917793137,1375,0,1,0,1,1,1,1,1,0,1,1
0.55068336248154948,1375,0,1,0,1,1,1,1,0,1,1,1
0.78049633157791543,1375,0,1,0,1,1,1,0,1,1,1,1
0.78613402197399129,1375,0,1,0,1,1,0,1,1,1,1,1
0.7342182015708647,1375,0,1,0,1,0,1,1,1,1,1,1
0.87433657273346221,1375,0,1,0,0,1,1,1,1,1,1,1
0.73936174113691344,1375,0,0,1,1,1,1,1,1,1,1,0
0.70879025235931459,1375,0,0,1,1,1,1,1,1,1,0,1
0.7512035837119122,1375,0,0,1,1,1,1,1,1,0,1,1
0.58100879081927603,1375,0,0,1,1,1,1,1,0,1,1,1
0.77854115998150875,1375,0,0,1,1,1,1,0,1,1,1,1
0.79731111480721972,1375,0,0,1,1,1,0,1,1,1,1,1
0.73703511534734356,1375,0,0,1,1,0,1,1,1,1,1,1
0.87974400462021518,1375,0,0,1,0,1,1,1,1,1,1,1
0.74564196847373054,1375,0,0,0,1,1,1,1,1,1,1,1
0.73182020037843709,1375,1,1,1,1,1,1,1,1,1,0,0
0.65251412678658516,1373,1,1,1,1,1,1,1,1,0,1,0
0.68557122765289447,1375,1,1,1,1,1,1,1,1,0,0,1
0.55902680722178499,1375,1,1,1,1,1,1,1,0,1,1,0
0.75074863896730459,1375,1,1,1,1,1,1,1,0,1,0,1
0.53843651632769574,1375,1,1,1,1,1,1,1,0,0,1,1
0.8393023170681555,1375,1,1,1,1,1,1,0,1,1,1,0
0.81708329768958021,1375,1,1,1,1,1,1,0,1,1,0,1
0.83519989267669248,1375,1,1,1,1,1,1,0,1,0,1,1
0.84660725918964053,1375,1,1,1,1,1,1,0,0,1,1,1
0.77165984879895877,1375,1,1,1,1,1,0,1,1,1,1,0
0.70425425070499292,1375,1,1,1,1,1,0,1,1,1,0,1
0.74050339305260271,1372,1,1,1,1,1,0,1,1,0,1,1
0.40646345018834706,1375,1,1,1,1,1,0,1,0,1,1,1
0.8104732569298283,1375,1,1,1,1,1,0,0,1,1,1,1
0.74382736371770231,1373,1,1,1,1,0,1,1,1,1,1,0
0.66509335772835754,1375,1,1,1,1,0,1,1,1,1,0,1
0.63874714979161884,1371,1,1,1,1,0,1,1,1,0,1,1
0.66731821334133756,1375,1,1,1,1,0,1,1,0,1,1,1
0.85759368631819355,1375,1,1,1,1,0,1,0,1,1,1,1
0.59152096588623282,1375,1,1,1,1,0,0,1,1,1,1,1
0.85588938888057209,1375,1,1,1,0,1,1,1,1,1,1,0
0.7911426371779372,1375,1,1,1,0,1,1,1,1,1,0,1
0.87141508145953306,1375,1,1,1,0,1,1,1,1,0,1,1
0.74765300428324388,1375,1,1,1,0,1,1,1,0,1,1,1
0.75336165090869911,1375,1,1,1,0,1,1,0,1,1,1,1
0.88101982204691875,1375,1,1,1,0,1,0,1,1,1,1,1
0.85479604029751965,1375,1,1,1,0,0,1,1,1,1,1,1
0.69540467447608512,1375,1,1,0,1,1,1,1,1,1,1,0
0.67275407807588916,1375,1,1,0,1,1,1,1,1,1,0,1
0.49016866423802447,1371,1,1,0,1,1,1,1,1,0,1,1
0.5378864625209675,1375,1,1,0,1,1,1,1,0,1,1,1
0.84003550056431286,1375,1,1,0,1,1,1,0,1,1,1,1
0.74074923256844039,1375,1,1,0,1,1,0,1,1,1,1,1
0.70923472103136787,1335,1,1,0,1,0,1,1,1,1,1,1
0.86497029408771764,1375,1,1,0,0,1,1,1,1,1,1,1
0.66294539729159152,1375,1,0,1,1,1,1,1,1,1,1,0
0.66778782097735701,1375,1,0,1,1,1,1,1,1,1,0,1
0.47110760015001113,1359,1,0,1,1,1,1,1,1,0,1,1
0.53404498708177794,1375,1,0,1,1,1,1,1,0,1,1,1
0.83610050427007965,1375,1,0,1,1,1,1,0,1,1,1,1
0.77803179582412352,1366,1,0,1,1,1,0,1,1,1,1,1
0.61402759952621977,1341,1,0,1,1,0,1,1,1,1,1,1
0.87270351140611058,1375,1,0,1,0,1,1,1,1,1,1,1
0.54413773285553724,1360,1,0,0,1,1,1,1,1,1,1,1
0.72992238949257671,1375,0,1,1,1,1,1,1,1,1,1,0
0.69903597646305027,1375,0,1,1,1,1,1,1,1,1,0,1
0.74443404329138441,1375,0,1,1,1,1,1,1,1,0,1,1
0.54997568921663664,1375,0,1,1,1,1,1,1,0,1,1,1
0.77874014792996238,1375,0,1,1,1,1,1,0,1,1,1,1
0.78935779180893562,1375,0,1,1,1,1,0,1,1,1,1,1
0.7406906561691432,1375,0,1,1,1,0,1,1,1,1,1,1
0.87719679686648366,1375,0,1,1,0,1,1,1,1,1,1,1
0.74016111023052633,1375,0,1,0,1,1,1,1,1,1,1,1
0.74953929461722724,1375,0,0,1,1,1,1,1,1,1,1,1
0.6853284032645377,1371,1,1,1,1,1,1,1,1,1,1,0
0.67419708359635888,1375,1,1,1,1,1,1,1,1,1,0,1
0.16422942244605646,1327,1,1,1,1,1,1,1,1,0,1,1
0.54438471384511511,1375,1,1,1,1,1,1,1,0,1,1,1
0.83895134996626408,1375,1,1,1,1,1,1,0,1,1,1,1
0.75419347135914949,1359,1,1,1,1,1,0,1,1,1,1,1
0.73700579978466263,778,1,1,1,1,0,1,1,1,1,1,1
0.87115549116419089,1375,1,1,1,0,1,1,1,1,1,1,1
0.56124253991236794,1250,1,1,0,1,1,1,1,1,1,1,1
0.4884943509482399,1103,1,0,1,1,1,1,1,1,1,1,1
0.74387482448827491,1375,0,1,1,1,1,1,1,1,1,1,1
