fg_id,name,team,pos,g,pa,ab,r,hr,rbi,sb,h,b1,b2,b3,tb,so,bb,hbp,sf,cs
10155,Mike Trout,LAA,OF,153,674,574,106.5,30.8,91.7,21.4,170.4,101.3,32.0,6.4,307.4,147.6,82.3,7.8,4.7,7.7
5417,Jose Altuve,HOU,2B,151,673,622,83.9,8.7,60.3,37.5,185.5,136.8,37.4,2.5,254.2,62.8,36.4,4.9,4.5,15.7
6195,Ian Kinsler,DET,2B,149,667,607,83.4,15.8,67.7,14.1,160.4,107.3,34.1,3.2,248.3,74.6,43.3,7.1,4.5,6.5
8090,Matt Carpenter,STL,2B/3B,151,666,571,82.8,10.1,54.8,5.3,156.4,107.8,35.4,3.1,228.5,106.3,76.2,7.4,4.4,3.2
4881,Carlos Gomez,MIL,OF,151,662,597,82.1,22.5,73.4,33.5,154.8,98.3,29.4,4.6,260.8,155.0,43.3,12.8,4.6,11.7
12861,Anthony Rendon,WAS,2B/3B,151,658,585,84.0,19.6,75.0,10.9,163.0,103.2,36.0,4.2,266.2,104.2,57.7,6.8,4.8,5.8
1744,Miguel Cabrera,DET,1B/3B,151,658,579,95.0,31.6,105.6,2.2,181.9,111.3,37.8,1.2,317.0,107.1,68.6,4.2,4.9,1.3
9847,Andrew McCutchen,PIT,OF,151,658,565,92.1,23.3,82.9,17.0,168.8,107.0,34.2,4.4,281.6,115.8,78.7,8.1,4.8,8.0
8709,Elvis Andrus,TEX,SS,151,656,592,73.1,4.1,51.4,29.5,158.8,124.6,27.8,2.3,203.4,92.1,49.0,4.0,4.5,12.8
4106,Michael Brantley,CLE,OF,151,655,592,76.7,13.2,71.4,15.3,170.9,120.9,34.6,2.0,249.5,66.2,49.5,5.3,4.8,6.9
1736,Jose Reyes,TOR,SS,145,653,596,86.5,10.8,57.8,22.8,168.7,119.2,35.2,3.5,243.1,70.9,45.1,1.9,4.1,8.1
3473,Anthony Rizzo,CHN,1B,151,650,566,86.3,31.6,93.9,6.0,151.8,86.6,31.8,1.6,281.9,117.4,69.9,8.6,4.8,4.0
8370,Dustin Pedroia,BOS,2B,143,650,580,83.1,10.7,66.7,10.9,163.8,116.3,35.6,1.1,234.0,76.9,57.8,3.5,4.7,5.3
6368,Adam Jones,BAL,OF,151,646,604,78.1,26.2,86.7,7.4,165.3,107.5,29.9,1.7,277.3,127.2,25.5,9.5,4.8,3.9
15676,Jose Abreu,CHA,1B,149,645,571,92.1,38.5,108.1,3.6,166.7,97.2,29.4,1.7,315.0,134.9,60.2,8.0,4.7,2.4
4316,Daniel Murphy,NYN,1B/2B/3B,149,645,598,67.0,9.4,57.7,11.3,165.1,117.9,35.4,2.4,233.4,89.5,36.3,2.6,4.6,5.7
4022,Melky Cabrera,TOR,OF,148,644,587,76.8,15.2,71.1,6.3,169.0,118.4,32.4,3.0,252.9,79.0,45.7,3.2,4.7,3.5
11477,Christian Yelich,MIA,OF,151,644,569,77.8,12.8,57.0,18.2,153.1,106.4,28.8,5.1,230.5,132.6,62.1,3.2,4.4,8.8
8203,Dee Gordon,LAN,2B/SS,151,644,590,67.8,2.5,41.4,52.1,150.5,119.0,19.5,9.5,196.3,107.3,37.8,5.1,4.3,19.8
9810,Brian Dozier,MIN,2B,151,643,567,75.6,16.2,63.3,15.6,136.3,89.4,28.9,1.7,217.3,119.1,61.6,5.8,4.5,8.1
9368,Evan Longoria,TB,3B,151,643,570,75.4,24.6,83.8,2.9,145.3,88.9,30.0,1.8,252.7,134.7,60.9,6.0,4.8,1.7
4940,Jason Heyward,ATL,OF,149,642,560,81.4,19.8,71.5,13.9,149.8,97.9,29.3,3.0,244.3,99.7,67.5,6.5,4.7,7.2
1908,Adrian Gonzalez,LAN,1B,151,640,580,75.1,23.6,85.4,1.7,161.7,105.6,32.0,0.5,265.3,110.7,50.9,3.2,4.6,1.0
4712,Ben Revere,PHI,OF,149,637,597,63.7,2.8,42.4,37.6,168.6,142.1,18.1,5.4,206.2,60.1,26.0,3.8,4.2,13.5
4314,Joey Votto,CIN,1B,148,637,520,80.8,20.4,73.2,4.3,143.8,90.8,31.1,1.5,239.0,126.0,106.2,5.2,4.8,2.6
785,Todd Frazier,CIN,1B/3B,151,635,569,69.5,24.2,76.2,12.9,140.9,87.6,27.0,2.1,244.5,136.8,50.5,8.5,4.6,6.9
5361,Freddie Freeman,ATL,1B,151,635,549,75.6,22.8,80.0,3.2,155.2,98.4,31.5,2.5,259.9,124.3,73.3,7.1,4.7,2.1
5038,Josh Donaldson,OAK,3B,151,635,560,82.9,26.9,88.2,5.0,147.8,88.3,30.2,2.4,263.3,123.3,61.0,6.6,4.8,2.7
1873,Matt Holliday,STL,OF,149,634,551,77.0,20.4,79.7,3.5,151.7,97.8,32.7,0.9,247.4,105.1,67.1,10.4,4.7,2.1
9927,Brett Gardner,NYA,OF,146,634,562,74.1,11.7,58.2,21.6,142.7,98.2,26.6,6.3,216.9,137.2,56.2,6.4,4.6,7.8
3269,Robinson Cano,SEA,2B,151,634,569,75.9,17.3,78.3,5.8,166.4,110.8,36.9,1.5,257.9,77.0,52.7,5.8,4.8,3.3
11200,Kole Calhoun,LAA,1B/OF,144,634,573,78.5,19.5,67.9,8.6,149.3,97.3,29.1,3.4,243.7,120.1,47.4,3.9,4.3,4.8
1887,Jose Bautista,TOR,1B/OF,146,633,530,92.1,34.1,97.0,5.0,140.7,79.2,26.7,0.7,271.1,100.3,90.7,6.3,4.7,2.8
9241,Starling Marte,PIT,OF,149,631,571,78.4,14.7,61.5,32.4,155.6,103.4,30.8,6.8,244.1,150.7,33.7,16.2,4.3,15.8
3787,David Wright,NYN,3B,149,630,561,70.5,16.6,70.9,10.1,153.3,102.8,31.3,2.4,239.3,117.2,57.5,5.2,4.8,5.5
639,Adrian Beltre,TEX,3B,149,630,573,78.5,23.7,89.0,1.5,169.5,113.4,31.2,1.2,274.3,80.9,46.1,5.2,4.6,1.0
9776,Jason Kipnis,CLE,2B,149,630,558,72.3,12.5,61.3,20.6,140.0,96.3,29.2,2.0,210.8,119.9,60.3,3.8,4.6,8.2
9785,Kyle Seager,SEA,3B,151,629,563,73.4,20.1,75.7,7.2,146.2,94.7,28.7,2.6,240.7,112.6,51.7,6.4,4.8,4.4
5209,Alex Gordon,KC,OF,151,628,556,73.6,17.1,71.3,8.4,149.7,97.0,32.9,2.7,239.0,127.2,57.6,7.0,4.6,4.7
971,Jimmy Rollins,PHI,SS,146,625,559,70.4,12.2,50.2,20.6,131.4,92.7,24.5,2.3,196.8,96.1,55.2,1.8,4.1,7.7
4949,Giancarlo Stanton,MIA,OF,149,623,531,90.0,39.0,102.0,6.6,146.9,75.0,31.5,1.3,298.0,161.3,82.7,4.5,4.5,3.7
5409,Pablo Sandoval,SF,3B,148,623,568,77.3,19.0,85.6,0.9,165.1,108.8,34.7,2.5,262.0,86.2,44.9,4.4,4.6,0.7
2151,Edwin Encarnacion,TOR,1B/3B,148,623,540,87.0,33.4,97.9,3.4,143.8,81.0,27.6,1.7,275.1,87.9,71.3,5.6,4.4,1.9
3174,Shin-Soo Choo,TEX,OF,143,623,527,79.5,15.6,63.5,10.3,138.4,93.5,27.6,1.8,216.4,137.0,74.2,14.5,4.3,5.5
5222,Justin Upton,ATL,OF,151,621,546,69.8,23.8,77.8,7.6,137.7,85.5,26.2,2.2,239.6,153.2,63.0,5.9,4.3,4.2
7435,Ben Zobrist,TB,2B/SS/OF,144,620,539,73.7,11.3,62.6,8.7,142.8,95.0,33.5,3.0,216.1,84.6,69.7,3.8,4.5,4.3
5133,Alexei Ramirez,CHA,SS,151,620,582,63.9,10.9,61.1,17.3,154.2,112.3,29.3,1.8,219.8,75.5,25.4,4.5,4.5,8.1
4556,James Loney,TB,1B,151,620,567,60.1,10.5,62.2,2.8,152.9,111.9,29.9,0.6,215.5,82.3,42.7,3.1,4.7,1.6
2396,Carlos Santana,CLE,C/1B/3B,146,620,515,77.0,21.9,77.0,3.8,126.3,75.1,28.4,0.8,221.8,114.4,95.5,3.7,4.5,2.4
6885,Ian Desmond,WAS,SS,151,620,566,69.1,18.3,70.8,18.2,146.2,96.7,28.8,2.4,234.9,156.9,40.7,5.1,4.6,8.0
1177,Albert Pujols,LAA,1B,143,619,562,76.5,25.6,87.2,3.8,149.9,93.6,29.9,0.9,258.1,75.7,47.1,5.2,4.7,2.0
3410,Ryan Braun,MIL,OF,145,619,555,77.4,23.7,81.2,12.4,152.4,94.9,29.4,4.4,261.5,125.8,50.7,6.5,4.6,5.7
9218,Paul Goldschmidt,ARI,1B,148,618,530,82.3,28.7,86.4,10.9,148.6,83.5,34.8,1.7,272.7,136.4,78.1,3.9,4.6,5.5
14225,Yasiel Puig,LAN,OF,146,618,542,83.8,22.1,76.1,13.2,157.4,99.2,31.0,5.2,264.7,116.9,58.6,10.1,4.5,8.3
10199,Billy Hamilton,CIN,OF,146,618,568,68.7,7.5,42.9,62.2,138.7,103.2,22.8,5.2,194.5,112.1,38.6,2.4,3.9,24.1
11205,Adam Eaton,CHA,OF,143,616,548,72.9,6.2,48.0,18.6,147.2,108.0,26.6,6.4,205.3,97.7,49.3,9.3,3.9,9.7
6387,Michael Bourn,CLE,OF,141,614,556,69.0,5.3,43.4,19.1,139.8,104.7,22.9,6.9,192.2,145.0,45.3,3.8,3.9,7.7
9848,Austin Jackson,SEA,OF,144,613,550,71.0,8.8,49.0,14.6,141.0,100.4,27.9,3.9,203.0,139.3,50.4,3.1,3.9,6.6
9892,Jay Bruce,CIN,OF,149,612,547,67.7,25.4,77.5,8.2,129.7,75.5,27.4,1.4,236.0,162.2,55.0,3.1,4.6,4.9
4613,Prince Fielder,TEX,1B,143,612,524,78.5,22.7,83.2,1.5,145.1,93.1,28.4,0.9,243.4,99.2,72.4,9.4,4.3,1.0
4229,Howie Kendrick,LAA,2B,149,609,559,63.5,10.3,59.1,9.2,152.7,109.2,30.1,3.1,220.0,105.3,36.7,5.1,4.3,4.8
4727,Jacoby Ellsbury,NYA,OF,141,608,550,78.4,15.3,59.7,31.3,149.2,103.8,26.2,3.9,228.9,92.8,44.7,3.7,4.0,10.1
4082,Erick Aybar,LAA,SS,149,608,565,65.7,7.4,56.5,14.6,152.7,111.2,30.6,3.6,212.7,64.6,30.1,4.8,4.4,6.8
4579,Starlin Castro,CHN,SS,146,607,560,68.3,12.1,59.7,8.5,152.7,105.7,32.8,2.3,226.2,98.7,34.1,5.0,4.3,5.0
5760,Avisail Garcia,CHA,OF,148,605,562,65.6,20.0,73.2,9.7,147.6,104.1,20.8,2.7,234.0,127.7,30.2,6.5,4.6,5.6
6104,Aaron Hill,ARI,2B/3B,144,600,550,62.3,14.2,59.5,5.5,138.2,91.9,29.2,2.9,215.9,95.3,37.0,5.7,4.4,3.2
7539,Neil Walker,PIT,2B,144,599,533,72.2,17.3,68.3,3.3,145.7,95.8,29.6,3.0,233.1,98.1,50.0,8.9,4.3,2.2
3516,Eric Hosmer,KC,1B,144,599,543,68.2,16.9,73.1,6.9,150.3,100.4,31.3,1.8,235.7,93.8,47.3,3.0,4.5,3.6
7859,Charlie Blackmon,COL,OF,140,597,549,73.4,14.7,60.3,19.6,149.7,103.3,28.4,3.3,229.0,97.6,31.4,7.8,4.1,9.4
2434,Nelson Cruz,BAL,OF,146,597,543,71.4,27.2,83.3,4.7,135.1,79.0,27.4,1.4,246.9,138.0,43.1,4.9,4.3,2.7
2918,Angel Pagan,SF,OF,140,596,544,66.8,6.8,46.2,18.7,147.6,106.7,30.0,3.9,205.8,82.1,41.0,2.3,3.9,7.7
3531,Troy Tulowitzki,COL,SS,137,596,521,83.7,27.2,90.0,2.5,156.5,97.4,30.1,1.8,271.9,94.8,64.1,6.2,4.3,1.5
1965,Desmond Jennings,TB,OF,140,596,527,68.5,12.5,51.8,18.4,126.5,84.5,26.7,2.9,196.6,119.5,54.8,5.0,3.9,6.9
10322,Danny Santana,MIN,SS/OF,144,593,554,65.3,7.9,49.1,21.1,144.9,104.9,26.2,5.9,206.5,113.7,24.8,4.7,3.9,11.2
1679,Chase Utley,PHI,2B,144,592,530,62.1,13.1,59.7,6.8,135.3,91.3,26.8,4.3,209.8,83.3,47.9,8.9,4.5,3.1
745,David Ortiz,BOS,1B,138,591,513,80.5,25.6,87.5,1.4,142.0,83.7,31.5,1.1,252.5,98.9,69.6,3.0,4.4,0.9
7399,Billy Butler,KC,1B,146,590,526,65.5,14.4,69.3,0.9,143.1,99.3,29.0,0.5,216.1,98.1,53.6,4.9,4.3,0.6
5930,Nick Markakis,BAL,OF,140,589,528,61.7,10.6,52.6,3.3,140.6,103.4,25.4,1.2,200.1,73.9,49.5,4.1,4.2,1.9
8202,Josh Harrison,PIT,2B/SS/3B/OF,140,589,549,67.0,11.8,58.7,17.6,152.0,102.3,32.5,5.3,230.6,85.8,25.2,6.7,4.1,8.8
12856,George Springer,HOU,OF,143,588,517,72.5,28.1,78.5,14.0,121.2,70.8,20.0,2.4,230.2,176.0,57.7,7.9,4.4,6.8
4220,Ryan Zimmerman,WAS,1B/3B/OF,143,588,527,69.1,18.5,73.6,3.3,143.9,94.8,28.8,1.7,231.8,112.6,51.9,3.0,4.4,1.9
6876,Mark Trumbo,ARI,1B/OF,143,586,535,66.0,27.8,80.3,4.5,130.0,75.4,24.6,2.1,242.6,152.1,41.3,3.1,4.3,2.9
9777,Nolan Arenado,COL,3B,144,585,543,69.9,19.9,77.2,3.3,153.1,95.7,35.1,2.5,253.0,72.0,31.2,4.3,4.4,2.1
11579,Bryce Harper,WAS,OF,140,585,511,76.4,23.9,78.1,9.6,141.3,88.1,25.6,3.7,245.8,122.6,64.0,3.6,4.2,5.5
11493,Manny Machado,BAL,3B,139,584,539,69.5,17.4,66.9,6.1,146.4,95.0,31.9,2.1,234.7,96.6,33.7,3.7,4.3,3.6
12161,Xander Bogaerts,BOS,SS/3B,146,584,528,66.4,16.8,68.5,5.2,135.5,89.6,27.5,1.6,216.7,123.2,41.9,6.3,4.3,3.2
4062,Dexter Fowler,HOU,OF,137,584,497,70.1,9.3,46.2,13.1,124.8,85.8,25.9,4.0,186.2,130.3,73.9,4.1,3.9,7.2
5343,Brandon Crawford,SF,SS,151,583,519,48.9,8.6,51.7,4.4,121.2,85.1,21.8,5.7,180.1,121.9,51.2,4.1,4.4,3.0
6310,Alcides Escobar,KC,SS,151,583,546,57.3,4.5,48.4,22.8,141.9,107.6,26.2,3.7,188.7,80.9,22.9,5.5,4.3,7.6
8001,Hanley Ramirez,LAN,SS,140,583,515,77.7,18.6,78.7,13.2,149.2,95.8,33.7,1.2,241.0,101.1,55.2,6.1,4.3,6.3
1738,Jhonny Peralta,STL,SS,146,583,524,59.5,15.1,65.0,3.5,134.5,88.9,29.9,0.6,210.8,112.3,47.9,4.1,4.3,2.2
10847,Andrelton Simmons,ATL,SS,151,583,538,52.7,10.2,53.1,6.7,135.8,98.0,23.5,4.1,198.1,57.0,34.4,3.0,4.2,4.2
11737,Nick Castellanos,DET,3B/OF,147,582,536,61.3,14.9,65.7,4.0,141.3,95.2,28.4,3.0,220.1,119.3,34.3,3.9,4.3,2.4
10047,Wil Myers,TB,OF,143,581,518,62.5,19.1,65.9,7.7,127.2,81.6,25.0,1.4,212.6,135.1,53.1,3.1,4.3,4.3
393,Victor Martinez,DET,1B,138,580,516,75.3,19.9,81.1,2.5,159.1,108.6,29.9,0.7,250.2,50.4,54.7,3.6,4.2,1.6
2502,Lucas Duda,NYN,1B/OF,144,578,500,62.7,22.3,69.0,3.0,116.1,69.9,23.4,0.5,207.5,142.9,66.1,7.0,4.2,2.0
13110,Yoenis Cespedes,BOS,OF,140,576,531,69.8,22.0,80.4,6.8,141.0,87.0,26.5,5.4,244.6,117.9,34.9,4.9,4.3,4.0
12532,Kolten Wong,STL,2B,146,576,531,56.6,12.2,57.8,18.8,135.7,97.9,21.9,3.6,201.6,81.4,31.5,4.7,4.3,9.5
4962,Asdrubal Cabrera,WAS,2B/SS,146,576,518,61.9,12.9,56.7,8.0,126.5,84.4,26.3,2.9,197.4,105.6,43.8,6.4,4.2,4.0
10264,Brandon Belt,SF,1B,143,575,509,63.4,18.8,70.3,6.6,134.8,83.7,29.8,2.5,226.1,135.5,54.2,5.3,4.2,3.9
14221,Jorge Soler,CHN,OF,146,575,525,68.6,24.9,80.9,4.2,137.3,80.9,29.0,2.6,246.0,122.3,41.3,3.5,4.2,2.7
3797,J.J. Hardy,BAL,SS,146,575,534,58.9,15.2,60.5,1.4,134.4,93.2,25.4,0.6,206.4,91.0,30.8,3.0,4.2,0.8
9166,Buster Posey,SF,C/1B,140,574,512,68.1,18.5,75.1,1.6,152.7,102.8,29.7,1.7,241.5,71.9,52.6,4.7,4.2,1.0
5631,Matt Kemp,LAN,OF,141,573,513,66.1,20.9,71.1,8.6,136.3,86.1,26.5,2.8,231.0,143.6,51.4,2.9,4.2,4.5
10324,Marcell Ozuna,MIA,OF,144,571,526,61.9,21.4,72.1,4.1,134.9,84.4,25.0,4.0,232.2,132.1,35.9,2.9,4.2,2.3
11846,Leonys Martin,TEX,OF,146,570,520,62.7,10.0,56.2,27.7,135.9,97.9,21.8,6.3,200.1,113.4,37.3,4.6,4.2,13.2
1904,Adam LaRoche,WAS,1B,138,568,485,68.2,23.5,71.8,2.3,115.2,69.5,20.8,1.2,209.2,125.7,74.1,2.9,4.1,1.4
1857,Joe Mauer,MIN,C/1B,138,567,495,62.6,8.1,57.8,2.7,139.6,100.6,29.0,1.8,196.6,100.8,64.9,2.3,4.3,1.7
1572,Coco Crisp,OAK,OF,132,567,500,70.2,12.1,51.3,19.1,125.6,86.7,23.7,3.2,191.9,75.2,56.7,1.7,3.8,6.2
7287,Carlos Gonzalez,COL,OF,132,564,509,76.4,25.0,80.3,11.9,141.9,86.0,27.1,3.8,251.7,137.6,46.6,3.4,4.2,5.4
10306,Oswaldo Arcia,MIN,OF,144,564,511,67.5,25.6,77.2,3.7,131.2,77.7,24.8,3.1,239.0,148.7,39.6,6.9,4.2,2.5
9256,A.J. Pollock,ARI,OF,137,563,516,58.9,9.7,49.6,17.0,133.8,91.3,27.0,5.9,201.6,90.9,34.2,4.2,3.9,7.5
12282,Rougned Odor,TEX,2B,147,562,524,58.9,13.2,62.1,13.6,133.6,91.8,22.8,6.0,207.9,92.0,23.6,6.3,4.3,8.2
10762,Corey Dickerson,COL,OF,140,562,516,73.5,22.1,76.5,10.3,146.0,88.8,28.4,6.7,253.8,110.1,37.2,2.3,4.1,7.1
9272,Chris Davis,BAL,1B/3B,138,562,495,70.7,30.1,79.7,2.7,118.7,65.1,22.9,0.6,233.4,177.7,54.2,7.4,4.2,1.7
8347,Denard Span,WAS,OF,128,562,509,68.3,4.2,41.4,20.2,143.2,105.2,28.5,5.2,194.9,63.1,41.4,2.3,3.6,7.9
12907,Gregory Polanco,PIT,OF,140,562,512,60.9,13.9,56.2,21.7,127.8,89.1,22.9,2.0,196.3,92.4,40.6,2.8,4.0,11.5
4747,Curtis Granderson,NYN,OF,143,560,488,62.2,19.7,58.9,6.5,108.3,65.4,21.0,2.1,192.6,137.3,61.2,4.5,4.0,3.1
1002,Aramis Ramirez,MIL,3B,141,557,509,60.1,16.9,69.1,2.4,134.8,89.2,27.3,1.4,215.8,85.6,33.3,10.5,4.0,1.4
7870,Jonathan Lucroy,MIL,C/1B,134,556,498,61.6,13.6,63.0,5.3,140.5,95.7,29.0,2.2,214.8,66.5,47.5,4.1,4.1,3.0
9911,Chris Carter,HOU,1B/OF,140,555,487,67.8,29.8,77.3,3.6,108.0,56.4,20.5,1.3,220.3,179.7,58.0,4.6,4.0,2.1
1737,Justin Morneau,COL,1B,136,555,504,68.6,19.3,78.0,1.6,147.8,95.8,30.6,2.1,240.6,83.0,39.9,5.6,4.0,1.2
3057,Mike Napoli,BOS,1B,138,554,469,69.1,21.9,71.2,2.9,113.0,66.2,24.0,1.0,204.4,162.8,72.7,5.9,4.1,1.8
10459,Adeiny Hechavarria,MIA,SS,144,554,516,42.3,3.8,44.8,8.2,127.1,96.7,19.6,6.9,171.9,89.3,27.4,2.3,4.3,5.3
9393,Matt Adams,STL,1B,138,554,514,61.5,21.0,75.1,3.0,136.3,85.9,26.8,2.7,231.4,119.8,31.0,2.8,4.1,2.0
9077,Lorenzo Cain,KC,OF,138,554,509,59.1,7.4,49.2,21.6,135.3,97.9,26.6,3.3,190.9,119.2,31.5,5.2,4.0,8.7
9112,Khris Davis,MIL,OF,140,553,498,62.2,24.0,72.7,5.2,122.8,70.6,26.7,1.5,224.5,123.6,39.1,9.3,4.0,3.1
1191,Chris Johnson,ATL,1B/3B,140,551,515,48.8,10.9,56.1,3.2,136.1,96.5,27.8,0.8,198.5,135.3,26.7,3.4,4.1,1.8
3312,Martin Prado,NYA,2B/3B/OF,144,550,503,59.3,9.5,51.1,4.0,137.6,97.3,27.8,3.0,199.8,65.3,35.7,3.9,3.9,2.5
11936,Joe Panik,SF,2B,140,549,503,50.7,4.5,42.6,4.0,128.3,99.4,21.0,3.4,169.6,60.1,34.5,3.3,4.0,2.4
7571,Lonnie Chisenhall,CLE,1B/3B,140,549,500,60.4,17.1,64.7,3.6,129.8,84.6,26.9,1.2,210.5,104.8,35.4,6.2,4.2,2.0
9009,Conor Gillaspie,CHA,1B/3B,140,549,497,56.0,12.4,56.8,2.6,124.3,85.3,23.4,3.2,191.3,88.5,42.6,3.3,4.0,1.9
11003,Evan Gattis,ATL,C/OF,138,547,504,65.0,27.7,77.6,1.2,121.8,68.4,24.2,1.5,232.1,123.6,30.7,7.4,4.0,0.8
10030,Chris Owings,ARI,2B/SS,143,546,515,50.1,10.7,52.0,11.7,129.2,89.6,23.8,5.0,195.3,103.2,20.1,3.5,4.0,6.1
791,Brandon Phillips,CIN,2B,137,546,504,56.0,11.5,51.6,4.3,130.0,93.0,24.6,1.0,191.1,83.1,28.2,6.7,3.9,2.6
2090,Alex Rios,TEX,OF,140,545,509,56.0,10.4,57.0,18.6,134.4,93.7,25.5,4.9,200.8,93.5,26.4,2.7,4.1,8.2
1609,Omar Infante,KC,2B,134,544,507,55.1,7.6,51.4,7.2,138.6,105.1,23.1,2.8,190.1,65.4,26.8,2.2,4.1,3.8
3154,Domonic Brown,PHI,OF,140,543,492,53.7,17.7,61.9,6.1,124.0,80.2,24.0,2.1,205.3,96.9,40.7,2.8,4.0,3.6
12533,Marcus Semien,CHA,2B/3B,140,542,483,59.6,15.8,60.4,8.4,114.9,72.9,23.2,3.0,191.5,105.7,47.2,4.5,4.1,4.6
6086,Casey McGehee,MIA,3B,140,542,486,48.4,7.7,50.7,2.9,122.3,89.8,23.6,1.2,171.4,88.9,47.3,2.8,4.0,1.9
9874,DJ LeMahieu,COL,2B/3B,146,542,501,49.9,4.7,49.1,14.9,139.1,107.8,22.1,4.5,184.4,89.5,29.4,2.8,4.3,8.8
5667,Steven Souza,WAS,OF,140,542,487,60.4,19.6,64.6,20.0,119.3,75.9,21.9,1.8,203.9,127.7,44.6,4.5,4.0,10.4
2616,Zack Cozart,CIN,SS,146,538,500,45.0,9.4,49.0,3.7,119.1,83.0,23.2,3.6,177.7,88.5,25.7,4.4,4.1,1.8
1534,Michael Cuddyer,COL,1B/OF,136,537,488,55.5,16.3,61.7,6.4,123.4,80.6,24.8,1.7,200.4,102.7,39.7,2.8,4.1,3.3
5933,Jean Segura,MIL,SS,140,537,497,54.8,7.9,46.4,24.2,130.4,97.9,18.6,6.0,184.5,68.3,26.8,5.0,3.9,11.1
5247,Brett Lawrie,TOR,2B/3B,136,536,486,60.2,16.2,63.9,6.2,127.4,83.5,25.8,2.0,205.6,83.5,37.3,6.5,4.0,3.5
950,Marlon Byrd,PHI,OF,138,534,493,53.5,16.9,59.8,3.0,121.3,80.1,22.1,2.3,198.6,149.7,28.9,6.5,4.0,1.9
9549,David Freese,LAA,3B,138,534,479,54.6,11.8,55.3,3.0,123.8,88.1,22.9,1.0,184.4,123.8,42.3,6.7,3.9,1.9
731,Torii Hunter,DET,OF,138,534,496,59.2,13.1,61.8,3.8,140.5,99.0,26.5,2.0,210.2,100.1,26.7,6.2,4.0,2.5
4720,Chase Headley,NYA,1B/3B,138,531,464,59.6,14.3,58.5,6.7,119.0,79.6,23.9,1.1,188.3,122.0,55.0,6.3,3.9,3.6
6012,Didi Gregorius,ARI,2B/SS,140,529,479,52.4,10.2,50.7,4.2,115.0,82.2,19.2,3.4,171.4,78.3,36.3,5.9,4.1,2.6
13075,Nori Aoki,KC,OF,132,529,473,58.4,4.3,39.2,15.3,130.9,100.9,21.8,3.9,173.5,48.2,40.3,7.4,3.6,7.5
10166,Nick Franklin,TB,2B/SS,140,529,473,53.9,12.4,51.3,9.1,110.4,74.9,20.9,2.2,173.0,116.1,46.4,2.6,3.9,4.5
4892,Mike Moustakas,KC,3B,140,529,482,56.1,16.7,61.7,2.7,119.0,74.2,26.9,1.3,198.8,86.2,35.6,4.8,4.0,1.7
12101,Kennys Vargas,MIN,1B,134,525,479,60.3,21.2,70.6,1.3,120.9,76.1,22.3,1.5,209.6,113.6,36.5,4.8,3.7,0.8
10816,Jedd Gyorko,SD,2B/3B,136,523,475,52.9,17.2,58.4,3.5,113.8,73.6,21.8,1.1,189.4,113.2,38.0,3.7,3.8,2.2
4418,Jed Lowrie,OAK,2B/SS,138,521,466,55.9,10.6,52.2,1.3,120.2,80.2,27.5,2.0,183.3,79.0,43.8,3.6,3.9,0.7
5384,Juan Lagares,NYN,OF,138,521,484,44.7,6.6,43.7,10.8,120.4,87.1,23.6,3.1,170.2,105.9,24.1,4.8,3.8,5.9
7462,Trevor Plouffe,MIN,3B,138,521,468,56.1,15.6,59.3,2.5,115.8,72.8,25.9,1.4,191.4,104.3,42.2,4.7,3.9,1.6
7304,Salvador Perez,KC,C,134,518,486,54.3,14.9,61.6,1.3,133.3,91.9,24.6,1.9,206.6,65.3,21.9,3.7,3.8,0.8
11038,Kevin Kiermaier,TB,OF,134,513,469,52.4,9.3,49.0,12.7,116.0,80.5,19.6,6.6,176.7,92.6,31.5,4.6,3.7,6.9
2197,Grady Sizemore,PHI,OF,134,512,464,51.6,10.3,44.9,6.7,111.2,73.0,24.1,3.8,173.7,101.4,39.1,2.6,3.6,3.7
3035,Michael Morse,SF,1B/OF,132,510,467,54.3,17.9,64.1,1.0,120.6,76.0,24.7,2.0,203.2,125.9,31.6,6.2,3.8,0.7
3892,Josh Reddick,OAK,OF,127,509,458,56.3,16.6,61.5,4.9,111.3,68.9,21.3,4.5,191.4,94.9,42.0,2.6,3.8,2.8
9063,Alexi Amarista,SD,2B/SS/3B/OF,140,499,461,39.9,6.1,41.7,8.2,109.2,79.7,20.3,3.2,154.3,73.7,28.1,2.6,3.9,4.4
13510,Jose Ramirez,CLE,2B/SS,129,498,462,49.9,5.7,44.2,21.5,116.9,87.8,20.6,2.9,160.2,57.4,26.9,2.0,3.8,11.9
454,Juan Uribe,LAN,3B,130,497,462,45.2,11.9,53.1,2.3,116.7,80.8,23.1,0.9,177.4,98.3,26.0,3.1,3.6,1.4
8610,Kendrys Morales,SEA,1B,128,496,453,54.0,15.0,60.4,0.8,118.8,78.8,24.0,0.7,189.3,88.6,34.9,4.0,3.6,0.6
1281,Mark Teixeira,NYA,1B,126,496,433,57.1,20.9,62.7,1.7,96.3,57.0,17.6,0.6,178.0,106.9,52.5,5.5,3.6,1.1
6184,J.D. Martinez,DET,OF,126,495,456,59.8,19.0,67.1,5.0,123.8,78.1,24.2,2.4,209.9,118.7,30.8,3.6,3.9,3.1
9957,Steve Pearce,BAL,1B/OF,126,495,436,61.8,19.6,62.8,4.6,116.7,71.9,24.4,0.7,201.4,99.4,46.3,7.0,3.7,2.6
4810,Brian McCann,NYA,C/1B,126,495,447,58.3,22.5,67.4,1.1,111.7,71.5,16.8,0.9,197.7,76.0,38.5,4.5,3.7,0.7
4467,Brandon Moss,OAK,1B/OF,128,494,435,62.5,25.9,71.6,1.8,106.3,59.3,19.9,1.2,206.5,138.6,47.7,6.6,3.6,1.2
589,Carlos Beltran,NYA,OF,125,493,446,57.0,17.7,62.9,3.2,115.5,73.7,23.0,1.0,193.6,92.2,39.3,2.9,3.6,1.9
10339,Scooter Gennett,MIL,2B,128,491,459,50.6,9.0,46.7,6.9,124.3,89.7,22.9,2.6,179.5,73.2,22.5,2.5,3.6,4.2
5666,Devin Mesoraco,CIN,C,126,490,436,53.0,21.0,62.3,3.0,107.2,63.3,22.3,0.5,193.7,102.0,41.0,5.9,3.6,2.0
2495,Pedro Alvarez,PIT,1B/3B,128,489,436,56.1,22.0,65.8,4.6,104.8,62.2,19.0,1.4,192.9,134.6,45.0,2.9,3.5,2.8
3353,Matt Joyce,TB,OF,128,488,424,53.2,12.8,52.2,4.7,101.2,65.4,21.6,1.5,164.2,108.0,54.0,4.0,3.7,2.9
2530,Yonder Alonso,SD,1B,130,484,437,48.3,11.4,52.4,6.0,114.9,78.5,23.8,1.1,175.5,69.1,39.1,2.9,3.6,3.4
9205,Logan Morrison,SEA,1B/OF,130,484,433,54.8,15.9,57.5,4.2,108.6,67.7,23.7,1.3,182.4,79.8,42.5,3.9,3.6,2.6
9627,Yan Gomes,CLE,C,128,482,444,53.1,17.1,60.7,1.4,114.3,71.2,23.9,2.1,194.1,108.2,26.5,4.8,3.6,0.8
7331,Seth Smith,SD,OF,128,482,422,53.7,11.6,50.3,1.7,104.2,65.7,24.7,2.1,168.1,96.7,49.7,4.4,3.5,1.1
5827,Wilmer Flores,NYN,2B/SS/3B,129,482,450,45.2,14.3,53.0,2.3,111.5,74.5,21.2,1.7,178.8,68.1,22.4,3.0,3.6,1.5
12546,C.J. Cron,LAA,1B,128,482,450,50.3,15.8,57.9,2.9,111.0,72.4,21.3,1.4,182.6,92.2,19.6,6.2,3.6,1.8
8433,Ike Davis,PIT,1B,128,482,410,55.4,15.6,56.3,2.9,97.3,59.2,21.8,0.7,167.3,105.2,65.2,2.0,3.4,2.0
11899,Joc Pederson,LAN,OF,128,482,422,50.8,17.5,53.8,14.8,94.4,60.6,15.1,1.3,164.4,125.2,49.6,4.4,3.5,8.5
5227,Jon Jay,STL,OF,128,481,429,49.2,5.3,41.9,6.8,118.8,89.8,21.2,2.6,161.2,81.7,33.2,11.5,3.4,3.8
17016,Rusney Castillo,BOS,OF,126,480,444,55.3,11.9,56.4,14.8,123.3,85.7,24.0,1.6,186.5,87.2,25.2,4.1,3.5,8.3
13611,Mookie Betts,BOS,2B/OF,121,479,428,65.5,10.5,49.1,20.6,121.8,84.4,24.8,2.2,182.6,60.5,41.1,3.0,3.2,9.4
1433,Wilson Ramos,WAS,C,124,477,440,50.3,17.5,61.4,1.6,118.2,79.9,20.1,0.8,192.4,71.9,29.2,1.9,3.6,1.1
3086,Mitch Moreland,TEX,1B,125,477,431,51.3,15.7,56.0,1.8,104.5,66.4,20.9,1.5,175.8,108.4,36.3,3.3,3.6,1.2
7007,Yadier Molina,STL,C/1B,124,475,434,48.3,10.1,53.4,2.7,123.0,87.2,25.2,0.5,179.3,56.3,30.2,4.3,3.5,1.7
6547,Jordy Mercer,PIT,2B/SS,128,475,434,44.2,9.7,48.2,3.8,110.4,75.3,23.6,1.8,166.7,79.4,29.9,4.3,3.6,2.4
9981,Michael Saunders,SEA,OF,120,472,416,54.1,13.3,53.2,9.3,102.2,62.9,22.4,3.6,171.8,112.8,47.1,1.9,3.5,4.8
8252,Hunter Pence,SF,OF,114,472,428,52.2,13.7,57.1,8.0,114.6,77.0,19.7,4.2,183.9,87.4,35.7,3.3,3.8,4.0
2154,Ryan Howard,PHI,1B,125,471,417,48.1,17.9,55.6,0.5,94.2,57.8,17.3,1.3,167.7,141.8,44.6,4.7,3.3,0.4
10099,Dustin Ackley,SEA,1B/2B/OF,128,470,423,52.9,10.3,46.6,6.3,106.5,72.3,21.6,2.3,163.5,78.8,38.5,2.4,3.4,3.4
sa549381,Kris Bryant,CHN,3B,117,470,416,59.5,25.3,66.3,7.2,107.7,60.8,20.4,1.3,206.5,138.0,41.9,5.7,3.5,4.2
9893,Colby Rasmus,TOR,OF,125,470,423,52.8,18.5,55.3,3.1,97.6,56.9,20.7,1.5,176.6,137.9,38.0,3.3,3.4,1.9
11167,Josh Rutledge,COL,2B/SS/3B,128,470,433,48.0,7.9,43.9,8.2,103.6,72.5,19.9,3.2,153.7,102.4,24.7,6.4,3.5,4.1
8722,Jason Castro,HOU,C,128,470,421,47.7,12.6,49.1,1.7,96.6,61.5,21.0,1.6,158.3,126.4,39.0,4.7,3.5,1.0
3364,Miguel Montero,ARI,C,120,470,408,47.8,10.2,48.4,1.9,102.0,70.9,20.2,0.7,154.4,95.8,50.3,6.5,3.5,1.2
12979,Javier Baez,CHN,2B/SS,128,470,433,52.5,22.4,59.9,11.1,96.0,54.1,18.1,1.4,184.0,144.3,26.2,4.7,3.4,6.0
11265,Jonathan Schoop,BAL,2B/3B,129,468,434,47.4,14.9,50.5,4.0,98.9,66.3,17.3,0.5,161.8,99.9,21.1,6.2,3.6,2.1
3371,Alejandro De Aza,BAL,OF,121,468,423,54.8,8.9,42.6,14.4,110.9,76.9,21.2,4.0,166.7,100.2,33.5,5.1,3.2,7.4
13265,Mike Zunino,SEA,C,128,464,425,50.1,20.2,58.0,2.7,94.0,54.1,18.0,1.8,175.9,130.0,24.0,8.3,3.5,1.7
1201,Carl Crawford,LAN,OF,117,459,425,53.4,9.7,44.8,18.1,116.3,81.0,22.5,3.3,174.2,71.9,23.4,4.6,3.2,7.2
4969,Luis Valbuena,CHN,2B/3B,120,458,399,49.5,12.4,47.4,2.9,93.7,59.1,20.2,1.9,155.1,91.3,50.0,2.8,3.5,1.9
6609,Freddy Galvis,PHI,2B/SS/3B/OF,128,458,426,36.5,9.4,42.1,3.6,96.1,64.4,19.0,3.2,149.6,85.4,22.5,2.3,3.6,2.1
4616,Russell Martin,PIT,C,120,458,393,53.3,14.4,51.6,5.2,94.3,61.0,18.3,0.5,157.0,93.5,51.2,8.4,3.5,3.0
11368,Yasmani Grandal,SD,C/1B,120,457,395,47.9,14.0,51.3,2.4,95.3,60.8,19.7,0.8,158.4,103.5,53.0,3.2,3.4,1.4
5557,Jarrod Saltalamacchia,MIA,C,120,455,402,43.1,13.1,47.0,2.2,88.1,53.0,21.3,0.6,150.0,139.0,45.3,2.2,3.5,1.2
11997,Cody Asche,PHI,3B,126,454,415,43.0,13.7,49.8,3.0,104.6,67.4,22.2,1.3,170.6,97.5,30.6,2.7,3.4,1.8
10231,Jose Iglesias,DET,SS/3B,126,454,418,44.3,4.6,40.1,10.9,106.8,83.6,16.4,2.3,141.5,62.9,21.5,6.7,3.5,4.9
5297,Aaron Hicks,MIN,OF,128,453,396,47.4,7.5,39.2,10.3,90.8,61.3,19.4,2.3,137.7,99.5,48.0,1.8,3.3,5.5
8027,Adam Lind,TOR,1B,125,450,404,50.7,15.9,57.3,1.0,108.9,72.0,19.6,1.4,178.8,83.4,39.5,1.8,3.3,0.6
7739,Travis d'Arnaud,NYN,C,118,443,402,45.6,15.8,53.9,1.7,100.8,62.0,21.2,1.9,173.1,72.1,33.0,3.2,3.3,1.0
1327,Jayson Werth,WAS,OF,104,442,382,55.1,13.3,54.3,5.0,109.0,72.2,22.6,0.9,173.3,83.3,50.7,4.5,3.3,2.3
10441,Jon Singleton,HOU,1B,121,440,379,48.9,17.4,50.4,3.3,81.5,47.4,15.7,1.0,151.2,129.0,54.6,1.8,3.4,2.1
5000,Stephen Vogt,OAK,C/1B/OF,121,440,405,44.9,10.6,49.0,1.9,104.6,71.1,19.7,3.1,162.6,65.3,27.7,1.7,3.2,1.2
4191,Yunel Escobar,TB,SS,120,439,396,45.1,6.1,39.0,2.6,107.1,82.2,18.3,0.5,144.8,52.7,34.4,3.1,3.1,1.6
4251,Stephen Drew,NYA,2B/SS,120,436,388,45.9,11.0,41.9,3.7,85.9,54.1,18.9,2.1,141.6,106.8,40.3,1.7,3.2,2.1
8267,Chris Iannetta,LAA,C,121,436,366,45.5,10.0,41.3,2.7,81.0,54.0,16.6,0.5,128.3,108.8,58.6,5.0,3.3,1.6
7476,Alex Avila,DET,C,120,434,372,46.8,11.2,44.5,2.2,85.9,55.1,18.7,0.9,140.1,126.9,54.4,2.6,3.3,1.3
2579,Carlos Ruiz,PHI,C,118,431,382,39.1,7.5,40.3,3.3,98.8,69.0,21.5,0.8,144.8,58.8,34.8,9.0,3.3,1.9
12775,Brad Miller,SEA,2B/SS,121,429,388,47.8,10.7,44.4,6.7,96.8,65.6,17.1,3.5,153.1,81.6,32.6,2.2,3.2,3.5
8259,Kurt Suzuki,MIN,C,121,429,390,41.8,6.4,40.7,1.6,99.5,70.6,22.0,0.7,141.8,50.1,28.3,5.1,3.2,1.0
6867,Derek Norris,OAK,C,121,429,374,42.9,12.4,44.2,3.8,87.2,56.6,17.1,1.2,143.8,90.8,46.4,3.2,3.2,2.0
3336,Alberto Callaspo,OAK,1B/2B/3B,120,426,378,37.3,6.1,36.4,2.0,94.2,70.9,16.7,0.5,130.3,48.5,40.1,1.7,3.2,1.1
6878,Chris Coghlan,CHN,3B/OF,113,426,379,47.8,7.0,35.1,8.0,94.5,64.3,20.5,3.0,141.7,80.4,37.5,3.4,2.9,4.3
9134,Tyler Flowers,CHA,C,120,425,384,41.7,14.2,45.1,2.1,79.7,49.9,14.9,0.9,138.8,144.1,27.9,6.2,3.3,1.2
4599,Nick Swisher,CLE,1B/OF,111,425,371,45.1,11.6,44.3,1.1,86.5,55.5,18.8,0.6,141.2,105.1,45.5,2.5,3.1,0.8
1875,Josh Hamilton,LAA,OF,103,422,382,46.7,13.5,52.0,3.0,93.7,59.4,19.5,1.3,156.3,116.0,32.3,3.8,3.1,1.8
2136,David Peralta,ARI,OF,114,420,392,42.8,9.9,45.1,5.2,106.6,72.6,18.7,5.5,166.0,65.2,20.3,2.5,3.0,3.1
2714,Garrett Jones,MIA,1B/OF,114,420,382,48.6,17.0,55.3,1.2,95.3,55.9,21.1,1.2,169.8,96.1,32.7,1.7,3.1,0.7
2830,Travis Snider,PIT,OF,113,416,371,49.2,15.4,50.7,3.6,96.9,60.9,19.1,1.6,165.2,91.1,37.7,2.1,3.1,2.0
8254,Sam Fuld,OAK,OF,112,412,366,41.1,4.3,34.7,14.9,85.0,61.4,15.4,4.0,121.3,65.7,38.2,2.1,3.1,6.8
1677,Shane Victorino,BOS,OF,106,411,372,50.7,8.7,43.1,10.2,98.2,66.3,21.0,2.1,149.8,64.4,25.6,6.7,2.9,3.8
11339,Jake Marisnick,HOU,OF,114,410,380,39.9,9.1,40.3,14.2,89.0,61.1,16.3,2.4,137.5,89.4,17.4,6.6,3.1,6.8
12797,Dalton Pompey,TOR,OF,114,410,373,44.1,6.9,39.1,20.7,87.8,60.7,15.4,4.8,133.4,88.3,28.5,2.5,3.1,8.8
10711,Arismendy Alcantara,CHN,2B/OF,114,400,370,40.6,10.2,39.5,13.5,87.5,57.1,16.8,3.6,141.8,98.8,22.9,2.0,2.9,6.7
3376,Nick Hundley,BAL,C,107,389,357,39.8,11.2,45.5,2.2,92.9,60.7,19.9,1.0,148.5,92.7,23.3,3.2,3.0,1.5
9774,Christian Vazquez,BOS,C,107,386,347,40.7,5.8,37.0,4.1,85.9,61.6,18.1,0.5,122.3,64.4,29.1,2.4,3.0,2.0
12179,Maikel Franco,PHI,1B/3B,104,382,360,36.6,13.2,44.7,2.0,87.6,55.9,17.1,1.4,147.4,60.7,14.7,2.5,2.8,1.2
4298,Matt Wieters,BAL,C,97,374,338,41.0,12.7,44.1,2.0,82.6,52.7,16.7,0.6,138.5,68.5,30.2,1.9,2.8,1.2
6732,Zoilo Almonte,FA,OF,107,366,339,33.6,11.6,40.2,5.4,80.8,54.5,14.0,0.8,131.2,87.0,19.3,2.1,2.8,2.8
5275,Francisco Cervelli,NYA,C/1B,105,363,326,32.3,4.2,31.7,4.4,79.6,58.4,15.6,1.4,110.7,76.3,25.4,6.2,2.8,2.1
10028,Christian Bethancourt,ATL,C,107,361,342,28.0,7.5,34.3,5.0,81.5,59.7,13.7,0.8,119.1,65.9,11.2,2.5,2.8,3.1
5887,John Jaso,OAK,C,97,350,303,37.8,7.2,33.0,2.6,74.3,49.7,15.8,1.6,114.7,62.3,36.2,4.2,2.5,1.4
5352,Yangervis Solarte,SD,2B/SS/3B/OF,97,347,313,33.3,6.2,29.4,1.4,78.0,56.7,14.1,0.9,112.5,42.4,25.5,2.0,2.4,0.8
9054,Justin Smoak,SEA,1B,97,342,301,39.2,12.0,41.6,1.0,71.8,44.6,14.6,0.4,123.3,75.6,34.9,2.0,2.6,0.7
9929,Darin Ruf,PHI,1B/OF,98,336,301,31.8,10.4,36.1,1.4,69.8,43.7,15.2,0.4,117.2,87.6,25.9,4.8,2.5,0.9
5277,Tuffy Gosewisch,ARI,C,97,329,309,24.5,5.4,28.4,1.7,66.6,44.7,15.6,0.8,100.1,62.1,12.4,2.7,2.6,1.1
13329,Jacob Lamb,ARI,3B,97,327,298,32.0,9.2,35.7,2.0,74.6,47.2,16.3,1.9,122.4,81.9,22.9,2.3,2.4,1.2
sa621496,Micah Johnson,FA,2B,88,323,299,31.6,4.0,29.5,15.1,74.7,55.2,12.4,3.0,105.6,56.2,17.8,1.9,2.4,8.2
7002,Will Middlebrooks,BOS,3B,95,322,297,28.8,10.6,34.5,2.3,64.9,42.3,11.1,0.9,109.7,85.3,17.6,3.0,2.3,1.3
7215,David Lough,BAL,OF,97,322,298,33.3,6.1,31.9,9.1,76.0,54.1,13.1,2.8,113.0,53.2,16.2,3.2,2.5,4.7
6035,David Murphy,CLE,OF,96,321,289,33.6,7.6,34.2,2.9,74.6,50.9,15.5,0.8,114.2,46.0,25.8,1.9,2.4,1.7
11602,Carlos Sanchez,CHA,2B,97,319,295,29.0,2.7,26.4,8.2,72.5,56.1,11.9,1.8,95.9,58.0,16.5,2.6,2.4,4.2
3142,Robinson Chirinos,TEX,C,97,318,289,33.0,9.1,35.0,2.1,68.3,45.3,13.1,0.7,110.4,66.2,20.2,3.8,2.5,1.2
3648,Rene Rivera,SD,C,97,318,291,30.5,7.7,32.0,1.6,67.3,45.2,13.5,1.0,105.8,68.7,20.5,2.5,2.5,0.9
4054,Emilio Bonifacio,ATL,2B/3B/OF,95,318,288,32.6,2.4,24.7,17.8,70.7,54.0,12.4,1.9,94.2,65.4,23.4,1.6,2.3,6.5
12325,Jace Peterson,SD,2B/3B,97,315,284,25.1,2.7,24.3,11.2,65.6,48.6,12.3,2.1,90.1,53.7,24.2,1.8,2.3,5.8
1825,David DeJesus,TB,OF,94,314,277,33.1,5.5,28.1,3.4,66.2,44.4,14.6,1.8,100.9,55.4,29.0,4.3,2.3,2.2
5015,B.J. Upton,ATL,OF,86,314,279,30.9,8.1,28.6,9.5,59.9,38.0,12.1,1.7,99.6,94.0,28.9,1.6,2.3,3.9
5097,Anthony Gose,TOR,OF,97,310,279,32.7,4.7,28.1,16.2,66.3,47.9,10.2,3.4,97.3,74.8,22.6,3.1,2.3,7.7
8553,Gerardo Parra,MIL,OF,88,299,270,30.7,5.7,28.6,6.1,71.3,49.6,14.5,1.5,105.9,50.2,21.9,2.3,2.2,3.5
8155,Everth Cabrera,SD,SS,86,294,265,31.9,2.4,21.3,15.8,66.5,50.7,12.1,1.2,88.4,58.6,21.5,1.8,2.0,6.2
1845,Jonny Gomes,OAK,OF,93,292,253,27.0,7.9,28.6,1.0,56.3,38.3,9.9,0.4,90.5,84.1,30.9,4.4,2.2,0.6
6201,Nate Schierholtz,WAS,OF,88,284,261,31.2,8.9,33.5,4.6,63.3,39.6,12.3,2.5,107.2,57.5,16.8,2.5,2.1,2.6
3123,Gregor Blanco,SF,OF,88,283,249,25.5,3.0,24.0,8.8,62.4,45.9,10.7,2.8,87.7,53.7,28.3,1.6,2.1,4.0
11489,Michael Taylor,WAS,OF,88,283,258,25.8,6.6,28.1,10.5,58.3,38.8,12.0,1.0,92.1,80.4,18.9,2.2,2.1,5.8
2437,Maicer Izturis,TOR,2B/SS/3B,90,283,258,29.0,3.2,25.7,5.0,65.7,48.1,13.6,0.8,90.6,34.4,18.5,1.7,2.1,2.6
3708,Rajai Davis,DET,OF,87,280,258,33.5,4.0,25.2,20.2,68.4,49.1,14.0,1.4,97.0,48.4,14.2,3.1,2.0,6.6
3433,Allen Craig,BOS,1B/OF,87,279,253,33.2,7.8,35.2,1.3,70.0,46.4,15.0,0.7,109.6,58.0,19.6,3.2,2.1,0.7
4922,Ender Inciarte,ARI,OF,88,277,257,26.3,3.2,22.0,10.8,66.2,49.4,11.9,1.7,91.1,33.6,15.1,1.3,2.0,4.9
8002,Wilin Rosario,COL,C,87,276,257,33.0,12.9,41.1,1.7,71.8,44.2,14.2,0.5,125.6,53.9,13.8,1.1,2.0,1.0
1274,Alex Rodriguez,NYA,3B,87,273,242,28.5,7.5,29.5,3.2,56.4,38.3,9.9,0.6,90.3,68.1,24.5,3.5,1.9,1.9
2140,Delmon Young,BAL,OF,87,271,252,28.2,7.7,30.6,1.3,65.8,45.3,12.0,0.7,102.3,56.5,12.5,2.7,2.1,0.8
5519,Ruben Tejada,NYN,SS,87,265,235,22.0,2.1,19.3,1.9,57.3,43.8,11.1,0.4,75.2,39.2,22.0,3.2,2.0,1.2
13757,Chris Taylor,SEA,SS,88,265,239,26.6,2.3,21.9,8.5,60.2,44.7,11.6,1.6,81.8,55.5,18.7,2.2,2.0,3.9
4866,Jarrod Dyson,KC,OF,87,264,238,29.2,1.8,20.5,25.6,59.4,45.6,8.7,3.3,80.3,48.2,20.3,1.6,2.0,7.2
6265,Andre Ethier,LAN,OF,81,255,225,27.2,5.5,28.0,1.9,59.8,40.3,12.1,1.9,92.1,47.9,23.7,3.2,2.0,1.2
746,A.J. Pierzynski,STL,C,87,254,238,21.1,5.3,25.0,0.9,58.3,41.8,10.1,0.9,86.2,41.5,10.0,3.2,1.9,0.6
12434,Kevin Pillar,TOR,OF,88,253,237,27.2,4.9,27.3,8.5,62.6,42.4,14.0,1.1,93.6,41.3,9.5,2.3,1.9,4.3
4952,Ryan Hanigan,TB,C,84,251,218,26.3,3.5,23.6,1.4,54.4,40.5,10.1,0.3,75.7,34.8,26.0,3.0,1.9,0.8
7087,Caleb Joseph,BAL,C,88,247,228,23.7,6.5,24.6,1.7,50.5,34.8,9.0,0.4,79.7,54.6,13.6,1.8,1.9,1.0
9807,Ryan Goins,TOR,2B/SS,88,246,230,22.6,2.3,20.8,3.1,53.2,38.5,11.0,1.4,73.7,47.9,11.2,1.0,1.9,1.7
sa597754,Francisco Lindor,FA,SS,62,246,225,22.8,3.3,21.6,8.6,52.8,39.4,8.8,1.3,74.3,41.1,14.4,1.5,1.8,5.2
9015,Gordon Beckham,LAA,2B/SS/3B,80,242,221,24.6,4.8,23.2,1.9,53.3,36.7,11.6,0.3,79.8,38.3,14.7,2.7,1.8,1.2
1260,Ryan Ludwick,CIN,OF,80,242,219,25.2,6.4,26.4,1.1,53.1,35.3,11.1,0.4,84.4,53.6,18.6,2.1,1.8,0.8
211,Will Venable,SD,OF,81,241,219,24.9,6.4,24.2,6.9,53.8,35.6,10.0,1.9,86.8,55.4,16.8,1.9,1.7,2.8
7888,Ryan Flaherty,BAL,2B/SS/3B,81,241,218,25.0,7.1,25.5,1.7,50.3,32.5,10.0,0.6,82.8,52.7,15.7,3.1,1.9,0.9
4903,Matt Dominguez,HOU,3B,81,241,223,24.0,7.7,26.7,0.7,51.4,33.6,9.7,0.3,85.0,42.7,12.9,2.1,1.8,0.4
5986,Mike Aviles,CLE,2B/SS/3B/OF,81,240,225,23.3,4.3,23.0,6.1,54.9,39.5,10.5,0.5,79.3,32.9,9.5,1.4,1.8,3.2
1945,Corey Hart,SEA,OF,78,238,216,25.6,7.2,28.0,1.4,54.9,35.2,11.3,1.3,90.3,51.8,16.2,3.2,1.8,0.9
7185,Logan Forsythe,TB,2B/SS/3B/OF,81,238,213,22.5,4.3,21.6,2.5,49.5,35.0,9.2,1.1,73.6,48.9,18.8,2.6,1.8,1.3
3882,Chris Young,NYA,OF,81,238,210,26.5,7.7,26.2,4.9,48.0,28.4,11.2,0.6,83.5,51.9,22.9,2.1,1.8,2.4
2636,Brandon Guyer,TB,OF,80,237,216,24.1,4.3,23.0,4.3,54.0,37.1,10.8,1.9,81.4,44.3,13.3,5.1,1.7,2.0
7158,Eric Young,NYN,OF,81,235,211,22.4,1.5,16.1,16.6,50.4,38.0,8.8,2.2,68.2,44.9,18.4,2.1,1.6,5.5
10953,Phil Gosselin,ATL,2B/SS/3B,81,235,220,17.8,2.4,19.2,2.7,53.7,40.7,9.6,1.1,72.6,43.2,9.4,2.2,1.8,1.5
3878,Chris Stewart,PIT,C,81,234,211,18.8,2.0,18.6,1.9,49.3,37.5,9.2,0.4,65.6,37.8,16.9,3.1,1.9,1.1
9571,Craig Gentry,OAK,OF,80,231,207,23.8,1.5,18.8,12.2,52.6,40.8,8.9,1.2,68.7,41.1,16.3,4.2,1.8,4.4
9328,Drew Stubbs,COL,OF,74,222,200,26.3,6.1,23.5,8.5,52.0,35.4,9.2,1.2,82.3,65.3,18.1,1.1,1.5,3.0
3707,Geovany Soto,OAK,C,80,222,199,22.7,6.9,23.8,1.5,43.7,27.3,9.1,0.4,74.2,57.8,18.8,1.5,1.7,1.0
629,Brandon Barnes,COL,OF,74,222,205,23.1,5.4,24.0,5.5,50.8,33.3,10.6,1.4,80.2,63.0,11.8,2.0,1.7,3.1
2218,Ryan Raburn,CLE,OF,81,220,201,22.3,6.1,23.6,0.9,46.1,29.2,10.5,0.3,75.5,54.4,14.9,2.0,1.7,0.6
7620,Justin Ruggiano,CHN,OF,72,219,198,23.0,5.9,23.1,4.3,47.0,30.9,9.4,0.6,75.6,58.5,16.4,1.7,1.7,2.5
6582,Nate Freiman,OAK,1B,81,219,199,22.8,6.9,24.7,0.7,47.5,31.0,9.3,0.5,78.3,45.7,14.1,2.8,1.6,0.4
1849,Rickie Weeks,MIL,2B,73,218,192,24.6,5.3,20.5,3.5,44.3,28.9,9.5,0.5,70.9,55.2,18.9,4.0,1.6,1.8
5235,Justin Turner,LAN,1B/2B/SS/3B,72,216,194,20.4,3.1,20.3,2.3,51.4,36.2,11.4,0.6,73.4,36.4,15.2,2.4,1.7,1.2
6806,Josmil Pinto,MIN,C,74,214,192,22.6,6.3,23.8,0.9,47.8,31.0,10.0,0.4,77.6,42.2,17.9,1.4,1.6,0.6
9219,Danny Espinosa,WAS,2B/SS,74,212,193,19.3,4.8,20.3,3.3,41.8,27.4,8.8,0.9,66.8,64.9,12.4,4.1,1.5,1.7
12409,Ryan Rua,TEX,1B/OF,74,210,193,21.2,6.1,23.6,1.8,47.0,31.6,8.8,0.7,75.3,42.9,12.2,2.0,1.6,1.1
3179,Dioner Navarro,TOR,C,74,210,192,22.9,5.6,23.8,1.1,50.2,35.2,9.0,0.4,76.7,31.5,14.4,1.3,1.6,0.7
3256,Welington Castillo,CHN,C,73,209,187,20.5,6.1,22.9,0.7,45.4,29.7,9.4,0.3,73.6,49.3,15.4,3.3,1.5,0.5
4243,Jose Lobaton,WAS,C,74,209,187,18.1,3.4,18.8,0.9,43.6,30.8,8.9,0.5,63.5,49.2,17.7,1.2,1.6,0.5
11376,Michael Choice,TEX,OF,74,207,186,22.2,6.3,23.0,1.4,44.9,30.2,7.9,0.6,72.8,47.5,16.0,2.7,1.6,0.8
7250,Collin Cowgill,LAA,OF,73,207,187,19.8,3.7,18.8,2.4,42.7,30.7,7.5,0.7,62.6,50.6,14.4,2.2,1.6,1.2
6978,Juan Francisco,TOR,1B/3B,74,206,187,23.6,8.9,26.6,1.1,42.2,23.2,9.1,1.0,79.8,69.5,14.9,1.6,1.5,0.7
11147,Tommy Medica,SD,1B/OF,74,202,183,19.9,6.4,22.0,2.4,41.1,25.3,8.2,1.2,71.0,53.3,13.4,2.3,1.5,1.3
sa578013,Devon Travis,FA,2B,56,202,187,22.7,4.8,21.9,4.8,48.2,33.5,8.3,1.6,74.2,29.9,10.8,1.6,1.5,2.6
4792,Jeff Francoeur,FA,OF,74,199,185,17.2,4.7,19.2,2.4,42.3,28.4,8.4,0.7,66.5,45.8,9.4,1.6,1.5,1.3
2505,Hank Conger,LAA,C,74,196,176,19.5,4.9,19.5,1.6,39.9,26.2,8.4,0.5,63.8,43.2,15.1,1.9,1.5,0.9
9767,James Jones,SEA,OF,64,192,178,19.0,2.1,16.4,9.4,42.1,30.9,7.2,2.0,59.6,38.8,10.2,0.9,1.5,3.6
10655,Rob Brantly,MIA,C,73,191,177,17.3,3.0,17.2,0.7,41.1,29.3,8.1,0.6,59.3,32.1,10.4,1.1,1.4,0.4
3978,Chris Heisey,CIN,OF,64,189,175,18.3,5.0,19.8,4.0,41.0,27.1,8.2,0.7,65.3,40.5,9.2,2.3,1.4,2.0
13132,Andrew Susac,SF,C,64,183,163,16.6,4.6,18.4,0.7,36.5,24.5,7.2,0.3,58.2,42.2,16.0,1.7,1.4,0.5
9628,Michael McKenry,COL,C,64,182,163,20.4,6.0,22.4,1.8,43.4,27.9,9.1,0.4,71.2,38.5,15.5,1.6,1.3,1.2
5450,Daniel Nava,BOS,1B/OF,64,182,160,20.4,3.2,18.7,1.6,42.3,29.2,9.7,0.2,61.9,35.8,16.2,3.9,1.3,0.9
10243,Randal Grichuk,STL,OF,64,181,170,17.5,6.0,21.3,2.6,39.5,24.5,8.0,1.0,67.5,38.0,7.6,1.9,1.3,1.6
9345,Brock Holt,BOS,1B/2B/SS/3B/OF,64,181,165,20.1,1.5,16.4,4.2,45.1,33.4,8.7,1.5,61.1,29.6,12.5,1.2,1.3,2.1
10067,Tomas Telis,TEX,C,64,180,170,15.5,2.2,16.4,1.9,41.7,31.2,7.6,0.7,57.4,21.1,5.8,1.2,1.2,1.1
7619,Mark Reynolds,MIL,1B/3B,64,179,156,19.2,7.2,21.6,1.4,33.5,19.7,6.5,0.3,61.9,50.9,19.5,1.6,1.3,0.9
2677,Jordan Pacheco,ARI,C/1B,64,178,164,14.4,1.5,14.5,1.8,39.6,29.0,8.3,0.7,54.0,26.9,8.6,1.6,1.3,0.9
5306,Kristopher Negron,CIN,2B/3B,64,178,164,14.7,3.6,15.6,3.5,34.9,23.8,6.8,0.7,53.9,46.4,9.1,2.3,1.3,1.7
4400,Chris Denorfia,SEA,OF,64,177,161,18.0,3.1,16.9,3.3,42.1,30.0,7.7,1.2,61.5,32.3,13.2,0.9,1.3,1.7
6938,Eric Campbell,NYN,1B/3B/OF,64,177,157,15.0,2.9,15.6,2.4,36.9,26.3,7.4,0.3,53.6,35.6,15.1,2.0,1.4,1.3
9682,Adam Rosales,TEX,1B/2B/SS/3B,64,177,162,17.2,3.6,17.5,1.9,38.6,27.2,7.1,0.6,57.5,38.3,11.1,1.8,1.3,1.1
5254,Robbie Grossman,HOU,OF,64,177,154,18.3,3.1,15.2,4.4,36.4,25.5,7.2,0.6,53.9,41.2,18.9,1.2,1.2,2.8
3231,Brayan Pena,CIN,C/1B,64,177,164,14.7,2.8,16.4,1.6,41.1,29.9,8.0,0.5,58.4,22.0,8.7,0.9,1.4,0.9
9883,Jordan Schafer,MIN,OF,64,176,155,18.0,1.6,13.5,14.3,36.0,26.8,6.5,1.1,49.5,39.0,16.1,1.0,1.3,5.8
2578,Peter Bourjos,STL,OF,64,175,159,17.4,3.2,16.4,4.2,37.5,25.6,6.8,1.9,58.0,43.7,11.4,2.4,1.3,1.9
10698,Mike Olt,CHN,1B/3B,64,174,156,17.3,6.9,20.0,1.0,31.6,18.3,6.1,0.3,59.0,57.5,15.4,1.2,1.3,0.6
5587,Carlos Corporan,HOU,C,64,174,158,17.8,4.7,18.7,1.1,37.4,25.3,6.9,0.4,59.2,39.0,10.6,2.7,1.4,0.7
6352,Ryan Sweeney,CHN,OF,62,174,158,17.5,2.8,16.6,1.1,41.8,29.1,9.1,0.8,60.8,28.2,12.6,1.0,1.2,0.6
4063,Anthony Recker,NYN,C,64,173,157,15.3,5.4,17.6,1.8,32.4,20.3,6.5,0.3,55.7,53.4,12.8,1.2,1.4,1.1
5408,Jake Smolinski,TEX,OF,63,173,155,17.7,3.8,18.0,1.6,37.3,25.2,7.5,0.7,57.6,33.6,13.2,2.0,1.4,1.0
6848,Eduardo Nunez,MIN,SS/3B/OF,64,173,161,17.2,2.2,16.4,6.0,41.6,30.2,7.3,1.8,59.3,26.8,8.5,1.2,1.3,2.6
3704,Skip Schumaker,CIN,2B/OF,63,173,157,14.4,1.4,13.3,1.6,38.4,29.0,7.6,0.4,51.0,30.8,12.3,1.4,1.3,1.0
12371,Tommy La Stella,ATL,2B,64,173,154,16.8,1.8,15.2,1.6,42.1,30.8,8.7,0.8,57.8,18.0,15.4,1.1,1.3,0.9
4365,Scott Van Slyke,LAN,1B/OF,64,172,151,18.2,5.8,19.9,2.2,35.5,22.0,7.3,0.4,61.1,45.0,17.0,1.8,1.4,1.3
1101,Ichiro Suzuki,NYA,OF,64,172,160,17.1,1.1,12.2,5.6,42.8,34.3,6.1,1.3,54.8,25.1,8.2,0.8,1.1,1.8
12984,Jackie Bradley Jr.,BOS,OF,64,170,152,18.7,2.5,16.3,3.5,36.5,23.6,9.3,0.9,55.2,39.9,13.9,1.9,1.3,1.5
10556,Cesar Hernandez,PHI,2B/3B/OF,64,169,155,13.3,1.2,13.1,4.4,38.4,30.0,5.9,1.3,50.6,31.7,10.0,0.6,1.3,2.5
6589,Sean Rodriguez,TB,1B/2B/SS/3B/OF,64,169,154,15.9,4.0,17.7,2.1,36.3,23.3,8.1,0.9,58.6,39.6,10.1,2.4,1.3,1.1
6740,Johnny Giavotella,KC,2B,64,169,155,16.8,2.2,16.0,2.9,40.2,29.5,8.2,0.4,55.8,20.2,11.0,1.1,1.2,1.7
2802,Tony Cruz,STL,C,64,168,155,13.8,2.1,14.5,1.8,35.1,24.8,7.7,0.6,50.4,31.9,10.1,1.1,1.3,1.2
1760,Cody Ross,ARI,OF,62,168,153,16.2,4.1,17.4,1.1,38.4,25.8,8.1,0.4,59.7,33.9,12.2,1.4,1.2,0.6
5305,Alex Presley,HOU,OF,63,167,153,18.5,3.7,16.6,3.2,40.1,28.2,6.7,1.6,61.2,30.4,10.3,1.2,1.2,1.8
6887,Martin Maldonado,MIL,C/1B,64,167,151,15.0,4.3,16.4,1.0,32.9,22.1,6.1,0.4,52.8,41.7,11.4,2.0,1.3,0.6
1159,Andrew Romine,DET,2B/SS/3B,64,166,151,15.1,1.4,13.1,4.8,35.5,28.3,5.2,0.6,45.8,32.1,10.5,1.2,1.3,2.3
4793,Travis Ishikawa,SF,1B/OF,64,166,148,15.2,3.4,16.3,0.8,35.2,23.6,7.4,0.8,54.4,42.1,12.7,1.9,1.2,0.4
3190,Nate McLouth,WAS,OF,63,166,147,16.9,3.1,16.1,5.5,35.7,24.5,7.6,0.6,53.9,29.3,14.5,1.7,1.2,2.1
11287,Bryan Holaday,DET,C,64,165,152,14.8,2.2,14.9,1.2,35.6,25.8,6.9,0.8,50.5,31.6,8.3,1.7,1.3,0.7
11146,Cameron Rupp,PHI,C,64,164,151,12.8,3.9,14.5,0.7,30.5,20.0,6.3,0.3,49.1,48.7,9.5,1.3,1.3,0.5
5223,Cameron Maybin,SD,OF,63,162,147,15.3,2.4,13.1,3.7,35.0,25.1,6.3,1.2,51.0,32.3,12.2,1.1,1.2,1.7
5942,Jesus Sucre,SEA,C,64,162,153,13.4,1.5,12.7,2.0,33.9,26.1,5.7,0.6,45.0,28.0,5.6,1.0,1.3,1.0
13419,Christian Walker,BAL,1B,64,162,149,17.2,5.5,18.5,0.8,36.9,24.5,6.5,0.4,60.7,36.2,9.7,1.2,1.2,0.5
3817,Joaquin Arias,SF,1B/2B/SS/3B,64,162,153,12.3,1.2,13.8,1.3,38.2,29.1,7.3,0.7,50.4,22.3,6.0,1.3,1.3,0.7
5751,Hernan Perez,DET,2B,64,162,153,16.0,1.8,14.1,4.7,38.1,28.5,6.4,1.2,52.5,19.7,6.1,0.9,1.2,2.2
1556,Wil Nieves,PHI,C,60,159,150,11.1,1.7,12.5,1.0,33.3,25.1,6.2,0.3,45.3,34.5,6.0,1.0,1.2,0.6
6073,Brendan Ryan,NYA,1B/2B/SS,63,158,144,13.2,1.3,11.4,2.7,29.5,21.9,6.0,0.3,40.1,33.9,10.5,1.6,1.2,1.3
9048,Ezequiel Carrera,DET,OF,54,144,132,15.4,1.8,13.4,9.0,34.1,25.9,4.9,1.5,47.3,25.0,9.2,1.1,1.1,3.6
9744,Justin Bour,MIA,1B,54,143,130,14.4,4.2,15.8,1.0,32.1,21.2,6.4,0.2,51.5,25.6,10.2,0.8,1.1,0.5
8623,Donovan Solano,MIA,2B,54,142,129,12.3,1.3,11.2,1.1,32.6,24.9,5.9,0.6,43.5,24.3,8.0,1.5,1.1,0.6
5497,Marwin Gonzalez,HOU,2B/SS/3B,54,141,131,13.2,2.1,12.5,2.4,31.3,22.2,6.4,0.4,44.8,24.1,7.3,1.0,1.1,1.2
3411,Drew Butera,LAN,C,54,140,128,12.0,1.9,11.2,1.4,25.0,17.7,4.8,0.6,36.5,31.5,8.8,1.4,1.1,0.6
1066,Willie Bloomquist,FA,1B/2B/SS/3B/OF,52,138,129,12.6,1.0,11.2,1.9,33.3,26.0,5.9,0.6,43.0,24.3,6.0,0.8,1.1,1.1
10053,Grant Green,LAA,2B/3B/OF,54,134,125,13.3,2.3,13.5,1.9,31.9,22.7,6.3,0.5,46.5,25.5,6.1,1.0,1.0,1.2
6003,Jose Constanza,ATL,OF,54,132,121,10.3,0.8,10.0,5.1,31.8,26.6,3.7,0.6,39.0,19.0,7.6,0.5,1.1,2.5
7927,Eric Sogard,OAK,2B/SS,54,132,118,13.4,1.3,11.5,4.3,29.8,22.0,6.0,0.5,40.6,16.4,10.4,0.9,1.0,1.9
5491,Austin Romine,NYA,C,54,132,122,12.2,2.7,12.4,0.9,27.3,19.1,5.3,0.2,41.1,27.4,8.2,0.8,1.0,0.5
sa548088,Miguel Sano,FA,3B,43,131,117,16.5,6.8,18.3,2.2,28.6,15.6,5.5,0.6,55.8,36.1,10.0,1.2,1.0,1.2
2832,Rafael Ynoa,COL,3B,42,126,116,12.2,1.4,11.2,2.2,29.4,21.7,5.7,0.6,40.6,21.0,7.5,0.5,0.9,1.3
6677,J.B. Shuck,CLE,OF,42,122,111,11.7,1.2,10.3,2.0,28.2,21.9,4.4,0.8,37.6,12.3,8.7,0.6,0.9,1.2
14335,Dilson Herrera,NYN,2B,39,120,110,11.1,2.7,11.2,2.4,26.3,18.3,4.7,0.7,40.4,24.9,6.8,0.9,0.9,1.5
6453,Andy Dirks,DET,OF,42,117,105,13.1,2.8,12.6,1.6,28.0,19.5,5.0,0.6,42.8,21.2,8.8,0.8,0.9,0.8
4672,Junior Lake,CHN,OF,42,115,107,11.2,3.0,11.6,2.8,25.1,16.7,4.7,0.6,40.1,31.4,5.7,0.9,0.8,1.4
12147,Nick Ahmed,ARI,SS,42,115,107,9.0,1.1,9.2,2.8,24.6,17.9,4.9,0.7,34.3,16.9,5.7,0.7,0.9,1.5
3917,Dayan Viciedo,CHA,OF,42,115,105,12.7,4.5,14.7,0.3,26.5,17.0,4.5,0.4,45.4,24.3,6.8,1.0,0.9,0.2
12701,Billy Burns,OAK,OF,42,114,103,10.4,0.5,8.5,6.8,23.6,18.6,3.9,0.6,30.3,18.3,8.1,1.0,0.8,2.7
3395,Cliff Pennington,ARI,2B/SS/3B,42,114,102,10.8,1.2,9.2,2.1,25.0,18.1,4.7,0.9,35.4,21.5,9.2,1.0,0.8,0.9
12723,Tyler Collins,DET,OF,42,114,104,12.9,3.8,13.3,1.8,25.4,16.7,4.2,0.5,42.3,23.2,7.6,0.9,0.9,1.0
9959,Alex Hassan,BOS,OF,42,114,101,12.1,2.0,11.3,0.7,24.8,17.2,5.4,0.3,36.6,28.1,10.6,1.0,0.9,0.4
12859,James McCann,DET,C,42,114,106,10.4,1.7,10.8,1.3,25.6,18.0,5.6,0.3,36.6,21.6,4.4,1.3,0.9,0.7
13836,Matt Duffy,SF,2B/SS,42,114,105,9.7,1.0,9.5,3.0,25.9,19.7,4.6,0.6,34.7,19.0,6.8,0.9,0.8,1.5
7528,Kevin Frandsen,WAS,1B/2B/3B/OF,42,114,106,10.6,1.0,10.5,0.8,28.7,21.9,5.5,0.3,38.0,12.6,3.9,2.2,0.8,0.5
5248,Alexi Casilla,BAL,2B,42,114,105,10.5,0.9,8.9,3.6,25.1,18.6,5.3,0.4,33.8,19.0,6.4,0.8,0.8,1.6
11608,Garin Cecchini,BOS,3B,42,114,102,12.4,1.6,11.6,2.3,26.8,18.5,6.1,0.6,39.2,22.6,9.4,1.1,0.8,1.1
11385,Matt den Dekker,NYN,OF,42,112,101,10.2,2.2,10.3,2.7,24.0,16.1,5.2,0.6,36.9,24.6,8.2,0.9,0.9,1.4
12294,Cory Spangenberg,SD,3B,42,112,104,10.4,1.4,9.1,4.4,26.2,19.2,4.3,1.3,37.2,22.4,5.1,0.7,0.8,2.3
6266,Daniel Robertson,TEX,OF,42,112,101,11.2,1.0,9.0,3.0,24.5,18.6,4.4,0.6,32.9,16.5,8.3,1.0,0.8,1.5
5913,Leury Garcia,CHA,2B/SS/3B/OF,42,112,105,9.7,1.1,8.5,5.3,22.2,16.9,3.7,0.6,30.5,28.2,5.2,0.7,0.8,2.4
9542,Steve Clevenger,BAL,C,42,111,101,11.0,1.9,10.7,0.5,25.7,17.8,5.7,0.3,37.6,17.5,8.0,0.5,0.9,0.3
10299,Eury Perez,NYA,OF,42,111,104,9.3,1.2,8.9,4.9,26.2,20.6,4.0,0.5,34.5,20.0,3.6,1.5,0.8,2.4
sa657851,Byron Buxton,FA,OF,29,111,101,11.2,2.2,10.8,4.9,24.5,17.2,4.1,1.1,37.3,25.9,6.8,0.8,0.8,2.6
4249,Shane Robinson,STL,OF,42,111,99,10.5,1.3,9.9,1.9,24.7,18.2,4.6,0.5,34.3,16.9,9.3,0.8,0.8,1.0
4779,Rymer Liriano,SD,OF,42,111,100,9.5,2.2,10.0,2.7,22.5,15.5,4.4,0.5,34.4,28.0,6.8,1.3,0.8,1.4
9308,Josh Phegley,CHA,C,42,110,102,11.4,3.5,12.8,0.5,24.4,15.7,4.8,0.4,40.4,19.0,4.6,1.2,0.9,0.3
7244,Tyler Moore,WAS,1B/OF,42,110,100,11.9,4.2,13.8,0.6,24.1,14.6,5.0,0.2,42.3,29.0,7.7,0.9,0.8,0.3
7324,Chris Gimenez,CLE,C/1B,42,110,99,10.0,1.6,9.5,0.6,22.3,15.8,4.5,0.3,32.0,23.3,9.4,0.7,0.8,0.4
3298,Charlie Culberson,COL,2B/SS/3B/OF,42,110,103,10.8,2.4,11.8,2.3,26.0,17.7,5.0,0.7,39.9,24.3,4.3,1.0,0.8,1.3
5386,Andrew Lambo,PIT,OF,42,110,101,12.1,4.5,14.2,1.2,25.4,15.6,5.0,0.4,44.5,24.4,7.0,0.8,0.8,0.7
6153,Eduardo Escobar,MIN,2B/SS/3B,42,110,102,10.7,1.4,10.1,1.3,25.6,18.0,5.6,0.5,36.4,21.7,5.9,0.6,0.8,0.6
4006,Justin Sellers,CLE,2B/SS,42,110,101,9.3,1.2,8.9,0.8,21.9,15.5,4.9,0.3,31.0,18.3,6.1,1.1,0.8,0.5
6400,Kirk Nieuwenhuis,NYN,OF,42,109,97,10.5,3.2,11.2,1.8,21.9,13.1,4.9,0.5,37.6,29.6,9.1,0.7,0.8,1.0
9284,Chris Herrmann,MIN,C/OF,42,109,98,10.2,1.7,9.6,1.2,22.2,15.6,4.3,0.6,32.8,23.2,8.8,0.6,0.9,0.6
5485,Jose Pirela,NYA,SS,42,109,101,11.3,2.3,11.0,2.3,25.1,17.7,4.0,1.0,38.0,14.9,5.8,0.8,0.8,1.1
10542,Derek Dietrich,MIA,2B,42,109,99,11.3,3.6,12.4,0.7,24.2,15.0,4.6,0.9,41.4,22.8,6.2,2.5,0.8,0.4
10200,Tucker Barnhart,CIN,C,42,109,99,8.5,1.3,8.6,0.5,21.9,16.2,4.0,0.5,30.7,17.1,7.5,0.6,0.8,0.4
10622,Zach Walters,CLE,2B/OF,42,109,102,12.0,4.8,14.5,0.7,23.9,13.7,4.8,0.6,44.3,28.7,4.8,0.8,0.9,0.4
6013,Cristhian Adames,COL,SS,42,109,101,10.1,0.9,9.0,1.9,25.3,19.3,4.3,0.7,33.8,18.1,5.9,0.6,0.8,1.2
6178,Tony Sanchez,PIT,C,42,108,98,9.5,2.6,10.6,0.3,21.8,14.3,4.7,0.1,34.6,26.9,7.4,1.3,0.8,0.2
6274,Carlos Quentin,SD,OF,41,108,95,11.7,3.6,12.2,0.5,22.3,13.2,5.2,0.2,38.7,20.2,9.6,2.4,0.8,0.3
5432,Elian Herrera,MIL,2B/SS/3B/OF,42,108,99,8.9,0.8,8.2,2.3,23.1,17.7,4.1,0.6,30.6,22.6,6.6,0.8,0.8,1.2
3441,Nolan Reimold,ARI,OF,41,108,98,10.0,3.3,10.8,1.2,20.9,13.5,4.0,0.3,35.3,32.1,8.0,0.6,0.8,0.6
8392,Daniel Descalso,STL,2B/SS/3B,42,108,96,11.1,1.3,10.4,2.0,25.4,17.4,6.1,0.5,36.5,18.2,9.1,1.0,0.9,1.1
3390,John Mayberry,TOR,1B/OF,42,108,98,9.9,3.1,11.2,0.8,21.8,13.8,4.7,0.2,36.2,25.1,8.4,0.8,0.8,0.5
2411,Jose Tabata,PIT,OF,42,108,98,11.6,1.1,9.1,1.5,27.0,19.6,5.4,0.7,37.3,14.9,6.9,1.4,0.8,0.9
11746,Stefen Romero,SEA,OF,42,108,101,11.3,3.1,11.8,1.5,24.3,16.4,4.2,0.7,39.2,23.5,4.0,1.4,0.8,1.0
3442,Dan Uggla,FA,2B,42,108,94,9.8,2.9,10.2,0.6,18.0,11.6,3.2,0.3,30.7,31.9,11.9,1.5,0.8,0.3
6364,Danny Valencia,TOR,1B/2B/3B,42,107,100,11.1,3.0,12.2,0.7,24.3,15.6,5.3,0.3,39.4,22.4,5.4,0.5,0.8,0.5
5481,Jimmy Paredes,BAL,3B/OF,42,107,101,10.0,2.0,10.2,3.3,24.5,17.3,4.7,0.5,36.2,26.2,4.4,0.5,0.8,1.6
10346,JR Murphy,NYA,C,42,107,99,10.7,2.9,11.2,0.7,22.6,14.9,4.6,0.2,36.4,20.8,6.4,0.6,0.8,0.4
10472,Enrique Hernandez,MIA,SS/OF,42,107,99,9.5,2.1,10.2,1.1,23.1,16.1,4.5,0.4,34.5,13.8,6.0,0.8,0.8,0.8
9741,Ben Paulsen,COL,1B,42,107,98,11.9,3.8,13.2,0.9,24.3,15.0,4.8,0.7,41.9,27.2,6.9,0.7,0.8,0.5
7937,Logan Schafer,MIL,OF,42,107,96,9.8,1.5,9.6,2.0,22.6,15.2,4.9,0.8,33.9,19.7,8.1,1.0,0.8,1.0
5273,Sandy Leon,WAS,C,42,107,97,8.8,1.7,9.0,0.5,20.4,14.5,4.0,0.2,29.8,22.2,8.3,0.7,0.8,0.3
12510,Curt Casali,TB,C,42,107,94,9.5,1.8,9.0,0.4,20.0,13.9,4.1,0.2,29.8,24.7,8.8,1.3,0.8,0.3
2900,Roberto Perez,CLE,C,42,106,94,9.4,1.4,8.3,0.8,18.7,12.9,4.2,0.2,27.5,27.7,9.4,0.9,0.8,0.4
10289,Hector Sanchez,SF,C,42,106,98,8.9,2.0,10.0,0.8,21.9,15.2,4.6,0.2,33.0,25.4,5.4,1.1,0.8,0.4
13153,Luis Sardinas,TEX,2B/SS/3B,42,106,100,8.2,0.5,8.3,3.0,24.1,18.8,4.3,0.4,31.0,16.2,3.8,0.7,0.8,1.6
7409,Xavier Scruggs,STL,1B,42,106,95,10.7,3.3,11.6,1.0,21.2,13.3,4.3,0.3,36.0,28.6,8.7,1.4,0.8,0.6
2073,Jeff Baker,MIA,1B/2B/3B/OF,42,106,98,10.0,2.0,10.3,1.0,23.9,16.2,4.8,0.9,36.6,25.3,6.4,0.8,0.8,0.5
11763,Kyle Parker,COL,OF,42,106,98,11.9,3.5,13.0,1.1,25.6,17.1,4.6,0.4,41.8,21.7,5.5,0.8,0.8,0.6
1698,Gerald Laird,ATL,C,42,106,96,8.5,1.1,8.5,0.7,22.1,15.8,4.9,0.3,31.0,19.4,8.0,1.0,0.8,0.5
5677,A.J. Ellis,LAN,C,41,106,90,9.2,1.7,9.0,0.4,20.5,14.9,3.7,0.1,29.7,20.0,12.6,1.0,0.8,0.3
1829,Koyie Hill,FA,C,42,106,97,7.4,1.3,7.7,0.7,19.3,13.7,4.1,0.2,27.6,26.4,6.7,0.5,0.8,0.4
10950,Adam Duvall,SF,1B,42,106,98,10.1,3.8,12.5,0.6,21.7,13.4,4.0,0.4,37.9,23.2,5.7,1.1,0.8,0.3
2430,Darwin Barney,LAN,2B,42,106,97,8.6,1.0,8.4,0.8,22.5,16.8,4.4,0.3,30.6,13.4,6.2,0.9,0.8,0.5
10071,Jonathan Villar,HOU,SS,42,106,95,11.0,2.2,9.5,6.4,21.1,14.7,3.7,0.7,32.6,27.9,8.2,0.6,0.8,2.6
9312,Ryan Wheeler,FA,1B/3B,42,105,98,11.1,2.9,12.2,0.8,25.8,17.6,4.8,0.3,40.2,20.8,5.8,0.5,0.8,0.4
9854,Efren Navarro,LAA,1B/OF,42,105,95,10.1,1.3,9.6,1.0,23.5,16.9,4.8,0.4,32.9,18.2,8.0,0.5,0.8,0.6
6962,Ryan Kalish,CHN,OF,42,105,96,10.1,2.0,10.2,2.8,22.8,15.7,4.0,1.0,35.0,24.4,7.2,0.7,0.8,1.4
4704,Donnie Murphy,FA,1B/2B/3B,42,104,94,10.9,3.5,11.9,0.9,21.2,13.0,4.3,0.3,36.8,27.1,6.1,1.6,0.8,0.5
6341,Luis Jimenez,LAA,3B,42,104,98,10.0,2.8,10.9,1.8,23.0,14.8,5.1,0.3,37.2,19.0,3.7,1.0,0.8,1.0
15670,Alex Guerrero,LAN,2B,41,104,97,10.4,3.2,11.7,1.4,23.7,15.8,4.2,0.6,38.3,19.9,4.6,1.0,0.8,0.8
6656,L.J. Hoes,HOU,OF,42,103,93,10.0,1.5,9.2,1.9,22.6,16.5,4.2,0.3,32.0,18.9,8.2,0.8,0.8,1.1
5514,Jesus Montero,SEA,C,42,103,94,11.3,3.7,12.8,0.4,23.8,15.5,4.3,0.3,39.9,20.4,6.4,0.5,0.8,0.3
2539,Pete Kozma,STL,2B/SS,42,103,93,8.4,1.3,8.5,1.3,20.8,14.7,4.6,0.2,29.5,17.8,7.2,0.6,0.8,0.8
10154,Donald Lutz,CIN,1B/OF,42,102,94,9.6,3.2,11.0,1.3,21.0,13.4,3.8,0.5,35.8,28.3,5.3,1.1,0.8,0.6
5963,Xavier Paul,FA,OF,42,102,93,10.3,2.8,10.9,1.2,23.1,14.9,4.8,0.5,37.4,25.2,7.2,0.8,0.8,0.5
8298,Francisco Pena,KC,C,42,102,96,10.1,3.4,11.2,0.7,20.9,13.2,4.1,0.3,35.8,18.0,4.4,0.9,0.8,0.5
7802,Miguel Rojas,LAN,SS/3B,42,102,94,7.0,0.8,7.5,1.3,20.5,16.1,3.3,0.3,26.8,14.2,5.3,0.8,0.8,0.8
2650,Corey Brown,FA,OF,42,102,93,11.7,3.5,12.4,1.7,21.7,13.0,4.8,0.5,37.9,30.9,7.1,0.7,0.8,0.9
10294,Adrian Nieto,CHA,C,42,102,92,9.7,2.1,9.4,1.4,19.9,13.6,3.9,0.2,30.8,24.9,7.2,0.8,0.8,0.7
8353,Dean Anna,FA,SS,42,102,91,9.3,1.6,9.2,0.9,21.6,15.2,4.3,0.6,31.7,14.0,8.7,1.2,0.8,0.5
2234,Kelly Johnson,BAL,1B/2B/3B/OF,42,102,91,9.8,2.8,10.4,1.5,20.6,13.3,3.9,0.5,34.1,25.9,9.7,0.8,0.8,0.7
8385,Pedro Florimon,WAS,SS,42,102,93,8.6,1.2,8.2,3.1,19.9,14.4,3.9,0.5,28.3,25.8,6.7,0.6,0.8,1.5
10951,Greg Garcia,STL,2B,42,102,91,9.6,1.4,8.7,1.7,21.5,15.7,4.0,0.5,30.5,20.5,8.2,1.5,0.8,1.0
13658,Terrance Gore,KC,OF,42,102,94,8.2,0.5,7.2,5.7,19.8,15.6,3.2,0.4,25.4,23.6,5.4,1.1,0.8,2.6
11391,Tyler Holt,CLE,OF,42,102,92,9.0,0.5,7.3,3.7,21.0,16.4,3.8,0.3,26.9,20.8,7.6,0.7,0.7,1.7
4450,Steve Tolleson,TOR,2B/3B/OF,42,102,93,10.3,1.6,9.6,2.1,22.0,15.7,4.2,0.6,32.1,23.3,7.4,0.8,0.8,1.0
2264,Hector Gomez,MIL,SS/3B,42,102,96,8.3,2.0,9.4,1.1,20.5,13.8,4.1,0.7,31.7,21.8,3.8,1.1,0.7,0.7
8793,Matthew Clark,MIL,1B,42,102,92,11.9,5.1,14.1,0.5,23.3,14.1,3.9,0.2,43.1,24.2,7.3,0.9,0.8,0.3
4293,Brett Hayes,FA,C,42,102,96,9.8,2.9,10.8,0.9,21.1,13.3,4.5,0.4,35.2,26.3,4.6,0.7,0.8,0.5
10593,Joey Terdoslavich,ATL,1B/OF,42,102,94,9.4,2.9,10.8,0.7,22.3,14.7,4.5,0.2,36.1,23.4,6.9,0.5,0.8,0.4
5653,Ryan Roberts,FA,2B/3B,42,102,92,9.7,2.0,9.5,1.0,21.7,15.1,4.4,0.3,32.3,20.7,7.4,0.5,0.8,0.6
11854,Steven Moya,DET,OF,42,102,96,11.4,4.2,13.1,2.0,22.6,13.9,4.0,0.6,40.4,28.3,3.6,0.5,0.8,1.2
3448,Jeff Mathis,MIA,C,42,102,93,7.6,1.6,8.2,0.4,18.3,12.5,3.9,0.3,28.0,31.1,6.9,0.6,0.8,0.3
9689,Josh Thole,TOR,C,42,102,91,9.8,1.5,9.5,1.0,22.5,16.1,4.5,0.4,32.1,17.2,8.7,0.7,0.8,0.5
7226,Matt Davidson,CHA,3B,42,101,90,10.5,3.8,11.2,0.3,18.9,11.4,3.7,0.1,34.1,29.1,7.2,1.3,0.8,0.2
10642,Carlos Perez,FA,C,42,101,92,8.8,1.3,8.4,0.7,20.4,14.6,4.2,0.3,29.3,17.0,5.9,0.5,0.8,0.5
sa500820,Trayce Thompson,CHA,OF,42,101,90,10.8,3.7,11.3,2.5,19.1,11.3,3.7,0.4,34.7,27.8,7.5,0.9,0.8,1.3
15937,Aledmys Diaz,STL,SS,42,100,93,9.3,2.0,10.0,1.9,23.3,16.0,4.9,0.4,34.9,19.3,4.1,0.9,0.8,1.3
1551,David Ross,BOS,C,41,100,89,8.8,2.8,9.9,0.8,18.4,11.7,3.8,0.3,30.9,33.2,8.2,0.6,0.7,0.6
4403,Erik Kratz,KC,C,42,100,92,10.1,3.2,11.2,0.6,21.3,13.6,4.4,0.2,35.7,20.2,5.9,0.8,0.8,0.3
sa501614,Michael Ohlman,BAL,C,42,100,90,9.1,1.6,8.5,0.6,20.0,14.0,4.2,0.3,29.3,21.6,7.2,0.6,0.8,0.3
sa597790,Blake Swihart,FA,C,42,100,93,10.3,1.7,10.2,1.4,22.7,15.6,4.9,0.6,33.8,19.0,5.4,0.5,0.8,0.8
11145,Christian Colon,KC,2B/3B,42,100,92,9.7,1.5,9.1,2.3,23.3,18.0,3.6,0.3,32.2,10.2,5.4,0.8,0.8,1.2
8879,Ryan Lavarnway,BOS,C/1B,42,100,89,11.2,2.5,11.4,0.4,22.8,15.4,4.6,0.1,35.5,19.4,7.6,1.2,0.7,0.2
10822,Todd Cunningham,ATL,OF,42,100,92,8.1,1.1,8.2,2.5,22.3,16.9,3.8,0.4,30.4,16.9,5.1,1.2,0.8,1.4
8631,Cord Phelps,FA,2B,42,100,90,10.4,2.2,9.9,1.1,21.9,14.9,4.1,0.6,33.7,17.9,8.0,0.7,0.8,0.8
6777,Tyler Pastornicky,ATL,2B,42,100,92,8.4,1.3,8.6,2.0,22.8,17.2,3.7,0.6,31.4,16.0,5.6,0.6,0.8,1.1
sa526553,Hunter Morris,MIL,1B,42,100,93,10.5,3.9,12.0,0.4,22.4,13.6,4.5,0.4,39.5,22.0,4.8,0.7,0.7,0.2
sa548171,Delino Deshields Jr.,FA,OF,42,100,90,9.8,1.5,8.8,6.1,20.2,14.7,3.4,0.6,29.1,21.7,7.6,1.0,0.8,3.0
7316,Darin Mastroianni,FA,OF,42,100,91,9.4,1.2,8.5,3.2,20.7,15.4,3.9,0.3,28.8,22.8,6.5,0.9,0.8,1.5
1830,Clint Barmes,PIT,2B/SS,41,100,91,7.5,1.3,7.9,0.7,19.4,14.1,3.8,0.3,27.7,21.0,5.5,1.3,0.8,0.5
8418,Ehire Adrianza,SF,2B/SS,42,100,91,7.9,0.8,7.7,1.9,20.1,14.5,4.2,0.5,27.7,18.6,6.4,0.8,0.7,1.1
sa577782,Mikie Mahtook,FA,OF,42,100,92,9.3,1.7,9.1,2.2,21.0,14.7,4.0,0.7,31.5,23.7,5.5,1.3,0.8,1.1
10329,Reymond Fuentes,SD,OF,42,100,91,9.8,1.3,8.8,4.0,22.6,16.6,4.0,0.7,31.9,19.2,7.1,0.8,0.8,1.8
sa526811,Mark Canha,FA,1B,42,100,90,10.6,2.6,10.8,0.6,22.0,14.7,4.4,0.3,35.0,22.0,7.4,1.3,0.8,0.3
sa526949,Cody Stanley,FA,C,42,100,93,8.8,1.9,9.3,1.3,21.5,15.5,3.6,0.5,31.8,17.5,5.0,0.8,0.8,0.6
11850,Tyler Austin,FA,OF,42,100,91,10.3,2.3,10.2,1.3,22.1,15.0,4.2,0.6,34.4,20.3,6.5,0.6,0.8,0.7
5371,Juan Perez,SF,OF,42,100,93,8.4,1.5,9.0,2.1,21.6,15.1,4.7,0.3,31.6,20.4,4.2,1.0,0.8,1.3
14441,Henry Urrutia,BAL,OF,42,100,94,10.0,1.8,10.0,0.8,25.1,18.2,4.8,0.4,36.1,20.5,4.3,0.4,0.8,0.5
6008,Reynaldo Navarro,FA,SS,42,100,93,8.5,1.9,9.1,1.2,21.7,15.5,4.0,0.3,32.0,12.8,5.0,0.5,0.7,0.8
sa455741,Cesar Puello,NYN,OF,42,100,91,9.1,2.4,9.5,2.4,20.7,14.0,3.9,0.3,32.4,22.0,5.1,2.5,0.8,1.2
49,Kyle Blanks,OAK,1B/OF,41,99,89,11.7,3.7,12.2,0.6,22.4,13.9,4.6,0.3,38.5,24.8,7.9,1.3,0.7,0.3
5422,Steve Lombardozzi,BAL,2B/OF,30,79,74,6.6,0.5,6.6,1.2,19.2,14.8,3.5,0.5,25.0,9.9,3.1,0.6,0.6,0.7
11739,J.T. Realmuto,MIA,C,29,78,72,6.7,1.3,7.2,1.5,16.8,11.8,3.3,0.5,25.0,13.0,4.8,0.5,0.6,0.9
8609,Tim Federowicz,LAN,C,29,77,71,6.2,1.6,6.8,0.3,15.0,10.1,3.2,0.1,23.3,19.3,5.1,0.5,0.6,0.2
12552,Eugenio Suarez,DET,SS,29,75,68,6.3,1.5,6.8,1.3,15.5,10.7,3.1,0.3,23.5,17.0,5.0,0.9,0.6,0.9
sa505993,Christian Villanueva,CHN,3B,28,71,66,6.5,1.8,7.1,0.7,14.4,9.1,3.4,0.1,23.5,16.3,3.7,0.8,0.5,0.4
sa599392,Kevan Smith,FA,C,29,69,63,6.8,1.7,7.0,0.4,14.5,9.8,2.7,0.3,22.7,13.7,4.2,0.9,0.5,0.2
7290,Jake Elmore,CIN,2B/SS/OF,29,67,60,5.5,0.5,5.2,1.6,14.4,11.0,2.7,0.2,19.0,10.3,5.6,0.5,0.5,1.0
13152,Jorge Polanco,MIN,2B,27,65,60,5.9,0.7,5.6,1.3,14.4,10.6,2.6,0.5,20.2,10.6,3.5,0.4,0.5,0.8
10416,Wilfredo Tovar,NYN,SS,25,63,58,4.8,0.5,4.6,1.3,12.9,10.0,2.3,0.3,17.0,6.8,3.2,0.7,0.5,0.8
sa577327,Peter O'Brien,FA,C,21,57,53,6.4,3.1,7.7,0.2,12.2,6.5,2.4,0.2,24.4,15.7,2.8,0.5,0.4,0.1
sa500806,Tommy Joseph,PHI,C,21,52,47,4.7,1.7,5.3,0.4,10.5,6.6,2.0,0.2,17.9,10.6,2.7,0.4,0.4,0.3
9922,Yorman Rodriguez,CIN,OF,19,48,44,3.9,1.0,4.2,0.8,9.7,6.8,1.7,0.3,14.6,13.2,2.6,0.2,0.3,0.5
sa549555,Gary Sanchez,NYA,C,19,44,40,4.6,1.5,4.9,0.3,9.3,6.0,1.7,0.0,15.7,9.1,2.7,0.4,0.3,0.2
